# This file uses centimeters as units for non-parametric coordinates.

mtllib Door.mtl
g default
v -0.225405 -4.378798 2.753662
v 0.000000 -4.378798 2.753662
v 0.225405 -4.378798 2.753662
v -0.225405 -3.405732 2.753662
v 0.000000 -3.405732 2.753662
v 0.225405 -3.405732 2.753662
v -0.225405 -2.432665 2.753662
v 0.000000 -2.432665 2.753662
v 0.225405 -2.432665 2.753662
v -0.225405 -1.459599 2.753662
v 0.000000 -1.459599 2.753662
v 0.225405 -1.459599 2.753662
v -0.225405 -0.486533 2.753662
v 0.000000 -0.486533 2.753662
v 0.225405 -0.486533 2.753662
v -0.225405 0.486533 2.753662
v 0.000000 0.486533 2.753662
v 0.225405 0.486533 2.753662
v -0.225405 1.459599 2.753662
v 0.000000 1.459599 2.753662
v 0.225405 1.459599 2.753662
v -0.225405 2.432665 2.753662
v 0.000000 2.432665 2.753662
v 0.225405 2.432665 2.753662
v -0.225405 3.405732 2.753662
v 0.000000 3.405732 2.753662
v 0.225405 3.405732 2.753662
v -0.225405 4.378798 2.753662
v 0.000000 4.378798 2.753662
v 0.225405 4.378798 2.753662
v -0.225398 4.378798 2.141737
v 0.225398 4.378798 2.141737
v -0.225398 4.378798 1.529812
v 0.225398 4.378798 1.529812
v -0.225398 4.378798 0.917887
v 0.225398 4.378798 0.917887
v -0.225398 4.378798 0.305963
v 0.225398 4.378798 0.305963
v -0.225398 4.378798 -0.305962
v 0.225398 4.378798 -0.305962
v -0.225398 4.378798 -0.917887
v 0.225398 4.378798 -0.917887
v -0.225398 4.378798 -1.529812
v 0.225398 4.378798 -1.529812
v -0.225398 4.378798 -2.141737
v 0.225398 4.378798 -2.141737
v -0.225405 4.378798 -2.753662
v 0.000000 4.378798 -2.753662
v 0.225405 4.378798 -2.753662
v -0.225405 3.405732 -2.753662
v 0.000000 3.405732 -2.753662
v 0.225405 3.405732 -2.753662
v -0.225405 2.432665 -2.753662
v 0.000000 2.432665 -2.753662
v 0.225405 2.432665 -2.753662
v -0.225405 1.459599 -2.753662
v 0.000000 1.459599 -2.753662
v 0.225405 1.459599 -2.753662
v -0.225405 0.486533 -2.753662
v 0.000000 0.486533 -2.753662
v 0.225405 0.486533 -2.753662
v -0.225405 -0.486533 -2.753662
v 0.000000 -0.486533 -2.753662
v 0.225405 -0.486533 -2.753662
v -0.225405 -1.459599 -2.753662
v 0.000000 -1.459599 -2.753662
v 0.225405 -1.459599 -2.753662
v -0.225405 -2.432665 -2.753662
v 0.000000 -2.432665 -2.753662
v 0.225405 -2.432665 -2.753662
v -0.225405 -3.405732 -2.753662
v 0.000000 -3.405732 -2.753662
v 0.225405 -3.405732 -2.753662
v -0.225405 -4.378798 -2.753662
v 0.000000 -4.378798 -2.753662
v 0.225405 -4.378798 -2.753662
v -0.225405 -4.378798 -2.141737
v 0.000000 -4.378798 -2.141737
v 0.225405 -4.378798 -2.141737
v -0.225405 -4.378798 -1.529812
v 0.000000 -4.378798 -1.529812
v 0.225405 -4.378798 -1.529812
v -0.225405 -4.378798 -0.917887
v 0.000000 -4.378798 -0.917887
v 0.225405 -4.378798 -0.917887
v -0.225405 -4.378798 -0.305963
v 0.000000 -4.378798 -0.305963
v 0.225405 -4.378798 -0.305963
v -0.225405 -4.378798 0.305962
v 0.000000 -4.378798 0.305962
v 0.225405 -4.378798 0.305962
v -0.225405 -4.378798 0.917887
v 0.000000 -4.378798 0.917887
v 0.225405 -4.378798 0.917887
v -0.225405 -4.378798 1.529812
v 0.000000 -4.378798 1.529812
v 0.225405 -4.378798 1.529812
v -0.225405 -4.378798 2.141737
v 0.000000 -4.378798 2.141737
v 0.225405 -4.378798 2.141737
v 0.225399 -3.405732 -2.141737
v 0.225399 -3.405732 -1.529812
v 0.225399 -3.405732 -0.917887
v 0.225399 -3.405732 -0.305963
v 0.225399 -3.405732 0.305962
v 0.225399 -3.405732 0.917887
v 0.225399 -3.405732 1.529812
v 0.225399 -3.405732 2.141737
v 0.225399 -2.432665 -2.141737
v 0.225399 -2.432665 -0.305963
v 0.225399 -2.432665 0.305962
v 0.225399 -2.432665 2.141737
v 0.225399 -1.459599 -2.141737
v 0.225399 -1.459599 -0.305963
v 0.225399 -1.459599 0.305962
v 0.225399 -1.459599 2.141737
v 0.225399 -0.486533 -2.141737
v 0.225399 -0.486533 -1.529812
v 0.225399 -0.486533 -0.917887
v 0.225399 -0.486533 -0.305963
v 0.225399 -0.486533 0.305962
v 0.225399 -0.486533 0.917887
v 0.225399 -0.486533 1.529812
v 0.225399 -0.486533 2.141737
v 0.225399 0.486533 -2.141737
v 0.225399 0.486533 -1.529812
v 0.225399 0.486533 -0.917887
v 0.225399 0.486533 -0.305963
v 0.225399 0.486533 0.305962
v 0.225399 0.486533 0.917887
v 0.225399 0.486533 1.529812
v 0.225399 0.486533 2.141737
v 0.225399 1.459599 -2.141737
v 0.225399 1.459599 -0.305963
v 0.225399 1.459599 0.305962
v 0.225399 1.459599 2.141737
v 0.225399 2.432665 -2.141737
v 0.225399 2.432665 -0.305963
v 0.225399 2.432665 0.305962
v 0.225399 2.432665 2.141737
v 0.225399 3.405732 -2.141737
v 0.225399 3.405732 -1.529812
v 0.225399 3.405732 -0.917887
v 0.225399 3.405732 -0.305963
v 0.225399 3.405732 0.305962
v 0.225399 3.405732 0.917887
v 0.225399 3.405732 1.529812
v 0.225399 3.405732 2.141737
v -0.225405 -3.405732 -2.141737
v -0.225405 -3.405732 -1.529812
v -0.225405 -3.405732 -0.917887
v -0.225405 -3.405732 -0.305963
v -0.225405 -3.405732 0.305962
v -0.225405 -3.405732 0.917887
v -0.225405 -3.405732 1.529812
v -0.225405 -3.405732 2.141737
v -0.225405 -2.432665 -2.141737
v -0.225405 -2.432665 -0.305963
v -0.225405 -2.432665 0.305962
v -0.225405 -2.432665 2.141737
v -0.225405 -1.459599 -2.141737
v -0.225405 -1.459599 -0.305963
v -0.225405 -1.459599 0.305962
v -0.225405 -1.459599 2.141737
v -0.225405 -0.486533 -2.141737
v -0.225405 -0.486533 -1.529812
v -0.225405 -0.486533 -0.917887
v -0.225405 -0.486533 -0.305963
v -0.225405 -0.486533 0.305962
v -0.225405 -0.486533 0.917887
v -0.225405 -0.486533 1.529812
v -0.225405 -0.486533 2.141737
v -0.225405 0.486533 -2.141737
v -0.225405 0.486533 -1.529812
v -0.225405 0.486533 -0.917887
v -0.225405 0.486533 -0.305963
v -0.225405 0.486533 0.305962
v -0.225405 0.486533 0.917887
v -0.225405 0.486533 1.529812
v -0.225405 0.486533 2.141737
v -0.225405 1.459599 -2.141737
v -0.225405 1.459599 -0.305963
v -0.225405 1.459599 0.305962
v -0.225405 1.459599 2.141737
v -0.225405 2.432665 -2.141737
v -0.225405 2.432665 -0.305963
v -0.225405 2.432665 0.305962
v -0.225405 2.432665 2.141737
v -0.225405 3.405732 -2.141737
v -0.225405 3.405732 -1.529812
v -0.225405 3.405732 -0.917887
v -0.225405 3.405732 -0.305963
v -0.225405 3.405732 0.305962
v -0.225405 3.405732 0.917887
v -0.225405 3.405732 1.529812
v -0.225405 3.405732 2.141737
v -0.225405 0.486533 0.305962
v -0.225405 0.486533 0.917887
v -0.225405 1.459599 0.305962
v -0.225405 0.486533 1.529812
v -0.225405 0.486533 2.141737
v -0.225405 1.459599 2.141737
v -0.225405 2.432665 0.305962
v -0.225405 2.432665 2.141737
v -0.225405 3.405732 0.917887
v -0.225405 3.405732 0.305962
v -0.225405 3.405732 1.529812
v -0.225405 3.405732 2.141737
v -0.225400 -3.405732 -2.141737
v -0.225400 -3.405732 -1.529812
v -0.225400 -2.432665 -2.141737
v -0.225400 -3.405732 -0.917887
v -0.225400 -3.405732 -0.305963
v -0.225400 -2.432665 -0.305963
v -0.225400 -1.459599 -2.141737
v -0.225400 -1.459599 -0.305963
v -0.225400 -0.486533 -1.529812
v -0.225400 -0.486533 -2.141737
v -0.225400 -0.486533 -0.917887
v -0.225400 -0.486533 -0.305963
v -0.225400 -3.405732 0.305962
v -0.225400 -3.405732 0.917887
v -0.225400 -2.432665 0.305962
v -0.225400 -3.405732 1.529812
v -0.225400 -3.405732 2.141737
v -0.225400 -2.432665 2.141737
v -0.225400 -1.459599 0.305962
v -0.225400 -1.459599 2.141737
v -0.225400 -0.486533 0.917887
v -0.225400 -0.486533 0.305962
v -0.225400 -0.486533 1.529812
v -0.225400 -0.486533 2.141737
v -0.225400 0.486533 -2.141737
v -0.225400 0.486533 -1.529812
v -0.225400 1.459599 -2.141737
v -0.225400 0.486533 -0.917887
v -0.225400 0.486533 -0.305963
v -0.225400 1.459599 -0.305963
v -0.225400 2.432665 -2.141737
v -0.225400 2.432665 -0.305963
v -0.225400 3.405732 -1.529812
v -0.225400 3.405732 -2.141737
v -0.225400 3.405732 -0.917887
v -0.225400 3.405732 -0.305963
v -0.225400 0.486533 0.305962
v -0.225400 0.486533 0.917887
v -0.225400 1.459599 0.305962
v -0.225400 0.486533 1.529812
v -0.225400 0.486533 2.141737
v -0.225400 1.459599 2.141737
v -0.225400 2.432665 0.305962
v -0.225400 2.432665 2.141737
v -0.225400 3.405732 0.917887
v -0.225400 3.405732 0.305962
v -0.225400 3.405732 1.529812
v -0.225400 3.405732 2.141737
v -0.115597 -2.432665 -1.529812
v -0.115597 -2.432665 -0.917887
v -0.115597 -1.459599 -1.529812
v -0.115597 -1.459599 -0.917887
v -0.115597 -2.432665 0.917887
v -0.115597 -2.432665 1.529812
v -0.115597 -1.459599 0.917887
v -0.115597 -1.459599 1.529812
v -0.115597 1.459599 -1.529812
v -0.115597 1.459599 -0.917887
v -0.115597 2.432665 -1.529812
v -0.115597 2.432665 -0.917887
v -0.115597 1.459599 0.917887
v -0.115597 1.459599 1.529812
v -0.115597 2.432665 0.917887
v -0.115597 2.432665 1.529812
v -0.115597 -3.295935 -2.031940
v -0.115597 -3.295935 -1.529812
v -0.115597 -2.432665 -2.031940
v -0.115597 -3.295935 -0.917887
v -0.115597 -3.295935 -0.415759
v -0.115597 -2.432665 -0.415759
v -0.115597 -1.459599 -2.031940
v -0.115597 -1.459599 -0.415759
v -0.115597 -0.596330 -1.529812
v -0.115597 -0.596330 -2.031940
v -0.115597 -0.596330 -0.917887
v -0.115597 -0.596330 -0.415759
v -0.115597 -3.295935 0.415759
v -0.115597 -3.295935 0.917887
v -0.115597 -2.432665 0.415759
v -0.115597 -3.295935 1.529812
v -0.115597 -3.295935 2.031940
v -0.115597 -2.432665 2.031940
v -0.115597 -1.459599 0.415759
v -0.115597 -1.459599 2.031940
v -0.115597 -0.596330 0.917887
v -0.115597 -0.596330 0.415759
v -0.115597 -0.596330 1.529812
v -0.115597 -0.596330 2.031940
v -0.115597 0.596330 -2.031940
v -0.115597 0.596330 -1.529812
v -0.115597 1.459599 -2.031940
v -0.115597 0.596330 -0.917887
v -0.115597 0.596330 -0.415759
v -0.115597 1.459599 -0.415759
v -0.115597 2.432665 -2.031940
v -0.115597 2.432665 -0.415759
v -0.115597 3.295935 -1.529812
v -0.115597 3.295935 -2.031940
v -0.115597 3.295935 -0.917887
v -0.115597 3.295935 -0.415759
v -0.115597 0.596330 0.415759
v -0.115597 0.596330 0.917887
v -0.115597 1.459599 0.415759
v -0.115597 0.596330 1.529812
v -0.115597 0.596330 2.031940
v -0.115597 1.459599 2.031940
v -0.115597 2.432665 0.415759
v -0.115597 2.432665 2.031940
v -0.115597 3.295935 0.917887
v -0.115597 3.295935 0.415759
v -0.115597 3.295935 1.529812
v -0.115597 3.295935 2.031940
v 0.105468 -2.432665 -1.529812
v 0.105468 -2.432665 -0.917887
v 0.105468 -1.459599 -1.529812
v 0.105468 -1.459599 -0.917887
v 0.105468 -2.432665 0.917887
v 0.105468 -2.432665 1.529812
v 0.105468 -1.459599 0.917887
v 0.105468 -1.459599 1.529812
v 0.105468 1.459599 -1.529812
v 0.105468 1.459599 -0.917887
v 0.105468 2.432665 -1.529812
v 0.105468 2.432665 -0.917887
v 0.105468 1.459599 0.917887
v 0.105468 1.459599 1.529812
v 0.105468 2.432665 0.917887
v 0.105468 2.432665 1.529812
v 0.105468 -3.285806 -2.021812
v 0.105468 -3.285806 -1.529812
v 0.105468 -2.432665 -2.021812
v 0.105468 -3.285806 -0.917887
v 0.105468 -3.285806 -0.425888
v 0.105468 -2.432665 -0.425888
v 0.105468 -1.459599 -2.021812
v 0.105468 -1.459599 -0.425888
v 0.105468 -0.606458 -2.021812
v 0.105468 -0.606458 -1.529812
v 0.105468 -0.606458 -0.917887
v 0.105468 -0.606458 -0.425888
v 0.105468 -3.285806 0.425887
v 0.105468 -3.285806 0.917887
v 0.105468 -2.432665 0.425887
v 0.105468 -3.285806 1.529812
v 0.105468 -3.285806 2.021812
v 0.105468 -2.432665 2.021812
v 0.105468 -1.459599 0.425887
v 0.105468 -1.459599 2.021812
v 0.105468 -0.606458 0.425887
v 0.105468 -0.606458 0.917887
v 0.105468 -0.606458 1.529812
v 0.105468 -0.606458 2.021812
v 0.105468 0.606458 -2.021812
v 0.105468 0.606458 -1.529812
v 0.105468 1.459599 -2.021812
v 0.105468 0.606458 -0.917887
v 0.105468 0.606458 -0.425888
v 0.105468 1.459599 -0.425888
v 0.105468 2.432665 -2.021812
v 0.105468 2.432665 -0.425888
v 0.105468 3.285806 -2.021812
v 0.105468 3.285806 -1.529812
v 0.105468 3.285806 -0.917887
v 0.105468 3.285806 -0.425888
v 0.105468 0.606458 0.425887
v 0.105468 0.606458 0.917887
v 0.105468 1.459599 0.425887
v 0.105468 0.606458 1.529812
v 0.105468 0.606458 2.021812
v 0.105468 1.459599 2.021812
v 0.105468 2.432665 0.425887
v 0.105468 2.432665 2.021812
v 0.105468 3.285806 0.425887
v 0.105468 3.285806 0.917887
v 0.105468 3.285806 1.529812
v 0.105468 3.285806 2.021812
v -0.225405 5.015422 2.753662
v 0.000000 5.015422 2.753662
v -0.225398 5.015422 2.141737
v 0.225405 5.015422 2.753662
v 0.225398 5.015422 2.141737
v -0.225398 5.015422 0.305963
v 0.225398 5.015422 0.305963
v -0.225398 5.015422 -0.305962
v 0.225398 5.015422 -0.305962
v -0.225398 5.015422 -2.141737
v 0.225398 5.015422 -2.141737
v 0.000000 5.015422 -2.753662
v -0.225405 5.015422 -2.753662
v 0.225405 5.015422 -2.753662
v -0.225404 5.635727 2.753662
v 0.000000 5.635727 2.753662
v -0.225397 5.635727 2.141737
v 0.225404 5.635727 2.753662
v 0.225397 5.635727 2.141737
v -0.225397 5.635727 1.529812
v 0.225397 5.635727 1.529812
v -0.225397 5.635727 0.917887
v 0.225397 5.635727 0.917887
v -0.225396 5.635727 0.305963
v 0.225397 5.635727 0.305963
v -0.225397 5.635727 -0.305962
v 0.225396 5.635727 -0.305962
v -0.225397 5.635727 -0.917887
v 0.225397 5.635727 -0.917887
v -0.225397 5.635727 -1.529812
v 0.225397 5.635727 -1.529812
v -0.225397 5.635727 -2.141737
v 0.225397 5.635727 -2.141737
v 0.000000 5.635727 -2.753662
v -0.225404 5.635727 -2.753662
v 0.225404 5.635727 -2.753662
v -0.225404 6.353884 2.753662
v 0.000000 6.353884 2.753662
v -0.000000 6.353884 2.141737
v -0.225403 6.353884 2.141737
v 0.225404 6.353884 2.753662
v 0.225403 6.353884 2.141737
v 0.000000 6.353884 1.529812
v -0.225402 6.353884 1.529812
v 0.225402 6.353884 1.529812
v 0.000000 6.353884 0.917887
v -0.225402 6.353884 0.917887
v 0.225402 6.353884 0.917887
v -0.000000 6.353884 0.305963
v -0.225402 6.353884 0.305963
v 0.225402 6.353884 0.305963
v 0.000000 6.353884 -0.305962
v -0.225402 6.353884 -0.305962
v 0.225402 6.353884 -0.305962
v -0.000000 6.353884 -0.917887
v -0.225402 6.353884 -0.917887
v 0.225402 6.353884 -0.917887
v 0.000000 6.353884 -1.529812
v -0.225402 6.353884 -1.529812
v 0.225402 6.353884 -1.529812
v 0.000000 6.353884 -2.141737
v -0.225403 6.353884 -2.141737
v 0.225403 6.353884 -2.141737
v 0.000000 6.353884 -2.753662
v -0.225404 6.353884 -2.753662
v 0.225404 6.353884 -2.753662
v -0.080675 5.015422 1.529812
v -0.080675 5.015422 0.917887
v 0.080675 5.015422 1.529812
v 0.080675 5.015422 0.917887
v -0.080675 5.015422 -0.917887
v -0.080675 5.015422 -1.529812
v 0.080675 5.015422 -0.917887
v 0.080675 5.015422 -1.529812
v -0.080675 4.523513 1.997022
v -0.080675 4.523513 1.529812
v -0.080675 5.015422 1.997022
v -0.080675 4.523513 0.917887
v -0.080675 4.523513 0.450678
v -0.080675 5.015422 0.450678
v -0.080674 5.491012 1.997022
v -0.080674 5.491012 1.529812
v -0.080674 5.491012 0.917887
v -0.080674 5.491012 0.450678
v 0.080675 4.523513 1.997022
v 0.080675 4.523513 1.529812
v 0.080675 5.015422 1.997022
v 0.080675 4.523513 0.917887
v 0.080675 4.523513 0.450678
v 0.080675 5.015422 0.450678
v 0.080674 5.491012 1.529812
v 0.080674 5.491012 1.997022
v 0.080674 5.491012 0.917887
v 0.080674 5.491012 0.450678
v -0.080675 4.523513 -0.450678
v -0.080675 4.523513 -0.917887
v -0.080675 5.015422 -0.450678
v -0.080675 4.523513 -1.529812
v -0.080675 4.523513 -1.997022
v -0.080675 5.015422 -1.997022
v -0.080674 5.491012 -0.450678
v -0.080674 5.491012 -0.917887
v -0.080674 5.491012 -1.529812
v -0.080674 5.491012 -1.997022
v 0.080675 4.523513 -0.450678
v 0.080675 4.523513 -0.917887
v 0.080675 5.015422 -0.450678
v 0.080675 4.523513 -1.529812
v 0.080675 4.523513 -1.997022
v 0.080675 5.015422 -1.997022
v 0.080674 5.491012 -0.917887
v 0.080674 5.491012 -0.450678
v 0.080674 5.491012 -1.529812
v 0.080674 5.491012 -1.997022
vt 0.375000 0.000000
vt 0.500000 0.000000
vt 0.625000 0.000000
vt 0.375000 0.027778
vt 0.500000 0.027778
vt 0.625000 0.027778
vt 0.375000 0.055556
vt 0.500000 0.055556
vt 0.625000 0.055556
vt 0.375000 0.083333
vt 0.500000 0.083333
vt 0.625000 0.083333
vt 0.375000 0.111111
vt 0.500000 0.111111
vt 0.625000 0.111111
vt 0.375000 0.138889
vt 0.500000 0.138889
vt 0.625000 0.138889
vt 0.375000 0.166667
vt 0.500000 0.166667
vt 0.625000 0.166667
vt 0.375000 0.194444
vt 0.500000 0.194444
vt 0.625000 0.194444
vt 0.375000 0.222222
vt 0.500000 0.222222
vt 0.625000 0.222222
vt 0.375000 0.250000
vt 0.500000 0.250000
vt 0.625000 0.250000
vt 0.500000 0.277778
vt 0.625000 0.277778
vt 0.500000 0.305556
vt 0.500000 0.333333
vt 0.375000 0.361111
vt 0.500000 0.361111
vt 0.625000 0.361111
vt 0.375000 0.388889
vt 0.500000 0.388889
vt 0.625000 0.388889
vt 0.500000 0.416667
vt 0.500000 0.444445
vt 0.375000 0.472222
vt 0.500000 0.472222
vt 0.625000 0.472222
vt 0.375000 0.500000
vt 0.500000 0.500000
vt 0.625000 0.500000
vt 0.375000 0.527778
vt 0.500000 0.527778
vt 0.625000 0.527778
vt 0.375000 0.555556
vt 0.500000 0.555556
vt 0.625000 0.555556
vt 0.375000 0.583333
vt 0.500000 0.583333
vt 0.625000 0.583333
vt 0.375000 0.611111
vt 0.500000 0.611111
vt 0.625000 0.611111
vt 0.375000 0.638889
vt 0.500000 0.638889
vt 0.625000 0.638889
vt 0.375000 0.666667
vt 0.500000 0.666667
vt 0.625000 0.666667
vt 0.375000 0.694445
vt 0.500000 0.694445
vt 0.625000 0.694445
vt 0.375000 0.722222
vt 0.500000 0.722222
vt 0.625000 0.722222
vt 0.375000 0.750000
vt 0.500000 0.750000
vt 0.625000 0.750000
vt 0.375000 0.777778
vt 0.500000 0.777778
vt 0.625000 0.777778
vt 0.375000 0.805556
vt 0.500000 0.805556
vt 0.625000 0.805556
vt 0.375000 0.833334
vt 0.500000 0.833334
vt 0.625000 0.833334
vt 0.375000 0.861111
vt 0.500000 0.861111
vt 0.625000 0.861111
vt 0.375000 0.888889
vt 0.500000 0.888889
vt 0.625000 0.888889
vt 0.375000 0.916667
vt 0.500000 0.916667
vt 0.625000 0.916667
vt 0.375000 0.944445
vt 0.500000 0.944445
vt 0.625000 0.944445
vt 0.375000 0.972223
vt 0.500000 0.972223
vt 0.625000 0.972223
vt 0.375000 1.000000
vt 0.500000 1.000000
vt 0.625000 1.000000
vt 0.875000 0.000000
vt 0.847222 0.000000
vt 0.819444 0.000000
vt 0.791667 0.000000
vt 0.763889 0.000000
vt 0.736111 0.000000
vt 0.708333 0.000000
vt 0.680555 0.000000
vt 0.652778 0.000000
vt 0.875000 0.027778
vt 0.736111 0.027778
vt 0.708333 0.027778
vt 0.680555 0.027778
vt 0.652778 0.027778
vt 0.875000 0.055556
vt 0.763889 0.055556
vt 0.736111 0.055556
vt 0.652778 0.055556
vt 0.875000 0.083333
vt 0.847222 0.083333
vt 0.763889 0.083333
vt 0.736111 0.083333
vt 0.875000 0.111111
vt 0.847222 0.111111
vt 0.819444 0.111111
vt 0.791667 0.111111
vt 0.763889 0.111111
vt 0.875000 0.138889
vt 0.736111 0.138889
vt 0.708333 0.138889
vt 0.680555 0.138889
vt 0.652778 0.138889
vt 0.875000 0.166667
vt 0.763889 0.166667
vt 0.736111 0.166667
vt 0.652778 0.166667
vt 0.875000 0.194444
vt 0.847222 0.194444
vt 0.763889 0.194444
vt 0.736111 0.194444
vt 0.875000 0.222222
vt 0.847222 0.222222
vt 0.819444 0.222222
vt 0.791667 0.222222
vt 0.763889 0.222222
vt 0.875000 0.250000
vt 0.847222 0.250000
vt 0.819444 0.250000
vt 0.791667 0.250000
vt 0.763889 0.250000
vt 0.736111 0.250000
vt 0.708333 0.250000
vt 0.680555 0.250000
vt 0.652778 0.250000
vt 0.125000 0.000000
vt 0.152778 0.000000
vt 0.180556 0.000000
vt 0.208333 0.000000
vt 0.236111 0.000000
vt 0.263889 0.000000
vt 0.291667 0.000000
vt 0.319444 0.000000
vt 0.347222 0.000000
vt 0.125000 0.027778
vt 0.152778 0.027778
vt 0.180556 0.027778
vt 0.208333 0.027778
vt 0.236111 0.027778
vt 0.263889 0.027778
vt 0.291667 0.027778
vt 0.319444 0.027778
vt 0.347222 0.027778
vt 0.125000 0.055556
vt 0.152778 0.055556
vt 0.236111 0.055556
vt 0.263889 0.055556
vt 0.347222 0.055556
vt 0.125000 0.083333
vt 0.152778 0.083333
vt 0.236111 0.083333
vt 0.263889 0.083333
vt 0.347222 0.083333
vt 0.125000 0.111111
vt 0.152778 0.111111
vt 0.180556 0.111111
vt 0.208333 0.111111
vt 0.236111 0.111111
vt 0.263889 0.111111
vt 0.291667 0.111111
vt 0.319444 0.111111
vt 0.347222 0.111111
vt 0.125000 0.138889
vt 0.152778 0.138889
vt 0.180556 0.138889
vt 0.208333 0.138889
vt 0.236111 0.138889
vt 0.263889 0.138889
vt 0.291667 0.138889
vt 0.319444 0.138889
vt 0.347222 0.138889
vt 0.125000 0.166667
vt 0.152778 0.166667
vt 0.236111 0.166667
vt 0.263889 0.166667
vt 0.347222 0.166667
vt 0.125000 0.194444
vt 0.152778 0.194444
vt 0.236111 0.194444
vt 0.263889 0.194444
vt 0.347222 0.194444
vt 0.125000 0.222222
vt 0.152778 0.222222
vt 0.180556 0.222222
vt 0.208333 0.222222
vt 0.236111 0.222222
vt 0.263889 0.222222
vt 0.291667 0.222222
vt 0.319444 0.222222
vt 0.347222 0.222222
vt 0.125000 0.250000
vt 0.152778 0.250000
vt 0.180556 0.250000
vt 0.208333 0.250000
vt 0.236111 0.250000
vt 0.263889 0.250000
vt 0.291667 0.250000
vt 0.319444 0.250000
vt 0.347222 0.250000
vt 0.263889 0.138889
vt 0.291667 0.138889
vt 0.263889 0.166667
vt 0.319444 0.138889
vt 0.347222 0.138889
vt 0.347222 0.166667
vt 0.263889 0.194444
vt 0.347222 0.194444
vt 0.291667 0.222222
vt 0.263889 0.222222
vt 0.319444 0.222222
vt 0.347222 0.222222
vt 0.152778 0.055556
vt 0.236111 0.055556
vt 0.263889 0.027778
vt 0.291667 0.027778
vt 0.263889 0.055556
vt 0.347222 0.027778
vt 0.347222 0.055556
vt 0.152778 0.083333
vt 0.236111 0.083333
vt 0.263889 0.083333
vt 0.347222 0.083333
vt 0.180556 0.111111
vt 0.208333 0.111111
vt 0.236111 0.111111
vt 0.152778 0.166667
vt 0.236111 0.166667
vt 0.263889 0.138889
vt 0.291667 0.138889
vt 0.263889 0.166667
vt 0.347222 0.138889
vt 0.347222 0.166667
vt 0.152778 0.194444
vt 0.236111 0.194444
vt 0.263889 0.194444
vt 0.347222 0.194444
vt 0.180556 0.222222
vt 0.208333 0.222222
vt 0.236111 0.222222
vt 0.152778 0.083333
vt 0.236111 0.055556
vt 0.152778 0.111111
vt 0.236111 0.083333
vt 0.208333 0.111111
vt 0.180556 0.111111
vt 0.157762 0.107977
vt 0.236111 0.111111
vt 0.263889 0.055556
vt 0.263889 0.027778
vt 0.291667 0.027778
vt 0.263889 0.083333
vt 0.319444 0.027778
vt 0.347222 0.027778
vt 0.347222 0.055556
vt 0.268873 0.107977
vt 0.152778 0.194444
vt 0.236111 0.166667
vt 0.152778 0.222222
vt 0.236111 0.194444
vt 0.208333 0.222222
vt 0.180556 0.222222
vt 0.157762 0.219088
vt 0.236111 0.222222
vt 0.263889 0.166667
vt 0.263889 0.138889
vt 0.291667 0.138889
vt 0.263889 0.194444
vt 0.319444 0.138889
vt 0.347222 0.138889
vt 0.347222 0.166667
vt 0.268873 0.219088
vt 0.157762 0.030912
vt 0.180556 0.030912
vt 0.180556 0.055556
vt 0.208333 0.030912
vt 0.231127 0.030912
vt 0.231127 0.055556
vt 0.268873 0.030912
vt 0.291667 0.030912
vt 0.291667 0.055556
vt 0.319444 0.030912
vt 0.342238 0.030912
vt 0.342238 0.055556
vt 0.157762 0.055556
vt 0.208333 0.055556
vt 0.231127 0.083333
vt 0.268873 0.055556
vt 0.319444 0.055556
vt 0.342238 0.083333
vt 0.157762 0.083333
vt 0.180556 0.083333
vt 0.208333 0.083333
vt 0.180556 0.107977
vt 0.231127 0.107977
vt 0.208333 0.107977
vt 0.268873 0.083333
vt 0.291667 0.083333
vt 0.319444 0.083333
vt 0.291667 0.107977
vt 0.342238 0.107977
vt 0.319444 0.107977
vt 0.157762 0.142023
vt 0.180556 0.142023
vt 0.180556 0.166667
vt 0.208333 0.142023
vt 0.231127 0.142023
vt 0.231127 0.166667
vt 0.268873 0.142023
vt 0.291667 0.142023
vt 0.291667 0.166667
vt 0.319444 0.142023
vt 0.342238 0.142023
vt 0.342238 0.166667
vt 0.157762 0.166667
vt 0.208333 0.166667
vt 0.231127 0.194444
vt 0.268873 0.166667
vt 0.319444 0.166667
vt 0.342238 0.194444
vt 0.157762 0.194444
vt 0.180556 0.194444
vt 0.208333 0.194444
vt 0.180556 0.219088
vt 0.231127 0.219088
vt 0.208333 0.219088
vt 0.268873 0.194444
vt 0.291667 0.194444
vt 0.319444 0.194444
vt 0.291667 0.219088
vt 0.342238 0.219088
vt 0.319444 0.219088
vt 0.180556 0.027778
vt 0.152778 0.027778
vt 0.208333 0.027778
vt 0.236111 0.027778
vt 0.291667 0.027778
vt 0.263889 0.027778
vt 0.319444 0.027778
vt 0.347222 0.027778
vt 0.347222 0.055556
vt 0.152778 0.055556
vt 0.236111 0.083333
vt 0.263889 0.055556
vt 0.347222 0.083333
vt 0.152778 0.111111
vt 0.152778 0.083333
vt 0.180556 0.111111
vt 0.236111 0.111111
vt 0.208333 0.111111
vt 0.263889 0.111111
vt 0.291667 0.111111
vt 0.319444 0.111111
vt 0.347222 0.111111
vt 0.180556 0.138889
vt 0.152778 0.138889
vt 0.208333 0.138889
vt 0.236111 0.138889
vt 0.291667 0.138889
vt 0.263889 0.138889
vt 0.319444 0.138889
vt 0.347222 0.138889
vt 0.347222 0.166667
vt 0.152778 0.166667
vt 0.236111 0.194444
vt 0.263889 0.166667
vt 0.347222 0.194444
vt 0.152778 0.222222
vt 0.152778 0.194444
vt 0.180556 0.222222
vt 0.236111 0.222222
vt 0.208333 0.222222
vt 0.263889 0.222222
vt 0.291667 0.222222
vt 0.319444 0.222222
vt 0.347222 0.222222
vt 0.841778 0.031201
vt 0.847222 0.055556
vt 0.769333 0.031201
vt 0.763889 0.083333
vt 0.847222 0.083333
vt 0.763889 0.111111
vt 0.847222 0.111111
vt 0.819444 0.111111
vt 0.791667 0.111111
vt 0.769333 0.107688
vt 0.736111 0.027778
vt 0.730667 0.031201
vt 0.708333 0.027778
vt 0.680555 0.027778
vt 0.736111 0.055556
vt 0.652778 0.027778
vt 0.658222 0.031201
vt 0.652778 0.055556
vt 0.652778 0.083333
vt 0.658222 0.107688
vt 0.841778 0.142312
vt 0.847222 0.166667
vt 0.769333 0.142312
vt 0.763889 0.194444
vt 0.847222 0.194444
vt 0.763889 0.222222
vt 0.847222 0.222222
vt 0.819444 0.222222
vt 0.791667 0.222222
vt 0.769333 0.218799
vt 0.736111 0.138889
vt 0.730667 0.142312
vt 0.708333 0.138889
vt 0.680555 0.138889
vt 0.736111 0.166667
vt 0.652778 0.138889
vt 0.658222 0.142312
vt 0.652778 0.166667
vt 0.652778 0.194444
vt 0.658222 0.218799
vt 0.841778 0.055556
vt 0.819444 0.055556
vt 0.819444 0.031201
vt 0.791667 0.031201
vt 0.791667 0.055556
vt 0.730667 0.055556
vt 0.708333 0.055556
vt 0.708333 0.031201
vt 0.680555 0.031201
vt 0.680555 0.055556
vt 0.841778 0.083333
vt 0.769333 0.055556
vt 0.730667 0.083333
vt 0.658222 0.055556
vt 0.841778 0.107688
vt 0.819444 0.107688
vt 0.819444 0.083333
vt 0.791667 0.107688
vt 0.769333 0.083333
vt 0.791667 0.083333
vt 0.730667 0.107688
vt 0.708333 0.107688
vt 0.708333 0.083333
vt 0.680555 0.107688
vt 0.658222 0.083333
vt 0.680555 0.083333
vt 0.841778 0.166667
vt 0.819444 0.166667
vt 0.819444 0.142312
vt 0.791667 0.142312
vt 0.791667 0.166667
vt 0.730667 0.166667
vt 0.708333 0.166667
vt 0.708333 0.142312
vt 0.680555 0.142312
vt 0.680555 0.166667
vt 0.841778 0.194444
vt 0.769333 0.166667
vt 0.730667 0.194444
vt 0.658222 0.166667
vt 0.841778 0.218799
vt 0.819444 0.218799
vt 0.819444 0.194444
vt 0.791667 0.218799
vt 0.769333 0.194444
vt 0.791667 0.194444
vt 0.730667 0.218799
vt 0.708333 0.218799
vt 0.708333 0.194444
vt 0.680555 0.218799
vt 0.658222 0.194444
vt 0.680555 0.194444
vt 0.847222 0.027778
vt 0.819444 0.027778
vt 0.791667 0.027778
vt 0.763889 0.027778
vt 0.736111 0.111111
vt 0.708333 0.111111
vt 0.680555 0.111111
vt 0.652778 0.111111
vt 0.847222 0.138889
vt 0.819444 0.138889
vt 0.791667 0.138889
vt 0.763889 0.138889
vt 0.736111 0.222222
vt 0.708333 0.222222
vt 0.680555 0.222222
vt 0.652778 0.222222
vt 0.375000 0.250000
vt 0.500000 0.250000
vt 0.625000 0.250000
vt 0.625000 0.277778
vt 0.375000 0.361111
vt 0.625000 0.361111
vt 0.375000 0.388889
vt 0.625000 0.388889
vt 0.375000 0.472222
vt 0.625000 0.472222
vt 0.500000 0.500000
vt 0.375000 0.500000
vt 0.625000 0.500000
vt 0.375000 0.250000
vt 0.500000 0.250000
vt 0.375000 0.277778
vt 0.625000 0.250000
vt 0.625000 0.277778
vt 0.375000 0.305556
vt 0.625000 0.305556
vt 0.375000 0.333333
vt 0.625000 0.333333
vt 0.375000 0.361111
vt 0.625000 0.361111
vt 0.375000 0.388889
vt 0.625000 0.388889
vt 0.375000 0.416667
vt 0.625000 0.416667
vt 0.375000 0.444445
vt 0.375000 0.472222
vt 0.500000 0.500000
vt 0.375000 0.500000
vt 0.625000 0.500000
vt 0.375000 0.250000
vt 0.500000 0.250000
vt 0.375000 0.277778
vt 0.625000 0.250000
vt 0.625000 0.277778
vt 0.375000 0.305556
vt 0.625000 0.305556
vt 0.375000 0.333333
vt 0.625000 0.333333
vt 0.375000 0.361111
vt 0.625000 0.361111
vt 0.375000 0.388889
vt 0.625000 0.388889
vt 0.375000 0.416667
vt 0.625000 0.416667
vt 0.375000 0.444445
vt 0.625000 0.444445
vt 0.375000 0.472222
vt 0.625000 0.472222
vt 0.500000 0.500000
vt 0.375000 0.500000
vt 0.625000 0.500000
vt 0.375000 0.284347
vt 0.375000 0.333333
vt 0.375000 0.277778
vt 0.375000 0.361111
vt 0.375000 0.354542
vt 0.375000 0.361111
vt 0.375000 0.361106
vt 0.375000 0.277778
vt 0.375000 0.305556
vt 0.375000 0.333333
vt 0.375000 0.354542
vt 0.625000 0.277778
vt 0.625000 0.277778
vt 0.625000 0.305556
vt 0.625000 0.277783
vt 0.625000 0.333333
vt 0.625000 0.361111
vt 0.625000 0.361106
vt 0.625000 0.333333
vt 0.625000 0.305555
vt 0.625000 0.284347
vt 0.625000 0.361111
vt 0.375000 0.388889
vt 0.375000 0.395458
vt 0.375000 0.416667
vt 0.375000 0.444445
vt 0.375000 0.388889
vt 0.375000 0.472222
vt 0.375000 0.465653
vt 0.375000 0.472222
vt 0.375000 0.472217
vt 0.375000 0.388889
vt 0.375000 0.416667
vt 0.375000 0.444445
vt 0.375000 0.465653
vt 0.625000 0.388889
vt 0.625000 0.388889
vt 0.625000 0.388894
vt 0.625000 0.444445
vt 0.625000 0.472222
vt 0.625000 0.444445
vt 0.625000 0.416667
vt 0.625000 0.395458
vt 0.375000 0.284347
vt 0.625000 0.284347
vt 0.625000 0.305556
vt 0.375000 0.305556
vt 0.625000 0.333333
vt 0.375000 0.333333
vt 0.625000 0.354542
vt 0.625000 0.354542
vt 0.375000 0.395458
vt 0.625000 0.395458
vt 0.625000 0.416667
vt 0.375000 0.416667
vt 0.625000 0.444445
vt 0.375000 0.444445
vt 0.625000 0.465653
vt 0.625000 0.465653
vt 0.375000 0.284347
vt 0.375000 0.305556
vt 0.625000 0.284347
vt 0.625000 0.305556
vt 0.375000 0.305556
vt 0.375000 0.333333
vt 0.625000 0.333333
vt 0.625000 0.305556
vt 0.375000 0.354542
vt 0.375000 0.333333
vt 0.625000 0.354542
vt 0.625000 0.333333
vt 0.375000 0.395458
vt 0.375000 0.416667
vt 0.625000 0.395458
vt 0.625000 0.416667
vt 0.375000 0.416667
vt 0.375000 0.444445
vt 0.625000 0.444445
vt 0.625000 0.416667
vt 0.375000 0.465653
vt 0.375000 0.444445
vt 0.625000 0.465653
vt 0.625000 0.444445
vt 0.375000 0.305556
vt 0.375000 0.277778
vt 0.625000 0.416667
vt 0.625000 0.472222
vn 0.000000 0.000000 1.000000
vn 0.000000 0.000000 1.000000
vn 0.000000 0.000000 1.000000
vn 0.000000 0.000000 1.000000
vn 0.000000 0.000000 1.000000
vn 0.000000 0.000000 1.000000
vn 0.000000 0.000000 1.000000
vn 0.000000 0.000000 1.000000
vn 0.000000 0.000000 1.000000
vn 0.000000 0.000000 1.000000
vn 0.000000 0.000000 1.000000
vn 0.000000 0.000000 1.000000
vn 0.000000 0.000000 1.000000
vn 0.000000 0.000000 1.000000
vn 0.000000 0.000000 1.000000
vn 0.000000 0.000000 1.000000
vn 0.000000 0.000000 1.000000
vn 0.000000 0.000000 1.000000
vn 0.000000 0.000000 1.000000
vn 0.000000 0.000000 1.000000
vn 0.000000 0.000000 1.000000
vn 0.000000 0.000000 1.000000
vn 0.000000 0.000000 1.000000
vn 0.000000 0.000000 1.000000
vn 0.000000 0.000000 1.000000
vn 0.000000 0.000000 1.000000
vn 0.000000 0.000000 1.000000
vn 0.000000 0.000000 1.000000
vn 0.000000 0.000000 1.000000
vn 0.000000 0.000000 1.000000
vn 0.000001 1.000000 -0.000001
vn 0.000000 1.000000 -0.000001
vn -0.000000 1.000000 -0.000000
vn 0.000002 1.000000 -0.000000
vn -0.000001 1.000000 -0.000001
vn -0.000002 1.000000 -0.000000
vn -0.000000 1.000000 0.000000
vn 0.000002 1.000000 0.000000
vn -0.000002 1.000000 0.000000
vn 0.000000 1.000000 -0.000000
vn 0.000002 1.000000 0.000000
vn -0.000002 1.000000 -0.000000
vn 0.000000 1.000000 0.000000
vn 0.000002 1.000000 0.000000
vn -0.000002 1.000000 0.000000
vn 0.000000 1.000000 0.000000
vn 0.000002 1.000000 0.000000
vn -0.000002 1.000000 0.000000
vn 0.000000 1.000000 0.000000
vn 0.000002 1.000000 0.000000
vn -0.000002 1.000000 0.000000
vn 0.000000 1.000000 -0.000000
vn 0.000002 1.000000 -0.000000
vn -0.000002 1.000000 0.000000
vn -0.000000 1.000000 0.000000
vn 0.000002 1.000000 0.000000
vn -0.000002 1.000000 0.000000
vn 0.000000 1.000000 0.000001
vn 0.000001 1.000000 0.000001
vn -0.000001 1.000000 0.000001
vn 0.000000 0.000000 -1.000000
vn 0.000000 0.000000 -1.000000
vn 0.000000 0.000000 -1.000000
vn 0.000000 0.000000 -1.000000
vn 0.000000 0.000000 -1.000000
vn 0.000000 0.000000 -1.000000
vn 0.000000 0.000000 -1.000000
vn 0.000000 0.000000 -1.000000
vn 0.000000 0.000000 -1.000000
vn 0.000000 0.000000 -1.000000
vn 0.000000 0.000000 -1.000000
vn 0.000000 0.000000 -1.000000
vn 0.000000 0.000000 -1.000000
vn 0.000000 0.000000 -1.000000
vn 0.000000 0.000000 -1.000000
vn 0.000000 0.000000 -1.000000
vn 0.000000 0.000000 -1.000000
vn 0.000000 0.000000 -1.000000
vn 0.000000 0.000000 -1.000000
vn 0.000000 0.000000 -1.000000
vn 0.000000 0.000000 -1.000000
vn 0.000000 0.000000 -1.000000
vn 0.000000 0.000000 -1.000000
vn 0.000000 0.000000 -1.000000
vn 0.000000 0.000000 -1.000000
vn 0.000000 0.000000 -1.000000
vn 0.000000 0.000000 -1.000000
vn 0.000000 0.000000 -1.000000
vn 0.000000 0.000000 -1.000000
vn 0.000000 0.000000 -1.000000
vn 0.000000 -1.000000 0.000000
vn 0.000000 -1.000000 0.000000
vn 0.000000 -1.000000 0.000000
vn 0.000000 -1.000000 0.000000
vn 0.000000 -1.000000 0.000000
vn 0.000000 -1.000000 0.000000
vn 0.000000 -1.000000 0.000000
vn 0.000000 -1.000000 0.000000
vn 0.000000 -1.000000 0.000000
vn 0.000000 -1.000000 0.000000
vn 0.000000 -1.000000 0.000000
vn 0.000000 -1.000000 0.000000
vn 0.000000 -1.000000 0.000000
vn 0.000000 -1.000000 0.000000
vn 0.000000 -1.000000 0.000000
vn 0.000000 -1.000000 0.000000
vn 0.000000 -1.000000 0.000000
vn 0.000000 -1.000000 0.000000
vn 0.000000 -1.000000 0.000000
vn 0.000000 -1.000000 0.000000
vn 0.000000 -1.000000 0.000000
vn 0.000000 -1.000000 0.000000
vn 0.000000 -1.000000 0.000000
vn 0.000000 -1.000000 0.000000
vn 0.000000 -1.000000 0.000000
vn 0.000000 -1.000000 0.000000
vn 0.000000 -1.000000 0.000000
vn 0.000000 -1.000000 0.000000
vn 0.000000 -1.000000 0.000000
vn 0.000000 -1.000000 0.000000
vn 1.000000 0.000005 0.000002
vn 1.000000 0.000003 0.000005
vn 1.000000 0.000002 0.000007
vn 1.000000 0.000003 0.000005
vn 1.000000 0.000006 0.000000
vn 1.000000 0.000006 0.000000
vn 1.000000 0.000006 0.000000
vn 1.000000 0.000006 0.000000
vn 1.000000 0.000006 0.000000
vn 1.000000 0.000004 0.000000
vn 1.000000 0.000006 0.000000
vn 1.000000 0.000004 0.000000
vn 1.000000 0.000006 0.000000
vn 1.000000 0.000006 0.000000
vn 1.000000 0.000006 0.000000
vn 1.000000 0.000006 0.000000
vn 1.000000 0.000005 -0.000002
vn 1.000000 0.000003 -0.000005
vn 1.000000 0.000003 -0.000005
vn 1.000000 0.000002 -0.000007
vn 1.000000 0.000000 0.000010
vn 1.000000 0.000000 0.000010
vn 1.000000 0.000000 0.000000
vn 1.000000 0.000000 0.000000
vn 1.000000 0.000000 -0.000010
vn 1.000000 0.000000 -0.000010
vn 1.000000 0.000000 0.000010
vn 1.000000 0.000000 0.000010
vn 1.000000 0.000000 0.000000
vn 1.000000 0.000000 0.000000
vn 1.000000 0.000000 0.000000
vn 1.000000 0.000000 0.000000
vn 1.000000 0.000000 0.000000
vn 1.000000 0.000000 0.000000
vn 1.000000 -0.000000 -0.000000
vn 1.000000 -0.000000 -0.000000
vn 1.000000 -0.000000 -0.000000
vn 1.000000 0.000000 0.000000
vn 1.000000 0.000000 -0.000010
vn 1.000000 0.000000 -0.000010
vn 1.000000 0.000000 0.000010
vn 1.000000 0.000000 0.000007
vn 1.000000 0.000000 0.000000
vn 1.000000 0.000000 0.000000
vn 1.000000 0.000000 -0.000007
vn 1.000000 0.000000 -0.000010
vn 1.000000 0.000000 0.000010
vn 1.000000 0.000000 0.000007
vn 1.000000 0.000000 0.000000
vn 1.000000 0.000000 0.000000
vn 1.000000 0.000000 0.000000
vn 1.000000 0.000000 0.000000
vn 1.000000 0.000000 0.000000
vn 1.000000 0.000000 0.000000
vn 1.000000 0.000000 0.000000
vn 1.000000 0.000000 0.000000
vn 1.000000 0.000000 0.000000
vn 1.000000 0.000000 0.000000
vn 1.000000 0.000000 -0.000007
vn 1.000000 0.000000 -0.000010
vn 1.000000 0.000000 0.000010
vn 1.000000 0.000000 0.000010
vn 1.000000 0.000000 0.000000
vn 1.000000 0.000000 0.000000
vn 1.000000 0.000000 -0.000010
vn 1.000000 0.000000 -0.000010
vn 1.000000 0.000000 0.000010
vn 1.000000 0.000000 0.000010
vn 1.000000 0.000000 0.000000
vn 1.000000 0.000000 0.000000
vn 1.000000 0.000000 0.000000
vn 1.000000 0.000000 0.000000
vn 1.000000 0.000000 0.000000
vn 1.000000 0.000000 0.000000
vn 1.000000 -0.000000 0.000000
vn 1.000000 -0.000000 0.000000
vn 1.000000 0.000000 0.000000
vn 1.000000 0.000000 0.000000
vn 1.000000 0.000000 -0.000010
vn 1.000000 0.000000 -0.000010
vn 1.000000 0.000000 0.000010
vn 1.000000 0.000001 0.000007
vn 1.000000 0.000001 0.000000
vn 1.000000 0.000001 0.000000
vn 1.000000 0.000001 -0.000007
vn 1.000000 0.000000 -0.000010
vn 1.000000 0.000000 0.000011
vn 1.000000 0.000001 0.000007
vn 1.000000 0.000001 0.000000
vn 1.000000 0.000001 0.000000
vn 1.000000 0.000001 0.000000
vn 1.000000 0.000001 0.000000
vn 1.000000 0.000001 0.000000
vn 1.000000 0.000001 0.000000
vn 1.000000 0.000001 0.000000
vn 1.000000 0.000001 0.000000
vn 1.000000 0.000001 0.000000
vn 1.000000 0.000001 0.000000
vn 1.000000 0.000001 -0.000007
vn 1.000000 0.000000 -0.000011
vn -1.000000 0.000000 0.000000
vn -1.000000 0.000000 0.000000
vn -1.000000 0.000000 0.000000
vn -1.000000 0.000000 0.000000
vn -1.000000 0.000000 0.000000
vn -1.000000 0.000000 0.000000
vn -1.000000 0.000000 0.000000
vn -1.000000 0.000000 0.000000
vn -1.000000 0.000000 0.000000
vn -1.000000 0.000000 0.000000
vn -1.000000 0.000000 0.000000
vn -1.000000 0.000000 0.000000
vn -1.000000 0.000000 0.000000
vn -1.000000 0.000000 0.000000
vn -1.000000 0.000000 0.000000
vn -1.000000 0.000000 0.000000
vn -1.000000 0.000000 0.000000
vn -1.000000 0.000000 0.000000
vn -1.000000 0.000000 0.000000
vn -1.000000 0.000000 0.000000
vn -1.000000 0.000000 0.000000
vn -1.000000 0.000000 0.000000
vn -1.000000 0.000000 0.000000
vn -1.000000 0.000000 0.000000
vn -1.000000 0.000000 0.000000
vn -1.000000 0.000000 0.000000
vn -1.000000 0.000000 0.000000
vn -1.000000 0.000000 0.000000
vn -1.000000 0.000000 0.000000
vn -1.000000 0.000000 0.000000
vn -1.000000 0.000000 0.000000
vn -1.000000 0.000000 0.000000
vn -1.000000 0.000000 0.000000
vn -1.000000 0.000000 0.000000
vn -1.000000 0.000000 0.000000
vn -1.000000 0.000000 0.000000
vn -1.000000 0.000000 0.000000
vn -1.000000 0.000000 0.000000
vn -1.000000 0.000000 0.000000
vn -1.000000 0.000000 0.000000
vn -1.000000 0.000000 0.000000
vn -1.000000 0.000000 0.000000
vn -1.000000 0.000000 0.000000
vn -1.000000 0.000000 0.000000
vn -1.000000 0.000000 0.000000
vn -1.000000 0.000000 0.000000
vn -1.000000 0.000000 0.000000
vn -1.000000 0.000000 0.000000
vn -1.000000 0.000000 0.000000
vn -1.000000 0.000000 0.000000
vn -1.000000 0.000000 0.000000
vn -1.000000 0.000000 0.000000
vn -1.000000 0.000000 0.000000
vn -1.000000 0.000000 0.000000
vn -1.000000 0.000000 0.000000
vn -1.000000 0.000000 0.000000
vn -1.000000 0.000000 0.000000
vn -1.000000 0.000000 0.000000
vn -1.000000 0.000000 0.000000
vn -1.000000 0.000000 0.000000
vn -1.000000 0.000000 0.000000
vn -1.000000 0.000000 0.000000
vn -1.000000 0.000000 0.000000
vn -1.000000 0.000000 0.000000
vn -1.000000 0.000000 0.000000
vn -1.000000 0.000000 0.000000
vn -1.000000 0.000000 0.000000
vn -1.000000 0.000000 0.000000
vn -1.000000 0.000000 0.000000
vn -1.000000 0.000000 0.000000
vn -1.000000 0.000000 0.000000
vn -1.000000 0.000000 0.000000
vn -1.000000 0.000000 0.000000
vn -1.000000 0.000000 0.000000
vn -1.000000 0.000000 0.000000
vn -1.000000 0.000000 0.000000
vn -1.000000 0.000000 0.000000
vn -1.000000 0.000000 0.000000
vn -1.000000 0.000000 0.000000
vn -1.000000 0.000000 0.000000
vn -1.000000 0.000004 0.000002
vn -1.000000 0.000002 0.000003
vn -1.000000 0.000005 0.000000
vn -1.000000 0.000005 0.000000
vn -1.000000 0.000002 -0.000003
vn -1.000000 0.000004 -0.000002
vn -1.000000 0.000004 0.000005
vn -1.000000 0.000002 0.000008
vn -1.000000 0.000008 0.000000
vn -1.000000 0.000008 0.000000
vn -1.000000 0.000008 0.000000
vn -1.000000 0.000008 0.000000
vn -1.000000 0.000006 0.000000
vn -1.000000 0.000006 0.000000
vn -1.000000 0.000008 0.000000
vn -1.000000 0.000008 0.000000
vn -1.000000 0.000008 0.000000
vn -1.000000 0.000008 0.000000
vn -1.000000 0.000004 -0.000005
vn -1.000000 0.000002 -0.000008
vn 0.000000 0.000000 0.000000
vn 0.000000 0.000000 0.000000
vn 0.000000 0.000000 0.000000
vn 0.000000 0.000000 0.000000
vn 0.000000 0.000000 0.000000
vn 0.000000 0.000000 0.000000
vn 0.000000 0.000000 0.000000
vn 0.000000 0.000000 0.000000
vn 0.000000 0.000000 0.000000
vn 0.000000 0.000000 0.000000
vn 0.000000 0.000000 0.000000
vn 0.000000 0.000000 0.000000
vn 0.000000 0.000000 0.000000
vn 0.000000 0.000000 0.000000
vn 0.000000 0.000000 0.000000
vn 0.000000 0.000000 0.000000
vn 0.000000 0.000000 0.000000
vn 0.000000 0.000000 0.000000
vn 0.000000 0.000000 0.000000
vn 0.000000 0.000000 0.000000
vn 0.000000 0.000000 0.000000
vn 0.000000 0.000000 0.000000
vn 0.000000 0.000000 0.000000
vn 0.000000 0.000000 0.000000
vn 0.000000 0.000000 0.000000
vn 0.000000 0.000000 0.000000
vn 0.000000 0.000000 0.000000
vn 0.000000 0.000000 0.000000
vn 0.000000 0.000000 0.000000
vn 0.000000 0.000000 0.000000
vn 0.000000 0.000000 0.000000
vn 0.000000 0.000000 0.000000
vn 0.000000 0.000000 0.000000
vn 0.000000 0.000000 0.000000
vn 0.000000 0.000000 0.000000
vn 0.000000 0.000000 0.000000
vn 0.000000 0.000000 0.000000
vn 0.000000 0.000000 0.000000
vn 0.000000 0.000000 0.000000
vn 0.000000 0.000000 0.000000
vn 0.000000 0.000000 0.000000
vn 0.000000 0.000000 0.000000
vn 0.000000 0.000000 0.000000
vn 0.000000 0.000000 0.000000
vn 0.000000 0.000000 0.000000
vn 0.000000 0.000000 0.000000
vn 0.000000 0.000000 0.000000
vn 0.000000 0.000000 0.000000
vn 0.000000 1.000000 0.000000
vn 0.000000 1.000000 0.000000
vn 0.000000 1.000000 0.000000
vn 0.000000 1.000000 0.000000
vn 0.000000 0.000000 1.000000
vn 0.000000 0.000000 1.000000
vn 0.000000 0.000000 1.000000
vn 0.000000 0.000000 1.000000
vn 0.000000 1.000000 0.000000
vn 0.000000 1.000000 0.000000
vn 0.000000 1.000000 0.000000
vn 0.000000 1.000000 0.000000
vn 0.000000 1.000000 0.000000
vn 0.000000 1.000000 0.000000
vn 0.000000 1.000000 0.000000
vn 0.000000 1.000000 0.000000
vn 0.000000 0.000000 -1.000000
vn 0.000000 0.000000 -1.000000
vn 0.000000 0.000000 -1.000000
vn 0.000000 0.000000 -1.000000
vn 0.000000 0.000000 1.000000
vn 0.000000 0.000000 1.000000
vn 0.000000 0.000000 1.000000
vn 0.000000 0.000000 1.000000
vn 0.000000 0.000000 -1.000000
vn 0.000000 0.000000 -1.000000
vn 0.000000 0.000000 -1.000000
vn 0.000000 0.000000 -1.000000
vn 0.000000 -1.000000 0.000000
vn 0.000000 -1.000000 0.000000
vn 0.000000 -1.000000 0.000000
vn 0.000000 -1.000000 0.000000
vn 0.000000 0.000000 1.000000
vn 0.000000 0.000000 1.000000
vn 0.000000 0.000000 1.000000
vn 0.000000 0.000000 1.000000
vn 0.000000 -1.000000 0.000000
vn 0.000000 -1.000000 0.000000
vn 0.000000 -1.000000 0.000000
vn 0.000000 -1.000000 0.000000
vn 0.000000 0.000000 -1.000000
vn 0.000000 0.000000 -1.000000
vn 0.000000 0.000000 -1.000000
vn 0.000000 0.000000 -1.000000
vn 0.000000 -1.000000 0.000000
vn 0.000000 -1.000000 0.000000
vn 0.000000 -1.000000 0.000000
vn 0.000000 -1.000000 0.000000
vn 0.000000 1.000000 0.000000
vn 0.000000 1.000000 0.000000
vn 0.000000 1.000000 0.000000
vn 0.000000 1.000000 0.000000
vn 0.000000 0.000000 1.000000
vn 0.000000 0.000000 1.000000
vn 0.000000 0.000000 1.000000
vn 0.000000 0.000000 1.000000
vn 0.000000 1.000000 0.000000
vn 0.000000 1.000000 0.000000
vn 0.000000 1.000000 0.000000
vn 0.000000 1.000000 0.000000
vn 0.000000 1.000000 0.000000
vn 0.000000 1.000000 0.000000
vn 0.000000 1.000000 0.000000
vn 0.000000 1.000000 0.000000
vn 0.000000 0.000000 -1.000000
vn 0.000000 0.000000 -1.000000
vn 0.000000 0.000000 -1.000000
vn 0.000000 0.000000 -1.000000
vn 0.000000 0.000000 1.000000
vn 0.000000 0.000000 1.000000
vn 0.000000 0.000000 1.000000
vn 0.000000 0.000000 1.000000
vn 0.000000 0.000000 -1.000000
vn 0.000000 0.000000 -1.000000
vn 0.000000 0.000000 -1.000000
vn 0.000000 0.000000 -1.000000
vn 0.000000 -1.000000 0.000000
vn 0.000000 -1.000000 0.000000
vn 0.000000 -1.000000 0.000000
vn 0.000000 -1.000000 0.000000
vn 0.000000 0.000000 1.000000
vn 0.000000 0.000000 1.000000
vn 0.000000 0.000000 1.000000
vn 0.000000 0.000000 1.000000
vn 0.000000 -1.000000 0.000000
vn 0.000000 -1.000000 0.000000
vn 0.000000 -1.000000 0.000000
vn 0.000000 -1.000000 0.000000
vn 0.000000 0.000000 -1.000000
vn 0.000000 0.000000 -1.000000
vn 0.000000 0.000000 -1.000000
vn 0.000000 0.000000 -1.000000
vn 0.000000 -1.000000 0.000000
vn 0.000000 -1.000000 0.000000
vn 0.000000 -1.000000 0.000000
vn 0.000000 -1.000000 0.000000
vn 0.000000 1.000000 0.000000
vn 0.000000 1.000000 0.000000
vn 0.000000 1.000000 0.000000
vn 0.000000 1.000000 0.000000
vn 0.000000 0.000000 1.000000
vn 0.000000 0.000000 1.000000
vn 0.000000 0.000000 1.000000
vn 0.000000 0.000000 1.000000
vn 0.000000 1.000000 0.000000
vn 0.000000 1.000000 0.000000
vn 0.000000 1.000000 0.000000
vn 0.000000 1.000000 0.000000
vn 0.000000 1.000000 0.000000
vn 0.000000 1.000000 0.000000
vn 0.000000 1.000000 0.000000
vn 0.000000 1.000000 0.000000
vn 0.000000 0.000000 -1.000000
vn 0.000000 0.000000 -1.000000
vn 0.000000 0.000000 -1.000000
vn 0.000000 0.000000 -1.000000
vn 0.000000 0.000000 1.000000
vn 0.000000 0.000000 1.000000
vn 0.000000 0.000000 1.000000
vn 0.000000 0.000000 1.000000
vn 0.000000 0.000000 -1.000000
vn 0.000000 0.000000 -1.000000
vn 0.000000 0.000000 -1.000000
vn 0.000000 0.000000 -1.000000
vn 0.000000 -1.000000 0.000000
vn 0.000000 -1.000000 0.000000
vn 0.000000 -1.000000 0.000000
vn 0.000000 -1.000000 0.000000
vn 0.000000 0.000000 1.000000
vn 0.000000 0.000000 1.000000
vn 0.000000 0.000000 1.000000
vn 0.000000 0.000000 1.000000
vn 0.000000 -1.000000 0.000000
vn 0.000000 -1.000000 0.000000
vn 0.000000 -1.000000 0.000000
vn 0.000000 -1.000000 0.000000
vn 0.000000 0.000000 -1.000000
vn 0.000000 0.000000 -1.000000
vn 0.000000 0.000000 -1.000000
vn 0.000000 0.000000 -1.000000
vn 0.000000 -1.000000 0.000000
vn 0.000000 -1.000000 0.000000
vn 0.000000 -1.000000 0.000000
vn 0.000000 -1.000000 0.000000
vn 0.000000 1.000000 0.000000
vn 0.000000 1.000000 0.000000
vn 0.000000 1.000000 0.000000
vn 0.000000 1.000000 0.000000
vn 0.000000 0.000000 1.000000
vn 0.000000 0.000000 1.000000
vn 0.000000 0.000000 1.000000
vn 0.000000 0.000000 1.000000
vn 0.000000 1.000000 0.000000
vn 0.000000 1.000000 0.000000
vn 0.000000 1.000000 0.000000
vn 0.000000 1.000000 0.000000
vn 0.000000 1.000000 0.000000
vn 0.000000 1.000000 0.000000
vn 0.000000 1.000000 0.000000
vn 0.000000 1.000000 0.000000
vn 0.000000 0.000000 -1.000000
vn 0.000000 0.000000 -1.000000
vn 0.000000 0.000000 -1.000000
vn 0.000000 0.000000 -1.000000
vn 0.000000 0.000000 1.000000
vn 0.000000 0.000000 1.000000
vn 0.000000 0.000000 1.000000
vn 0.000000 0.000000 1.000000
vn 0.000000 0.000000 -1.000000
vn 0.000000 0.000000 -1.000000
vn 0.000000 0.000000 -1.000000
vn 0.000000 0.000000 -1.000000
vn 0.000000 -1.000000 0.000000
vn 0.000000 -1.000000 0.000000
vn 0.000000 -1.000000 0.000000
vn 0.000000 -1.000000 0.000000
vn 0.000000 0.000000 1.000000
vn 0.000000 0.000000 1.000000
vn 0.000000 0.000000 1.000000
vn 0.000000 0.000000 1.000000
vn 0.000000 -1.000000 0.000000
vn 0.000000 -1.000000 0.000000
vn 0.000000 -1.000000 0.000000
vn 0.000000 -1.000000 0.000000
vn 0.000000 0.000000 -1.000000
vn 0.000000 0.000000 -1.000000
vn 0.000000 0.000000 -1.000000
vn 0.000000 0.000000 -1.000000
vn 0.000000 -1.000000 0.000000
vn 0.000000 -1.000000 0.000000
vn 0.000000 -1.000000 0.000000
vn 0.000000 -1.000000 0.000000
vn -0.707089 0.000000 0.707125
vn -0.707089 0.000000 0.707125
vn -0.707089 0.000000 0.707125
vn -0.707089 0.000000 0.707125
vn -0.707089 0.707124 0.000000
vn -0.707089 0.707124 0.000000
vn -0.707089 0.707124 0.000000
vn -0.707089 0.707124 0.000000
vn -0.707089 0.707124 0.000000
vn -0.707089 0.707124 0.000000
vn -0.707089 0.000000 0.707125
vn -0.707089 0.000000 0.707125
vn -0.707089 0.707124 0.000000
vn -0.707089 0.707124 0.000000
vn -0.707089 0.000000 -0.707124
vn -0.707089 0.000000 -0.707124
vn -0.707089 0.000000 -0.707124
vn -0.707089 0.000000 -0.707124
vn -0.707089 0.000000 -0.707124
vn -0.707089 0.000000 -0.707124
vn -0.707088 0.000000 0.707125
vn -0.707088 0.000000 0.707125
vn -0.707089 0.000000 -0.707124
vn -0.707089 0.000000 -0.707124
vn -0.707089 -0.707124 0.000000
vn -0.707089 -0.707124 0.000000
vn -0.707089 -0.707124 0.000000
vn -0.707089 -0.707124 0.000000
vn -0.707089 -0.707124 0.000000
vn -0.707089 -0.707124 0.000000
vn -0.707089 -0.707124 0.000000
vn -0.707089 -0.707124 0.000000
vn -0.707089 0.000000 0.707124
vn -0.707089 0.000000 0.707124
vn -0.707089 0.000000 0.707124
vn -0.707089 0.000000 0.707124
vn -0.707089 0.707124 0.000000
vn -0.707089 0.707124 0.000000
vn -0.707089 0.707124 0.000000
vn -0.707089 0.707124 0.000000
vn -0.707089 0.707124 0.000000
vn -0.707089 0.707124 0.000000
vn -0.707089 0.000000 0.707124
vn -0.707089 0.000000 0.707124
vn -0.707089 0.707124 0.000000
vn -0.707089 0.707124 0.000000
vn -0.707089 0.000000 -0.707125
vn -0.707089 0.000000 -0.707125
vn -0.707089 0.000000 -0.707125
vn -0.707089 0.000000 -0.707125
vn -0.707089 0.000000 -0.707125
vn -0.707089 0.000000 -0.707125
vn -0.707089 0.000000 0.707124
vn -0.707089 0.000000 0.707124
vn -0.707088 0.000000 -0.707125
vn -0.707088 0.000000 -0.707125
vn -0.707089 -0.707124 0.000000
vn -0.707089 -0.707124 0.000000
vn -0.707089 -0.707124 0.000000
vn -0.707089 -0.707124 0.000000
vn -0.707089 -0.707124 0.000000
vn -0.707089 -0.707124 0.000000
vn -0.707089 -0.707124 0.000000
vn -0.707089 -0.707124 0.000000
vn -0.707088 0.000000 0.707125
vn -0.707088 0.000000 0.707125
vn -0.707089 0.000000 0.707125
vn -0.707089 0.000000 0.707125
vn -0.707089 0.707124 0.000000
vn -0.707089 0.707124 0.000000
vn -0.707089 0.707124 0.000000
vn -0.707089 0.707124 0.000000
vn -0.707089 0.707124 0.000000
vn -0.707089 0.707124 0.000000
vn -0.707089 0.000000 0.707125
vn -0.707089 0.000000 0.707125
vn -0.707089 0.707124 0.000000
vn -0.707089 0.707124 0.000000
vn -0.707089 0.000000 -0.707124
vn -0.707089 0.000000 -0.707124
vn -0.707089 0.000000 -0.707124
vn -0.707089 0.000000 -0.707124
vn -0.707089 0.000000 -0.707124
vn -0.707089 0.000000 -0.707124
vn -0.707088 0.000000 0.707125
vn -0.707088 0.000000 0.707125
vn -0.707089 0.000000 -0.707124
vn -0.707089 0.000000 -0.707124
vn -0.707088 -0.707125 0.000000
vn -0.707088 -0.707125 0.000000
vn -0.707088 -0.707125 0.000000
vn -0.707088 -0.707125 0.000000
vn -0.707088 -0.707125 0.000000
vn -0.707088 -0.707125 0.000000
vn -0.707088 -0.707125 0.000000
vn -0.707088 -0.707125 0.000000
vn -0.707089 0.000000 0.707124
vn -0.707089 0.000000 0.707124
vn -0.707089 0.000000 0.707124
vn -0.707089 0.000000 0.707124
vn -0.707089 0.707124 0.000000
vn -0.707089 0.707124 0.000000
vn -0.707089 0.707124 0.000000
vn -0.707089 0.707124 0.000000
vn -0.707089 0.707124 0.000000
vn -0.707089 0.707124 0.000000
vn -0.707089 0.000000 0.707124
vn -0.707089 0.000000 0.707124
vn -0.707089 0.707124 0.000000
vn -0.707089 0.707124 0.000000
vn -0.707088 0.000000 -0.707125
vn -0.707088 0.000000 -0.707125
vn -0.707089 0.000000 -0.707125
vn -0.707089 0.000000 -0.707125
vn -0.707089 0.000000 -0.707125
vn -0.707089 0.000000 -0.707125
vn -0.707089 0.000000 0.707124
vn -0.707089 0.000000 0.707124
vn -0.707088 0.000000 -0.707125
vn -0.707088 0.000000 -0.707125
vn -0.707088 -0.707125 0.000000
vn -0.707088 -0.707125 0.000000
vn -0.707088 -0.707125 0.000000
vn -0.707088 -0.707125 0.000000
vn -0.707088 -0.707125 0.000000
vn -0.707088 -0.707125 0.000000
vn -0.707088 -0.707125 0.000000
vn -0.707088 -0.707125 0.000000
vn -1.000000 0.000000 0.000000
vn -1.000000 0.000000 0.000000
vn -1.000000 0.000000 0.000000
vn -1.000000 0.000000 0.000000
vn -1.000000 0.000000 0.000000
vn -1.000000 0.000000 0.000000
vn -1.000000 0.000000 0.000000
vn -1.000000 0.000000 0.000000
vn -1.000000 0.000000 0.000000
vn -1.000000 0.000000 0.000000
vn -1.000000 0.000000 0.000000
vn -1.000000 0.000000 0.000000
vn -1.000000 0.000000 0.000000
vn -1.000000 0.000000 0.000000
vn -1.000000 0.000000 0.000000
vn -1.000000 0.000000 0.000000
vn -1.000000 0.000000 0.000000
vn -1.000000 0.000000 0.000000
vn -1.000000 0.000000 0.000000
vn -1.000000 0.000000 0.000000
vn -1.000000 0.000000 0.000000
vn -1.000000 0.000000 0.000000
vn -1.000000 0.000000 0.000000
vn -1.000000 0.000000 0.000000
vn -1.000000 0.000000 0.000000
vn -1.000000 0.000000 0.000000
vn -1.000000 0.000000 0.000000
vn -1.000000 0.000000 0.000000
vn -1.000000 0.000000 0.000000
vn -1.000000 0.000000 0.000000
vn -1.000000 0.000000 0.000000
vn -1.000000 0.000000 0.000000
vn -1.000000 0.000000 0.000000
vn -1.000000 0.000000 0.000000
vn -1.000000 0.000000 0.000000
vn -1.000000 0.000000 0.000000
vn -1.000000 0.000000 0.000000
vn -1.000000 0.000000 0.000000
vn -1.000000 0.000000 0.000000
vn -1.000000 0.000000 0.000000
vn -1.000000 0.000000 0.000000
vn -1.000000 0.000000 0.000000
vn -1.000000 0.000000 0.000000
vn -1.000000 0.000000 0.000000
vn -1.000000 0.000000 0.000000
vn -1.000000 0.000000 0.000000
vn -1.000000 0.000000 0.000000
vn -1.000000 0.000000 0.000000
vn 0.707089 0.000000 0.707124
vn 0.707089 0.000000 0.707124
vn 0.707089 0.000000 0.707124
vn 0.707089 0.000000 0.707124
vn 0.707090 0.707123 0.000000
vn 0.707090 0.707123 0.000000
vn 0.707090 0.707123 0.000000
vn 0.707090 0.707123 0.000000
vn 0.707090 0.707123 0.000000
vn 0.707090 0.707123 0.000000
vn 0.707089 0.000000 0.707124
vn 0.707089 0.000000 0.707124
vn 0.707090 0.707123 0.000000
vn 0.707090 0.707123 0.000000
vn 0.707089 0.000000 -0.707124
vn 0.707089 0.000000 -0.707124
vn 0.707089 -0.000000 -0.707124
vn 0.707089 -0.000000 -0.707124
vn 0.707089 -0.000000 -0.707124
vn 0.707089 -0.000000 -0.707124
vn 0.707089 0.000000 0.707124
vn 0.707089 0.000000 0.707124
vn 0.707089 0.000000 -0.707124
vn 0.707089 0.000000 -0.707124
vn 0.707089 -0.707124 0.000000
vn 0.707089 -0.707124 0.000000
vn 0.707089 -0.707124 0.000000
vn 0.707089 -0.707124 0.000000
vn 0.707089 -0.707124 0.000000
vn 0.707089 -0.707124 0.000000
vn 0.707089 -0.707124 0.000000
vn 0.707089 -0.707124 0.000000
vn 0.707089 0.000000 0.707125
vn 0.707089 0.000000 0.707125
vn 0.707089 -0.000000 0.707124
vn 0.707089 -0.000000 0.707124
vn 0.707090 0.707123 -0.000000
vn 0.707090 0.707123 -0.000000
vn 0.707090 0.707123 -0.000000
vn 0.707090 0.707123 -0.000000
vn 0.707090 0.707123 0.000000
vn 0.707090 0.707123 0.000000
vn 0.707089 -0.000000 0.707124
vn 0.707089 -0.000000 0.707125
vn 0.707090 0.707123 0.000000
vn 0.707090 0.707123 0.000000
vn 0.707089 0.000000 -0.707124
vn 0.707089 0.000000 -0.707124
vn 0.707089 0.000000 -0.707124
vn 0.707089 0.000000 -0.707124
vn 0.707089 0.000000 -0.707124
vn 0.707089 0.000000 -0.707124
vn 0.707089 0.000000 0.707124
vn 0.707089 0.000000 0.707124
vn 0.707089 0.000000 -0.707124
vn 0.707089 0.000000 -0.707124
vn 0.707089 -0.707124 0.000000
vn 0.707089 -0.707124 0.000000
vn 0.707089 -0.707124 0.000000
vn 0.707089 -0.707124 0.000000
vn 0.707089 -0.707124 0.000000
vn 0.707089 -0.707124 0.000000
vn 0.707089 -0.707124 0.000000
vn 0.707089 -0.707124 0.000000
vn 0.707089 0.000000 0.707125
vn 0.707089 0.000000 0.707125
vn 0.707089 0.000000 0.707125
vn 0.707089 0.000000 0.707125
vn 0.707089 0.707124 0.000000
vn 0.707089 0.707125 0.000000
vn 0.707089 0.707125 0.000000
vn 0.707089 0.707125 0.000000
vn 0.707089 0.707125 0.000000
vn 0.707089 0.707125 0.000000
vn 0.707089 0.000000 0.707125
vn 0.707089 0.000000 0.707125
vn 0.707089 0.707125 0.000000
vn 0.707089 0.707125 0.000000
vn 0.707089 0.000000 -0.707124
vn 0.707089 0.000000 -0.707124
vn 0.707089 0.000000 -0.707124
vn 0.707089 0.000000 -0.707124
vn 0.707089 0.000000 -0.707124
vn 0.707089 -0.000000 -0.707124
vn 0.707089 0.000000 0.707125
vn 0.707089 0.000000 0.707125
vn 0.707089 -0.000000 -0.707124
vn 0.707089 -0.000000 -0.707124
vn 0.707090 -0.707124 0.000000
vn 0.707090 -0.707124 0.000000
vn 0.707090 -0.707124 0.000000
vn 0.707090 -0.707124 0.000000
vn 0.707089 -0.707124 0.000000
vn 0.707089 -0.707124 0.000000
vn 0.707090 -0.707124 0.000000
vn 0.707089 -0.707124 0.000000
vn 0.707089 0.000000 0.707124
vn 0.707089 0.000000 0.707124
vn 0.707089 0.000000 0.707124
vn 0.707089 0.000000 0.707124
vn 0.707089 0.707125 0.000000
vn 0.707089 0.707125 0.000000
vn 0.707089 0.707125 0.000000
vn 0.707089 0.707125 0.000000
vn 0.707089 0.707125 0.000000
vn 0.707089 0.707125 0.000000
vn 0.707089 0.000000 0.707124
vn 0.707089 0.000000 0.707124
vn 0.707089 0.707124 0.000000
vn 0.707089 0.707125 0.000000
vn 0.707089 0.000000 -0.707125
vn 0.707089 0.000000 -0.707125
vn 0.707089 0.000000 -0.707125
vn 0.707089 0.000000 -0.707125
vn 0.707089 0.000000 -0.707125
vn 0.707089 0.000000 -0.707125
vn 0.707089 0.000000 0.707124
vn 0.707089 0.000000 0.707124
vn 0.707089 0.000000 -0.707125
vn 0.707089 0.000000 -0.707125
vn 0.707089 -0.707124 0.000000
vn 0.707090 -0.707124 0.000000
vn 0.707089 -0.707124 0.000000
vn 0.707090 -0.707124 0.000000
vn 0.707090 -0.707124 -0.000000
vn 0.707090 -0.707124 0.000000
vn 0.707090 -0.707124 -0.000000
vn 0.707090 -0.707124 -0.000000
vn 1.000000 0.000000 0.000000
vn 1.000000 0.000000 0.000000
vn 1.000000 0.000000 0.000000
vn 1.000000 0.000000 0.000000
vn 1.000000 0.000000 0.000000
vn 1.000000 0.000000 0.000000
vn 1.000000 -0.000000 -0.000000
vn 1.000000 0.000000 -0.000000
vn 1.000000 -0.000000 -0.000000
vn 1.000000 -0.000000 -0.000000
vn 1.000000 0.000000 0.000000
vn 1.000000 0.000000 0.000000
vn 1.000000 0.000000 0.000000
vn 1.000000 0.000000 0.000000
vn 1.000000 -0.000000 -0.000000
vn 1.000000 0.000000 0.000000
vn 1.000000 0.000000 0.000000
vn 1.000000 0.000000 0.000000
vn 1.000000 0.000000 0.000000
vn 1.000000 0.000000 0.000000
vn 1.000000 0.000000 0.000000
vn 1.000000 0.000000 0.000000
vn 1.000000 0.000000 0.000000
vn 1.000000 0.000000 0.000000
vn 1.000000 0.000000 0.000000
vn 1.000000 0.000000 0.000000
vn 1.000000 0.000000 0.000000
vn 1.000000 0.000000 0.000000
vn 1.000000 0.000000 0.000000
vn 1.000000 0.000000 0.000000
vn 1.000000 -0.000000 0.000000
vn 1.000000 0.000000 0.000000
vn 1.000000 0.000000 0.000000
vn 1.000000 -0.000000 0.000000
vn 1.000000 0.000000 -0.000000
vn 1.000000 0.000000 -0.000000
vn 1.000000 0.000000 0.000000
vn 1.000000 0.000000 0.000000
vn 1.000000 0.000000 0.000000
vn 1.000000 0.000000 -0.000000
vn 1.000000 0.000000 0.000000
vn 1.000000 0.000000 0.000000
vn 1.000000 0.000000 0.000000
vn 1.000000 0.000000 0.000000
vn 1.000000 0.000000 0.000000
vn 1.000000 0.000000 0.000000
vn 1.000000 0.000000 0.000000
vn 1.000000 0.000000 -0.000000
vn 0.000000 0.000000 1.000000
vn 0.000000 0.000000 1.000000
vn -1.000000 0.000001 -0.000012
vn -1.000000 0.000001 -0.000012
vn 0.000000 0.000000 1.000000
vn 1.000000 0.000001 -0.000012
vn 1.000000 0.000001 -0.000012
vn -1.000000 0.000001 0.000000
vn -1.000000 0.000001 0.000000
vn 1.000000 0.000001 -0.000000
vn 1.000000 0.000001 -0.000000
vn 0.000000 0.000000 -1.000000
vn 0.000000 0.000000 -1.000000
vn -1.000000 0.000001 0.000012
vn -1.000000 0.000001 0.000012
vn 1.000000 0.000001 0.000012
vn 1.000000 0.000001 0.000012
vn 0.000000 0.000000 -1.000000
vn 0.000000 0.000000 1.000000
vn 0.000000 0.000000 1.000000
vn -1.000000 -0.000001 -0.000009
vn -1.000000 -0.000004 -0.000006
vn 0.000000 0.000000 1.000000
vn 1.000000 -0.000004 -0.000006
vn 1.000000 -0.000001 -0.000009
vn -1.000000 -0.000005 0.000000
vn -1.000000 -0.000005 0.000000
vn 1.000000 -0.000005 -0.000000
vn 1.000000 -0.000005 -0.000000
vn 0.000000 0.000000 -1.000000
vn 0.000000 0.000000 -1.000000
vn -1.000000 -0.000004 0.000006
vn -1.000000 -0.000001 0.000009
vn 1.000000 -0.000001 0.000009
vn 1.000000 -0.000004 0.000006
vn 0.000000 0.000000 -1.000000
vn 0.000000 0.000000 1.000000
vn 0.000000 0.000000 1.000000
vn -1.000000 -0.000004 -0.000007
vn -1.000000 -0.000006 -0.000004
vn 0.000000 0.000000 1.000000
vn 1.000000 -0.000006 -0.000004
vn 1.000000 -0.000004 -0.000007
vn -1.000000 -0.000008 -0.000000
vn -1.000000 -0.000008 -0.000000
vn 1.000000 -0.000008 -0.000000
vn 1.000000 -0.000008 -0.000000
vn -1.000000 -0.000008 -0.000000
vn -1.000000 -0.000008 -0.000000
vn 1.000000 -0.000008 0.000000
vn 1.000000 -0.000008 0.000000
vn -1.000000 -0.000008 0.000000
vn 1.000000 -0.000008 -0.000000
vn -1.000000 -0.000008 0.000000
vn 1.000000 -0.000008 0.000000
vn -1.000000 -0.000008 -0.000000
vn -1.000000 -0.000008 -0.000000
vn 1.000000 -0.000008 0.000000
vn 1.000000 -0.000008 0.000000
vn -1.000000 -0.000008 0.000000
vn -1.000000 -0.000008 0.000000
vn 1.000000 -0.000008 0.000000
vn 1.000000 -0.000008 0.000000
vn -1.000000 -0.000006 0.000004
vn 1.000000 -0.000006 0.000004
vn 0.000000 0.000000 -1.000000
vn 0.000000 0.000000 -1.000000
vn -1.000000 -0.000004 0.000007
vn 1.000000 -0.000004 0.000007
vn 0.000000 0.000000 -1.000000
vn -0.707089 0.000000 -0.707125
vn -0.707089 0.000000 -0.707125
vn -0.707089 0.000001 -0.707124
vn -0.707089 0.000001 -0.707124
vn -0.707089 0.707124 0.000000
vn -0.707089 0.707124 0.000000
vn -0.707089 0.707124 0.000000
vn -0.707089 0.707124 0.000000
vn -0.707089 0.707124 0.000000
vn -0.707089 0.707124 0.000000
vn -0.707089 0.000001 -0.707124
vn -0.707089 0.000001 -0.707124
vn -0.707089 0.707124 0.000000
vn -0.707089 0.707124 0.000000
vn -0.707089 0.000000 0.707125
vn -0.707089 0.000000 0.707125
vn -0.707089 0.000001 0.707125
vn -0.707089 0.000001 0.707125
vn -0.707089 0.000002 0.707125
vn -0.707089 0.000002 0.707124
vn -0.707090 -0.707124 -0.000000
vn -0.707090 -0.707124 -0.000000
vn -0.707090 -0.707124 -0.000000
vn -0.707090 -0.707124 -0.000000
vn -0.707090 -0.707124 0.000000
vn -0.707090 -0.707124 0.000000
vn -0.707090 -0.707124 0.000000
vn -0.707090 -0.707124 0.000000
vn 0.707089 0.000000 -0.707125
vn 0.707089 0.000000 -0.707125
vn 0.707089 0.000001 -0.707125
vn 0.707089 0.000001 -0.707125
vn 0.707089 0.707124 0.000000
vn 0.707089 0.707124 0.000000
vn 0.707089 0.707124 0.000000
vn 0.707089 0.707124 0.000000
vn 0.707089 0.707124 0.000000
vn 0.707089 0.707124 0.000000
vn 0.707089 0.000001 -0.707125
vn 0.707089 0.000001 -0.707125
vn 0.707089 0.707124 0.000000
vn 0.707089 0.707124 0.000000
vn 0.707089 0.000000 0.707125
vn 0.707089 0.000000 0.707125
vn 0.707089 0.000001 0.707125
vn 0.707089 0.000001 0.707125
vn 0.707089 0.000001 0.707125
vn 0.707089 0.000001 0.707125
vn 0.707090 -0.707124 -0.000000
vn 0.707090 -0.707124 -0.000000
vn 0.707090 -0.707124 0.000000
vn 0.707090 -0.707124 0.000000
vn 0.707090 -0.707124 -0.000000
vn 0.707090 -0.707124 -0.000000
vn 0.707090 -0.707124 0.000000
vn 0.707090 -0.707124 0.000000
vn -0.707089 0.000000 -0.707125
vn -0.707089 0.000000 -0.707125
vn -0.707089 0.000001 -0.707125
vn -0.707089 0.000001 -0.707125
vn -0.707089 0.707124 0.000001
vn -0.707089 0.707124 0.000001
vn -0.707089 0.707124 0.000000
vn -0.707089 0.707124 0.000000
vn -0.707089 0.707124 0.000000
vn -0.707089 0.707124 0.000000
vn -0.707089 0.000001 -0.707125
vn -0.707089 0.000001 -0.707125
vn -0.707089 0.707124 0.000000
vn -0.707089 0.707124 0.000000
vn -0.707089 0.000000 0.707125
vn -0.707089 0.000000 0.707125
vn -0.707089 0.000001 0.707125
vn -0.707089 0.000001 0.707125
vn -0.707089 0.000001 0.707125
vn -0.707089 0.000001 0.707125
vn -0.707090 -0.707124 0.000000
vn -0.707090 -0.707124 0.000000
vn -0.707090 -0.707124 0.000000
vn -0.707090 -0.707124 0.000000
vn -0.707090 -0.707124 0.000000
vn -0.707090 -0.707124 0.000000
vn -0.707090 -0.707124 0.000000
vn -0.707090 -0.707124 0.000000
vn 0.707089 0.000000 -0.707125
vn 0.707089 0.000000 -0.707125
vn 0.707089 0.000001 -0.707125
vn 0.707089 0.000001 -0.707125
vn 0.707089 0.707124 0.000000
vn 0.707089 0.707124 0.000000
vn 0.707089 0.707124 0.000000
vn 0.707089 0.707124 0.000000
vn 0.707089 0.707124 0.000000
vn 0.707089 0.707124 0.000000
vn 0.707089 0.000002 -0.707125
vn 0.707089 0.000002 -0.707124
vn 0.707089 0.707124 0.000000
vn 0.707089 0.707124 0.000000
vn 0.707089 0.000000 0.707125
vn 0.707089 0.000000 0.707125
vn 0.707089 0.000001 0.707125
vn 0.707089 0.000001 0.707125
vn 0.707089 0.000001 0.707124
vn 0.707089 0.000001 0.707124
vn 0.707090 -0.707124 0.000000
vn 0.707090 -0.707124 0.000000
vn 0.707090 -0.707124 0.000000
vn 0.707090 -0.707124 0.000000
vn 0.707090 -0.707124 0.000000
vn 0.707090 -0.707124 0.000000
vn 0.707090 -0.707124 0.000000
vn 0.707090 -0.707124 0.000000
vn -1.000000 0.000000 -0.000000
vn -1.000000 0.000000 -0.000000
vn -1.000000 0.000001 -0.000000
vn -1.000000 0.000001 -0.000000
vn 1.000000 0.000000 -0.000000
vn 1.000000 0.000000 -0.000000
vn 1.000000 0.000001 -0.000000
vn 1.000000 0.000001 -0.000000
vn -1.000000 0.000000 0.000000
vn -1.000000 0.000001 0.000000
vn 1.000000 0.000000 0.000000
vn 1.000000 0.000001 0.000000
vn -1.000000 0.000000 0.000000
vn -1.000000 0.000001 0.000000
vn 1.000000 0.000000 0.000000
vn 1.000000 0.000001 0.000000
vn -1.000000 0.000000 0.000000
vn -1.000000 0.000000 0.000000
vn -1.000000 0.000001 0.000000
vn -1.000000 0.000001 0.000000
vn 1.000000 0.000000 0.000000
vn 1.000000 0.000000 0.000000
vn 1.000000 0.000001 0.000000
vn 1.000000 0.000001 0.000000
vn -1.000000 0.000000 0.000000
vn -1.000000 0.000001 0.000000
vn 1.000000 0.000000 0.000000
vn 1.000000 0.000001 0.000000
vn -1.000000 0.000000 0.000000
vn -1.000000 0.000001 0.000000
vn 1.000000 0.000000 0.000000
vn 1.000000 0.000001 0.000000
vn -1.000000 0.000002 -0.000000
vn -1.000000 0.000002 -0.000000
vn 1.000000 0.000002 -0.000000
vn 1.000000 0.000002 -0.000000
vn -1.000000 0.000002 0.000000
vn 1.000000 0.000002 0.000000
vn -1.000000 0.000002 0.000000
vn 1.000000 0.000002 0.000000
vn -1.000000 0.000002 0.000000
vn -1.000000 0.000002 0.000000
vn 1.000000 0.000002 0.000000
vn 1.000000 0.000002 0.000000
vn -1.000000 0.000002 0.000000
vn 1.000000 0.000002 0.000000
vn -1.000000 0.000002 0.000000
vn 1.000000 0.000002 0.000000
s 1
g pCube1
usemtl initialShadingGroup
f 1/1/1 2/2/2 5/5/3 4/4/4
f 2/2/2 3/3/5 6/6/6 5/5/3
f 4/4/4 5/5/3 8/8/7 7/7/8
f 5/5/3 6/6/6 9/9/9 8/8/7
f 7/7/8 8/8/7 11/11/10 10/10/11
f 8/8/7 9/9/9 12/12/12 11/11/10
f 10/10/11 11/11/10 14/14/13 13/13/14
f 11/11/10 12/12/12 15/15/15 14/14/13
f 13/13/14 14/14/13 17/17/16 16/16/17
f 14/14/13 15/15/15 18/18/18 17/17/16
f 16/16/17 17/17/16 20/20/19 19/19/20
f 17/17/16 18/18/18 21/21/21 20/20/19
f 19/19/20 20/20/19 23/23/22 22/22/23
f 20/20/19 21/21/21 24/24/24 23/23/22
f 22/22/23 23/23/22 26/26/25 25/25/26
f 23/23/22 24/24/24 27/27/27 26/26/25
f 25/25/26 26/26/25 29/29/28 28/28/29
f 26/26/25 27/27/27 30/30/30 29/29/28
s 2
f 421/548/31 422/549/32 423/31/33 424/550/34
f 422/549/32 425/551/35 426/552/36 423/31/33
f 424/550/34 423/31/33 427/33/37 428/553/38
f 423/31/33 426/552/36 429/554/39 427/33/37
f 428/553/38 427/33/37 430/34/40 431/555/41
f 427/33/37 429/554/39 432/556/42 430/34/40
f 431/555/41 430/34/40 433/36/43 434/557/44
f 430/34/40 432/556/42 435/558/45 433/36/43
f 434/557/44 433/36/43 436/39/46 437/559/47
f 433/36/43 435/558/45 438/560/48 436/39/46
f 437/559/47 436/39/46 439/41/49 440/561/50
f 436/39/46 438/560/48 441/562/51 439/41/49
f 440/561/50 439/41/49 442/42/52 443/563/53
f 439/41/49 441/562/51 444/564/54 442/42/52
f 443/563/53 442/42/52 445/44/55 446/565/56
f 442/42/52 444/564/54 447/566/57 445/44/55
f 446/565/56 445/44/55 448/567/58 449/568/59
f 445/44/55 447/566/57 450/569/60 448/567/58
s 3
f 47/46/61 48/47/62 51/50/63 50/49/64
f 48/47/62 49/48/65 52/51/66 51/50/63
f 50/49/64 51/50/63 54/53/67 53/52/68
f 51/50/63 52/51/66 55/54/69 54/53/67
f 53/52/68 54/53/67 57/56/70 56/55/71
f 54/53/67 55/54/69 58/57/72 57/56/70
f 56/55/71 57/56/70 60/59/73 59/58/74
f 57/56/70 58/57/72 61/60/75 60/59/73
f 59/58/74 60/59/73 63/62/76 62/61/77
f 60/59/73 61/60/75 64/63/78 63/62/76
f 62/61/77 63/62/76 66/65/79 65/64/80
f 63/62/76 64/63/78 67/66/81 66/65/79
f 65/64/80 66/65/79 69/68/82 68/67/83
f 66/65/79 67/66/81 70/69/84 69/68/82
f 68/67/83 69/68/82 72/71/85 71/70/86
f 69/68/82 70/69/84 73/72/87 72/71/85
f 71/70/86 72/71/85 75/74/88 74/73/89
f 72/71/85 73/72/87 76/75/90 75/74/88
s 4
f 74/73/91 75/74/92 78/77/93 77/76/94
f 75/74/92 76/75/95 79/78/96 78/77/93
f 77/76/94 78/77/93 81/80/97 80/79/98
f 78/77/93 79/78/96 82/81/99 81/80/97
f 80/79/98 81/80/97 84/83/100 83/82/101
f 81/80/97 82/81/99 85/84/102 84/83/100
f 83/82/101 84/83/100 87/86/103 86/85/104
f 84/83/100 85/84/102 88/87/105 87/86/103
f 86/85/104 87/86/103 90/89/106 89/88/107
f 87/86/103 88/87/105 91/90/108 90/89/106
f 89/88/107 90/89/106 93/92/109 92/91/110
f 90/89/106 91/90/108 94/93/111 93/92/109
f 92/91/110 93/92/109 96/95/112 95/94/113
f 93/92/109 94/93/111 97/96/114 96/95/112
f 95/94/113 96/95/112 99/98/115 98/97/116
f 96/95/112 97/96/114 100/99/117 99/98/115
f 98/97/116 99/98/115 2/101/118 1/100/119
f 99/98/115 100/99/117 3/102/120 2/101/118
s 5
f 79/104/121 76/103/122 73/112/123 101/499/124
f 82/105/125 79/104/121 101/499/124 102/500/126
f 85/106/127 82/105/125 102/500/126 103/501/128
f 88/107/129 85/106/127 103/501/128 104/502/130
f 91/108/131 88/107/129 104/502/130 105/113/132
f 94/109/133 91/108/131 105/113/132 106/114/134
f 97/110/135 94/109/133 106/114/134 107/115/136
f 100/111/137 97/110/135 107/115/136 108/116/138
f 3/3/139 100/111/137 108/116/138 6/6/140
f 101/499/124 73/112/123 70/117/141 109/408/142
f 105/113/132 104/502/130 110/118/143 111/119/144
f 6/6/140 108/116/138 112/120/145 9/9/146
f 109/408/142 70/117/141 67/121/147 113/122/148
s 6
f 322/451/149 321/448/150 323/463/151 324/466/152
s 5
f 111/119/144 110/118/143 114/123/153 115/124/154
s 7
f 326/456/155 325/453/156 327/469/157 328/472/158
s 5
f 9/9/146 112/120/145 116/425/159 12/12/160
f 113/122/148 67/121/147 64/125/161 117/126/162
f 115/124/154 114/123/153 120/129/163 121/503/164
f 12/12/160 116/425/159 124/506/165 15/15/166
f 117/126/162 64/125/161 61/130/167 125/507/168
f 118/127/169 117/126/162 125/507/168 126/508/170
f 119/128/171 118/127/169 126/508/170 127/509/172
f 120/129/163 119/128/171 127/509/172 128/510/173
f 121/503/164 120/129/163 128/510/173 129/131/174
f 122/504/175 121/503/164 129/131/174 130/132/176
f 123/505/177 122/504/175 130/132/176 131/133/178
f 124/506/165 123/505/177 131/133/178 132/134/179
f 15/15/166 124/506/165 132/134/179 18/18/180
f 125/507/168 61/130/167 58/135/181 133/428/182
f 129/131/174 128/510/173 134/136/183 135/137/184
f 18/18/180 132/134/179 136/138/185 21/21/186
f 133/428/182 58/135/181 55/139/187 137/140/188
s 8
f 330/477/189 329/474/190 331/489/191 332/492/192
s 5
f 135/137/184 134/136/183 138/141/193 139/142/194
s 9
f 334/482/195 333/479/196 335/495/197 336/498/198
s 5
f 21/21/186 136/138/185 140/445/199 24/24/200
f 137/140/188 55/139/187 52/143/201 141/144/202
f 139/142/194 138/141/193 144/147/203 145/511/204
f 24/24/200 140/445/199 148/514/205 27/27/206
f 141/144/202 52/143/201 49/148/207 46/149/208
f 142/145/209 141/144/202 46/149/208 44/150/210
f 143/146/211 142/145/209 44/150/210 42/151/212
f 144/147/203 143/146/211 42/151/212 40/152/213
f 145/511/204 144/147/203 40/152/213 38/153/214
f 146/512/215 145/511/204 38/153/214 36/154/216
f 147/513/217 146/512/215 36/154/216 34/155/218
f 148/514/205 147/513/217 34/155/218 32/156/219
f 27/27/206 148/514/205 32/156/219 30/30/220
s 10
f 74/157/221 77/158/222 149/167/223 71/166/224
f 77/158/222 80/159/225 150/168/226 149/167/223
f 80/159/225 83/160/227 151/169/228 150/168/226
f 83/160/227 86/161/229 152/170/230 151/169/228
f 86/161/229 89/162/231 153/171/232 152/170/230
f 89/162/231 92/163/233 154/172/234 153/171/232
f 92/163/233 95/164/235 155/173/236 154/172/234
f 95/164/235 98/165/237 156/174/238 155/173/236
f 98/165/237 1/1/239 4/4/240 156/174/238
f 71/166/224 149/167/223 157/176/241 68/175/242
f 152/170/230 153/171/232 159/178/243 158/177/244
f 156/174/238 4/4/240 7/7/245 160/179/246
f 68/175/242 157/176/241 161/181/247 65/180/248
s 11
f 257/305/249 258/316/250 260/323/251 259/322/252
s 10
f 158/177/244 159/178/243 163/183/253 162/182/254
s 12
f 261/311/255 262/319/256 264/329/257 263/328/258
s 10
f 160/179/246 7/7/245 10/10/259 164/184/260
f 65/180/248 161/181/247 165/186/261 62/185/262
f 162/182/254 163/183/253 169/190/263 168/189/264
f 164/184/260 10/10/259 13/13/265 172/193/266
f 62/185/262 165/186/261 173/195/267 59/194/268
f 165/186/261 166/187/269 174/196/270 173/195/267
f 166/187/269 167/188/271 175/197/272 174/196/270
f 167/188/271 168/189/264 176/198/273 175/197/272
f 168/189/264 169/190/263 177/199/274 176/198/273
f 169/190/263 170/191/275 178/200/276 177/199/274
f 170/191/275 171/192/277 179/201/278 178/200/276
f 171/192/277 172/193/266 180/202/279 179/201/278
f 172/193/266 13/13/265 16/16/280 180/202/279
f 59/194/268 173/195/267 181/204/281 56/203/282
f 176/198/273 177/199/274 183/206/283 182/205/284
f 180/202/279 16/16/280 19/19/285 184/207/286
f 56/203/282 181/204/281 185/209/287 53/208/288
s 13
f 265/335/289 266/346/290 268/353/291 267/352/292
s 10
f 182/205/284 183/206/283 187/211/293 186/210/294
s 14
f 269/341/295 270/349/296 272/359/297 271/358/298
s 10
f 184/207/286 19/19/285 22/22/299 188/212/300
f 53/208/288 185/209/287 189/214/301 50/213/302
f 186/210/294 187/211/293 193/218/303 192/217/304
f 188/212/300 22/22/299 25/25/305 196/221/306
f 50/213/302 189/214/301 45/223/307 47/222/308
f 189/214/301 190/215/309 43/224/310 45/223/307
f 190/215/309 191/216/311 41/225/312 43/224/310
f 191/216/311 192/217/304 39/226/313 41/225/312
f 192/217/304 193/218/303 37/227/314 39/226/313
f 193/218/303 194/219/315 35/228/316 37/227/314
f 194/219/315 195/220/317 33/229/318 35/228/316
f 195/220/317 196/221/306 31/230/319 33/229/318
f 196/221/306 25/25/305 28/28/320 31/230/319
s off
f 177/199/321 178/200/322 198/232/323 197/231/324
f 183/206/325 177/199/326 197/231/327 199/233/328
f 178/200/329 179/201/330 200/234/331 198/232/332
f 179/201/333 180/202/334 201/235/335 200/234/336
f 180/202/337 184/207/338 202/236/339 201/235/340
f 187/211/341 183/206/342 199/233/343 203/237/344
f 184/207/345 188/212/346 204/238/347 202/236/348
f 194/219/349 193/218/350 206/240/351 205/239/352
f 193/218/353 187/211/354 203/237/355 206/240/356
f 195/220/357 194/219/358 205/239/359 207/241/360
f 188/212/361 196/221/362 208/242/363 204/238/364
f 196/221/365 195/220/366 207/241/367 208/242/368
f 149/167/369 150/168/370 210/363/371 209/364/372
f 157/176/373 149/167/374 209/364/375 211/243/376
f 150/168/377 151/169/378 212/365/379 210/363/380
f 151/169/381 152/170/382 213/366/383 212/365/384
f 152/170/385 158/177/386 214/272/387 213/366/388
f 161/171/389 157/172/390 211/367/391 215/245/392
f 158/178/393 162/171/394 216/368/395 214/247/396
f 166/172/397 165/173/398 218/369/399 217/246/400
f 165/173/401 161/174/402 215/370/403 218/369/404
f 167/174/405 166/179/406 217/371/407 219/248/408
f 162/181/409 168/176/410 220/372/411 216/250/412
f 168/177/413 167/182/414 219/373/415 220/244/416
f 153/183/417 154/178/418 222/374/419 221/252/420
f 159/179/421 153/184/422 221/375/423 223/249/424
f 154/187/425 155/186/426 224/376/427 222/254/428
f 155/186/429 156/181/430 225/377/431 224/376/432
f 156/188/433 160/187/434 226/378/435 225/255/436
f 163/182/437 159/189/438 223/379/439 227/251/440
f 160/189/441 164/188/442 228/380/443 226/256/444
f 170/191/445 169/190/446 230/381/447 229/382/448
f 169/190/449 163/183/450 227/282/451 230/381/452
f 171/192/453 170/191/454 229/382/455 231/383/456
f 164/184/457 172/193/458 232/384/459 228/253/460
f 172/193/461 171/192/462 231/383/463 232/384/464
f 173/195/465 174/196/466 234/385/467 233/386/468
f 181/204/469 173/195/470 233/386/471 235/257/472
f 174/196/473 175/197/474 236/387/475 234/385/476
f 175/197/477 176/198/478 237/388/479 236/387/480
f 176/198/481 182/205/482 238/288/483 237/388/484
f 185/231/485 181/232/486 235/389/487 239/259/488
f 182/233/489 186/231/490 240/390/491 238/261/492
f 190/232/493 189/234/494 242/391/495 241/260/496
f 189/234/497 185/235/498 239/392/499 242/391/500
f 191/235/501 190/236/502 241/393/503 243/262/504
f 186/209/505 192/204/506 244/394/507 240/264/508
f 192/205/509 191/210/510 243/395/511 244/258/512
f 197/237/513 198/233/514 246/396/515 245/266/516
f 199/236/517 197/238/518 245/397/519 247/263/520
f 198/215/521 200/214/522 248/398/523 246/268/524
f 200/214/525 201/209/526 249/399/527 248/398/528
f 201/216/529 202/215/530 250/400/531 249/269/532
f 203/210/533 199/217/534 247/401/535 251/265/536
f 202/217/537 204/216/538 252/402/539 250/270/540
f 205/239/541 206/240/542 254/403/543 253/404/544
f 206/240/545 203/237/546 251/298/547 254/403/548
f 207/241/549 205/239/550 253/404/551 255/405/552
f 204/238/553 208/242/554 256/406/555 252/267/556
f 208/242/557 207/241/558 255/405/559 256/406/560
s 15
f 209/364/561 273/303/562 275/315/563 211/243/564
s 16
f 273/303/565 209/364/566 210/363/567 274/304/568
f 274/304/568 210/363/567 212/365/569 276/306/570
s 15
f 211/243/564 275/315/563 279/321/571 215/271/572
s 16
f 276/306/570 212/365/569 213/366/573 277/307/574
s 17
f 277/307/575 213/366/576 214/272/577 278/308/578
f 278/308/578 214/272/577 216/274/579 280/317/580
s 15
f 215/271/572 279/321/571 282/277/581 218/273/582
s 17
f 280/317/580 216/274/579 220/278/583 284/325/584
s 18
f 217/276/585 281/324/586 283/326/587 219/275/588
f 281/324/586 217/276/585 218/273/589 282/277/590
f 219/275/588 283/326/587 284/325/591 220/278/592
s 19
f 221/280/593 285/309/594 287/318/595 223/279/596
s 20
f 285/309/597 221/280/598 222/281/599 286/310/600
f 286/310/600 222/281/599 224/283/601 288/312/602
s 19
f 223/279/596 287/318/595 291/327/603 227/282/604
s 20
f 288/312/602 224/283/601 225/284/605 289/313/606
s 21
f 289/313/607 225/284/608 226/285/609 290/314/610
f 290/314/610 226/285/609 228/253/611 292/320/612
s 19
f 227/282/604 291/327/603 294/286/613 230/381/614
s 21
f 292/320/612 228/253/611 232/384/615 296/331/616
s 22
f 229/382/617 293/330/618 295/332/619 231/383/620
f 293/330/618 229/382/617 230/381/621 294/286/622
f 231/383/620 295/332/619 296/331/623 232/384/624
s 23
f 233/386/625 297/333/626 299/345/627 235/257/628
s 24
f 297/333/629 233/386/630 234/385/631 298/334/632
f 298/334/632 234/385/631 236/387/633 300/336/634
s 23
f 235/257/628 299/345/627 303/351/635 239/287/636
s 24
f 300/336/634 236/387/633 237/388/637 301/337/638
s 25
f 301/337/639 237/388/640 238/288/641 302/338/642
f 302/338/642 238/288/641 240/290/643 304/347/644
s 23
f 239/287/636 303/351/635 306/293/645 242/289/646
s 25
f 304/347/644 240/290/643 244/294/647 308/355/648
s 26
f 241/292/649 305/354/650 307/356/651 243/291/652
f 305/354/650 241/292/649 242/289/653 306/293/654
f 243/291/652 307/356/651 308/355/655 244/294/656
s 27
f 245/296/657 309/339/658 311/348/659 247/295/660
s 28
f 309/339/661 245/296/662 246/297/663 310/340/664
f 310/340/664 246/297/663 248/299/665 312/342/666
s 27
f 247/295/660 311/348/659 315/357/667 251/298/668
s 28
f 312/342/666 248/299/665 249/300/669 313/343/670
s 29
f 313/343/671 249/300/672 250/301/673 314/344/674
f 314/344/674 250/301/673 252/267/675 316/350/676
s 27
f 251/298/668 315/357/667 318/302/677 254/403/678
s 29
f 316/350/676 252/267/675 256/406/679 320/361/680
s 30
f 253/404/681 317/360/682 319/362/683 255/405/684
f 317/360/682 253/404/681 254/403/685 318/302/686
f 255/405/684 319/362/683 320/361/687 256/406/688
s 11
f 273/303/689 274/304/690 257/305/249 275/315/691
f 274/304/690 276/306/692 258/316/250 257/305/249
f 276/306/692 277/307/693 278/308/694 258/316/250
s 12
f 285/309/695 286/310/696 261/311/255 287/318/697
f 286/310/696 288/312/698 262/319/256 261/311/255
f 288/312/698 289/313/699 290/314/700 262/319/256
s 11
f 275/315/691 257/305/249 259/322/252 279/321/701
f 258/316/250 278/308/694 280/317/702 260/323/251
s 12
f 287/318/697 261/311/255 263/328/258 291/327/703
f 262/319/256 290/314/700 292/320/704 264/329/257
s 11
f 279/321/701 259/322/252 281/324/705 282/277/706
f 259/322/252 260/323/251 283/326/707 281/324/705
f 260/323/251 280/317/702 284/325/708 283/326/707
s 12
f 291/327/703 263/328/258 293/330/709 294/286/710
f 263/328/258 264/329/257 295/332/711 293/330/709
f 264/329/257 292/320/704 296/331/712 295/332/711
s 13
f 297/333/713 298/334/714 265/335/289 299/345/715
f 298/334/714 300/336/716 266/346/290 265/335/289
f 300/336/716 301/337/717 302/338/718 266/346/290
s 14
f 309/339/719 310/340/720 269/341/295 311/348/721
f 310/340/720 312/342/722 270/349/296 269/341/295
f 312/342/722 313/343/723 314/344/724 270/349/296
s 13
f 299/345/715 265/335/289 267/352/292 303/351/725
f 266/346/290 302/338/718 304/347/726 268/353/291
s 14
f 311/348/721 269/341/295 271/358/298 315/357/727
f 270/349/296 314/344/724 316/350/728 272/359/297
s 13
f 303/351/725 267/352/292 305/354/729 306/293/730
f 267/352/292 268/353/291 307/356/731 305/354/729
f 268/353/291 304/347/726 308/355/732 307/356/731
s 14
f 315/357/727 271/358/298 317/360/733 318/302/734
f 271/358/298 272/359/297 319/362/735 317/360/733
f 272/359/297 316/350/728 320/361/736 319/362/735
s 31
f 337/407/737 101/499/738 109/408/739 339/447/740
s 32
f 101/499/741 337/407/742 338/449/743 102/500/744
f 102/500/744 338/449/743 340/450/745 103/501/746
s 31
f 339/447/740 109/408/739 113/411/747 343/457/748
s 32
f 103/501/746 340/450/745 341/409/749 104/502/750
s 33
f 104/502/751 341/409/752 342/458/753 110/118/754
f 110/118/754 342/458/753 344/465/755 114/410/756
s 31
f 343/457/748 113/411/747 117/413/757 345/461/758
s 33
f 114/410/756 344/465/755 348/416/759 120/412/760
s 34
f 345/461/761 117/413/762 118/414/763 346/462/764
f 346/462/764 118/414/763 119/415/765 347/464/766
f 347/464/766 119/415/765 120/412/767 348/416/768
s 35
f 349/418/769 105/417/770 111/421/771 351/452/772
s 36
f 105/417/773 349/418/774 350/454/775 106/419/776
f 106/419/776 350/454/775 352/455/777 107/420/778
s 35
f 351/452/772 111/421/771 115/124/779 355/459/780
s 36
f 107/420/778 352/455/777 353/423/781 108/422/782
s 37
f 108/422/783 353/423/784 354/460/785 112/424/786
f 112/424/786 354/460/785 356/471/787 116/425/788
s 35
f 355/459/780 115/124/779 121/503/789 357/467/790
s 37
f 116/425/788 356/471/787 360/426/791 124/506/792
s 38
f 357/467/793 121/503/794 122/504/795 358/468/796
f 358/468/796 122/504/795 123/505/797 359/470/798
f 359/470/798 123/505/797 124/506/799 360/426/800
s 39
f 361/427/801 125/507/802 133/428/803 363/473/804
s 40
f 125/507/805 361/427/806 362/475/807 126/508/808
f 126/508/808 362/475/807 364/476/809 127/509/810
s 39
f 363/473/804 133/428/803 137/431/811 367/483/812
s 40
f 127/509/810 364/476/809 365/429/813 128/510/814
s 41
f 128/510/815 365/429/816 366/484/817 134/136/818
f 134/136/818 366/484/817 368/491/819 138/430/820
s 39
f 367/483/812 137/431/811 141/433/821 369/487/822
s 41
f 138/430/820 368/491/819 372/436/823 144/432/824
s 42
f 369/487/825 141/433/826 142/434/827 370/488/828
f 370/488/828 142/434/827 143/435/829 371/490/830
f 371/490/830 143/435/829 144/432/831 372/436/832
s 43
f 373/438/833 129/437/834 135/441/835 375/478/836
s 44
f 129/437/837 373/438/838 374/480/839 130/439/840
f 130/439/840 374/480/839 376/481/841 131/440/842
s 43
f 375/478/836 135/441/835 139/142/843 379/485/844
s 44
f 131/440/842 376/481/841 377/443/845 132/442/846
s 45
f 132/442/847 377/443/848 378/486/849 136/444/850
f 136/444/850 378/486/849 380/497/851 140/445/852
s 43
f 379/485/844 139/142/843 145/511/853 381/493/854
s 45
f 140/445/852 380/497/851 384/446/855 148/514/856
s 46
f 381/493/857 145/511/858 146/512/859 382/494/860
f 382/494/860 146/512/859 147/513/861 383/496/862
f 383/496/862 147/513/861 148/514/863 384/446/864
s 6
f 338/449/865 337/407/866 339/447/867 321/448/150
f 340/450/868 338/449/865 321/448/150 322/451/149
f 341/409/869 340/450/868 322/451/149 342/458/870
s 7
f 350/454/871 349/418/872 351/452/873 325/453/156
f 352/455/874 350/454/871 325/453/156 326/456/155
f 353/423/875 352/455/874 326/456/155 354/460/876
s 6
f 321/448/150 339/447/867 343/457/877 323/463/151
f 342/458/870 322/451/149 324/466/152 344/465/878
s 7
f 325/453/156 351/452/873 355/459/879 327/469/157
f 354/460/876 326/456/155 328/472/158 356/471/880
s 6
f 323/463/151 343/457/877 345/461/881 346/462/882
f 324/466/152 323/463/151 346/462/882 347/464/883
f 344/465/878 324/466/152 347/464/883 348/416/884
s 7
f 327/469/157 355/459/879 357/467/885 358/468/886
f 328/472/158 327/469/157 358/468/886 359/470/887
f 356/471/880 328/472/158 359/470/887 360/426/888
s 8
f 362/475/889 361/427/890 363/473/891 329/474/190
f 364/476/892 362/475/889 329/474/190 330/477/189
f 365/429/893 364/476/892 330/477/189 366/484/894
s 9
f 374/480/895 373/438/896 375/478/897 333/479/196
f 376/481/898 374/480/895 333/479/196 334/482/195
f 377/443/899 376/481/898 334/482/195 378/486/900
s 8
f 329/474/190 363/473/891 367/483/901 331/489/191
f 366/484/894 330/477/189 332/492/192 368/491/902
s 9
f 333/479/196 375/478/897 379/485/903 335/495/197
f 378/486/900 334/482/195 336/498/198 380/497/904
s 8
f 331/489/191 367/483/901 369/487/905 370/488/906
f 332/492/192 331/489/191 370/488/906 371/490/907
f 368/491/902 332/492/192 371/490/907 372/436/908
s 9
f 335/495/197 379/485/903 381/493/909 382/494/910
f 336/498/198 335/495/197 382/494/910 383/496/911
f 380/497/904 336/498/198 383/496/911 384/446/912
s 1
f 28/28/29 29/29/28 386/516/913 385/515/914
s 10
f 31/654/319 28/28/320 385/515/915 387/572/916
s 1
f 29/29/28 30/30/30 388/517/917 386/516/913
s 5
f 30/30/220 32/32/219 389/518/918 388/517/919
s 10
f 39/38/313 37/35/314 390/519/920 392/521/921
s 5
f 38/37/214 40/40/213 393/522/922 391/520/923
s 3
f 48/47/62 47/46/61 397/526/924 396/525/925
s 10
f 47/46/308 45/43/307 394/523/926 397/526/927
s 5
f 46/45/208 49/48/207 398/527/928 395/524/929
s 3
f 49/48/65 48/47/62 396/525/925 398/527/930
s 1
f 385/515/914 386/516/913 400/529/931 399/528/932
s 10
f 387/572/916 385/515/915 399/528/933 401/530/934
s 1
f 386/516/913 388/517/917 402/531/935 400/529/931
s 5
f 388/517/919 389/518/918 403/532/936 402/531/937
s 10
f 392/521/921 390/519/920 408/537/938 410/539/939
s 5
f 391/520/923 393/522/922 411/540/940 409/538/941
s 3
f 396/525/925 397/526/924 419/546/942 418/545/943
s 10
f 397/526/927 394/523/926 416/544/944 419/546/945
s 5
f 395/524/929 398/527/928 420/547/946 417/656/947
s 3
f 398/527/930 396/525/925 418/545/943 420/547/948
s 1
f 399/528/932 400/529/931 422/549/949 421/548/950
s 10
f 401/530/934 399/528/933 421/548/951 424/550/952
s 1
f 400/529/931 402/531/935 425/551/953 422/549/949
s 5
f 402/531/937 403/532/936 426/552/954 425/551/955
s 10
f 404/533/956 401/530/934 424/550/952 428/553/957
s 5
f 403/532/936 405/534/958 429/554/959 426/552/954
s 10
f 406/535/960 404/533/956 428/553/957 431/555/961
s 5
f 405/534/958 407/536/962 432/556/963 429/554/959
s 10
f 408/537/938 406/535/960 431/555/961 434/557/964
s 5
f 407/536/962 409/538/941 435/558/965 432/556/963
s 10
f 410/539/939 408/537/938 434/557/964 437/559/966
s 5
f 409/538/941 411/540/940 438/560/967 435/558/965
s 10
f 412/541/968 410/539/939 437/559/966 440/561/969
s 5
f 411/540/940 413/542/970 441/562/971 438/560/967
s 10
f 414/543/972 412/541/968 440/561/969 443/563/973
s 5
f 413/542/970 415/610/974 444/564/975 441/562/971
s 10
f 416/544/944 414/543/972 443/563/973 446/565/976
s 5
f 415/610/974 417/656/947 447/566/977 444/564/975
s 3
f 418/545/943 419/546/942 449/568/978 448/567/979
s 10
f 419/546/945 416/544/944 446/565/976 449/568/980
s 5
f 417/656/947 420/547/946 450/569/981 447/566/977
s 3
f 420/547/948 418/545/943 448/567/979 450/569/982
s 47
f 459/570/983 31/654/984 387/572/985 461/613/986
s 48
f 31/654/987 459/570/988 460/616/989 33/653/990
f 33/653/990 460/616/989 462/618/991 35/571/992
s 47
f 461/613/986 387/572/985 401/577/993 465/629/994
s 48
f 35/571/992 462/618/991 463/574/995 37/573/996
s 49
f 37/573/997 463/574/998 464/637/999 390/575/1000
f 390/575/1000 464/637/999 468/580/1001 408/576/1002
s 50
f 465/629/1003 401/577/1004 404/578/1005 466/630/1006
f 466/630/1006 404/578/1005 406/579/1007 467/634/1008
f 467/634/1008 406/579/1007 408/576/1009 468/580/1010
s 51
f 32/582/1011 469/614/1012 471/631/1013 389/581/1014
s 52
f 469/614/1015 32/582/1016 34/583/1017 470/615/1018
f 470/615/1018 34/583/1017 36/585/1019 472/617/1020
s 51
f 389/581/1014 471/631/1013 476/590/1021 403/584/1022
s 52
f 472/617/1020 36/585/1019 38/586/1023 473/619/1024
s 53
f 473/619/1025 38/586/1026 391/587/1027 474/620/1028
f 474/620/1028 391/587/1027 409/591/1029 478/639/1030
s 54
f 405/589/1031 475/636/1032 477/640/1033 407/588/1034
f 475/636/1032 405/589/1031 403/584/1035 476/590/1036
f 407/588/1034 477/640/1033 478/639/1037 409/591/1038
s 55
f 479/593/1039 39/592/1040 392/596/1041 481/621/1042
s 56
f 39/592/1043 479/593/1044 480/624/1045 41/594/1046
f 41/594/1046 480/624/1045 482/626/1047 43/595/1048
s 55
f 481/621/1042 392/596/1041 410/601/1049 485/641/1050
s 56
f 43/595/1048 482/626/1047 483/598/1051 45/597/1052
s 57
f 45/597/1053 483/598/1054 484/649/1055 394/599/1056
f 394/599/1056 484/649/1055 488/604/1057 416/600/1058
s 58
f 485/641/1059 410/601/1060 412/602/1061 486/642/1062
f 486/642/1062 412/602/1061 414/603/1063 487/646/1064
f 487/646/1064 414/603/1063 416/600/1065 488/604/1066
s 59
f 40/606/1067 489/622/1068 491/643/1069 393/605/1070
s 60
f 489/622/1071 40/606/1072 42/655/1073 490/623/1074
f 490/623/1074 42/655/1073 44/608/1075 492/625/1076
s 59
f 393/605/1070 491/643/1069 496/612/1077 411/607/1078
s 60
f 492/625/1076 44/608/1075 46/609/1079 493/627/1080
s 61
f 493/627/1081 46/609/1082 395/524/1083 494/628/1084
f 494/628/1084 395/524/1083 417/656/1085 498/651/1086
s 62
f 413/611/1087 495/648/1088 497/652/1089 415/610/1090
f 495/648/1088 413/611/1087 411/607/1091 496/612/1092
f 415/610/1090 497/652/1089 498/651/1093 417/656/1094
s 63
f 460/616/1095 459/570/1096 461/613/1097 451/633/1098
s 64
f 469/614/1099 470/615/1100 453/632/1101 471/631/1102
s 63
f 462/618/1103 460/616/1095 451/633/1098 452/638/1104
s 64
f 470/615/1100 472/617/1105 454/635/1106 453/632/1101
s 63
f 463/574/1107 462/618/1103 452/638/1104 464/637/1108
s 64
f 472/617/1105 473/619/1109 474/620/1110 454/635/1106
s 65
f 480/624/1111 479/593/1112 481/621/1113 455/645/1114
s 66
f 489/622/1115 490/623/1116 457/644/1117 491/643/1118
s 65
f 482/626/1119 480/624/1111 455/645/1114 456/650/1120
s 66
f 490/623/1116 492/625/1121 458/647/1122 457/644/1117
s 65
f 483/598/1123 482/626/1119 456/650/1120 484/649/1124
s 66
f 492/625/1121 493/627/1125 494/628/1126 458/647/1122
s 63
f 451/633/1098 461/613/1097 465/629/1127 466/630/1128
s 64
f 471/631/1102 453/632/1101 475/636/1129 476/590/1130
s 63
f 452/638/1104 451/633/1098 466/630/1128 467/634/1131
s 64
f 453/632/1101 454/635/1106 477/640/1132 475/636/1129
s 63
f 464/637/1108 452/638/1104 467/634/1131 468/580/1133
s 64
f 454/635/1106 474/620/1110 478/639/1134 477/640/1132
s 65
f 455/645/1114 481/621/1113 485/641/1135 486/642/1136
s 66
f 491/643/1118 457/644/1117 495/648/1137 496/612/1138
s 65
f 456/650/1120 455/645/1114 486/642/1136 487/646/1139
s 66
f 457/644/1117 458/647/1122 497/652/1140 495/648/1137
s 65
f 484/649/1124 456/650/1120 487/646/1139 488/604/1141
s 66
f 458/647/1122 494/628/1126 498/651/1142 497/652/1140
g default
v -0.276011 -0.450349 2.681106
v 0.276011 -0.450349 2.681106
v -0.276011 0.450349 2.681106
v 0.276011 0.450349 2.681106
v -0.276011 0.450349 2.180240
v 0.276011 0.450349 2.180240
v -0.276011 -0.450349 2.180240
v 0.276011 -0.450349 2.180240
vt 0.375000 0.000000
vt 0.625000 0.000000
vt 0.375000 0.250000
vt 0.625000 0.250000
vt 0.375000 0.500000
vt 0.625000 0.500000
vt 0.375000 0.750000
vt 0.625000 0.750000
vt 0.375000 1.000000
vt 0.625000 1.000000
vt 0.875000 0.000000
vt 0.875000 0.250000
vt 0.125000 0.000000
vt 0.125000 0.250000
vn 0.000000 0.000000 1.000000
vn 0.000000 0.000000 1.000000
vn 0.000000 0.000000 1.000000
vn 0.000000 0.000000 1.000000
vn 0.000000 1.000000 0.000000
vn 0.000000 1.000000 0.000000
vn 0.000000 1.000000 0.000000
vn 0.000000 1.000000 0.000000
vn 0.000000 0.000000 -1.000000
vn 0.000000 0.000000 -1.000000
vn 0.000000 0.000000 -1.000000
vn 0.000000 0.000000 -1.000000
vn 0.000000 -1.000000 0.000000
vn 0.000000 -1.000000 0.000000
vn 0.000000 -1.000000 0.000000
vn 0.000000 -1.000000 0.000000
vn 1.000000 0.000000 0.000000
vn 1.000000 0.000000 0.000000
vn 1.000000 0.000000 0.000000
vn 1.000000 0.000000 0.000000
vn -1.000000 0.000000 0.000000
vn -1.000000 0.000000 0.000000
vn -1.000000 0.000000 0.000000
vn -1.000000 0.000000 0.000000
s off
g pCube2
usemtl initialShadingGroup
f 499/657/1143 500/658/1144 502/660/1145 501/659/1146
f 501/659/1147 502/660/1148 504/662/1149 503/661/1150
f 503/661/1151 504/662/1152 506/664/1153 505/663/1154
f 505/663/1155 506/664/1156 500/666/1157 499/665/1158
f 500/658/1159 506/667/1160 504/668/1161 502/660/1162
f 505/669/1163 499/657/1164 501/659/1165 503/670/1166
g default
v 0.414184 -0.107052 2.402836
v 0.408700 -0.107052 2.392073
v 0.400159 -0.107052 2.383532
v 0.389397 -0.107052 2.378049
v 0.377466 -0.107052 2.376159
v 0.365536 -0.107052 2.378049
v 0.354774 -0.107052 2.383532
v 0.346233 -0.107052 2.392073
v 0.340749 -0.107052 2.402836
v 0.338860 -0.107052 2.414766
v 0.340749 -0.107052 2.426696
v 0.346233 -0.107052 2.437458
v 0.354774 -0.107052 2.445999
v 0.365536 -0.107052 2.451483
v 0.377466 -0.107052 2.453372
v 0.389397 -0.107052 2.451483
v 0.400159 -0.107052 2.445999
v 0.408700 -0.107052 2.437458
v 0.414184 -0.107052 2.426696
v 0.416073 -0.107052 2.414766
v 0.449997 -0.098012 2.391199
v 0.439164 -0.098012 2.369940
v 0.422293 -0.098012 2.353068
v 0.401033 -0.098012 2.342236
v 0.377466 -0.098012 2.338503
v 0.353900 -0.098012 2.342236
v 0.332640 -0.098012 2.353068
v 0.315769 -0.098012 2.369940
v 0.304936 -0.098012 2.391199
v 0.301204 -0.098012 2.414766
v 0.304936 -0.098012 2.438332
v 0.315769 -0.098012 2.459592
v 0.332640 -0.098012 2.476463
v 0.353900 -0.098012 2.487296
v 0.377466 -0.098012 2.491028
v 0.401033 -0.098012 2.487296
v 0.422292 -0.098012 2.476463
v 0.439164 -0.098012 2.459592
v 0.449996 -0.098012 2.438332
v 0.453729 -0.098012 2.414766
v 0.484024 -0.083192 2.380143
v 0.468109 -0.083192 2.348910
v 0.443322 -0.083192 2.324123
v 0.412089 -0.083192 2.308209
v 0.377466 -0.083192 2.302725
v 0.342844 -0.083192 2.308209
v 0.311611 -0.083192 2.324123
v 0.286824 -0.083192 2.348910
v 0.270909 -0.083192 2.380143
v 0.265426 -0.083192 2.414766
v 0.270909 -0.083192 2.449388
v 0.286824 -0.083192 2.480622
v 0.311611 -0.083192 2.505409
v 0.342844 -0.083192 2.521323
v 0.377466 -0.083192 2.526806
v 0.412089 -0.083192 2.521323
v 0.443322 -0.083192 2.505409
v 0.468109 -0.083192 2.480622
v 0.484023 -0.083192 2.449388
v 0.489507 -0.083192 2.414766
v 0.515427 -0.062958 2.369940
v 0.494823 -0.062958 2.329502
v 0.462731 -0.062958 2.297410
v 0.422292 -0.062958 2.276805
v 0.377466 -0.062958 2.269706
v 0.332640 -0.062958 2.276805
v 0.292202 -0.062958 2.297410
v 0.260110 -0.062958 2.329502
v 0.239506 -0.062958 2.369940
v 0.232406 -0.062958 2.414766
v 0.239506 -0.062958 2.459592
v 0.260110 -0.062958 2.500030
v 0.292202 -0.062958 2.532122
v 0.332640 -0.062958 2.552726
v 0.377466 -0.062958 2.559826
v 0.422292 -0.062958 2.552726
v 0.462731 -0.062958 2.532122
v 0.494822 -0.062958 2.500030
v 0.515427 -0.062958 2.459592
v 0.522526 -0.062958 2.414766
v 0.543433 -0.037807 2.360840
v 0.518646 -0.037807 2.312193
v 0.480039 -0.037807 2.273586
v 0.431392 -0.037807 2.248799
v 0.377466 -0.037807 2.240258
v 0.323541 -0.037807 2.248799
v 0.274894 -0.037807 2.273586
v 0.236287 -0.037807 2.312193
v 0.211500 -0.037807 2.360840
v 0.202959 -0.037807 2.414766
v 0.211500 -0.037807 2.468691
v 0.236287 -0.037807 2.517339
v 0.274894 -0.037807 2.555945
v 0.323541 -0.037807 2.580732
v 0.377466 -0.037807 2.589273
v 0.431392 -0.037807 2.580732
v 0.480039 -0.037807 2.555945
v 0.518646 -0.037807 2.517339
v 0.543433 -0.037807 2.468691
v 0.551974 -0.037807 2.414766
v 0.567353 -0.008360 2.353068
v 0.538993 -0.008360 2.297410
v 0.494823 -0.008360 2.253239
v 0.439164 -0.008360 2.224880
v 0.377466 -0.008360 2.215108
v 0.315769 -0.008360 2.224880
v 0.260110 -0.008360 2.253239
v 0.215940 -0.008360 2.297410
v 0.187580 -0.008360 2.353068
v 0.177808 -0.008360 2.414766
v 0.187580 -0.008360 2.476463
v 0.215940 -0.008360 2.532122
v 0.260110 -0.008360 2.576292
v 0.315769 -0.008360 2.604652
v 0.377466 -0.008360 2.614424
v 0.439164 -0.008360 2.604652
v 0.494822 -0.008360 2.576292
v 0.538993 -0.008360 2.532122
v 0.567352 -0.008360 2.476463
v 0.577124 -0.008360 2.414766
v 0.586597 0.024659 2.346815
v 0.555363 0.024659 2.285516
v 0.506716 0.024659 2.236869
v 0.445417 0.024659 2.205636
v 0.377466 0.024659 2.194873
v 0.309516 0.024659 2.205636
v 0.248217 0.024659 2.236869
v 0.199570 0.024659 2.285516
v 0.168336 0.024659 2.346815
v 0.157574 0.024659 2.414766
v 0.168336 0.024659 2.482716
v 0.199570 0.024659 2.544015
v 0.248217 0.024659 2.592662
v 0.309516 0.024659 2.623896
v 0.377466 0.024659 2.634658
v 0.445417 0.024659 2.623896
v 0.506716 0.024659 2.592662
v 0.555363 0.024659 2.544015
v 0.586596 0.024659 2.482716
v 0.597359 0.024659 2.414766
v 0.600691 0.060438 2.342236
v 0.567353 0.060438 2.276805
v 0.515427 0.060438 2.224880
v 0.449997 0.060438 2.191541
v 0.377466 0.060438 2.180054
v 0.304936 0.060438 2.191541
v 0.239506 0.060438 2.224880
v 0.187580 0.060438 2.276805
v 0.154242 0.060438 2.342236
v 0.142754 0.060438 2.414766
v 0.154242 0.060438 2.487296
v 0.187580 0.060438 2.552726
v 0.239506 0.060438 2.604652
v 0.304936 0.060438 2.637990
v 0.377466 0.060438 2.649478
v 0.449996 0.060438 2.637990
v 0.515427 0.060438 2.604652
v 0.567352 0.060438 2.552726
v 0.600691 0.060438 2.487296
v 0.612178 0.060438 2.414766
v 0.609289 0.098094 2.339442
v 0.574666 0.098094 2.271492
v 0.520741 0.098094 2.217566
v 0.452790 0.098094 2.182943
v 0.377466 0.098094 2.171013
v 0.302143 0.098094 2.182943
v 0.234192 0.098094 2.217566
v 0.180267 0.098094 2.271492
v 0.145644 0.098094 2.339442
v 0.133714 0.098094 2.414766
v 0.145644 0.098094 2.490089
v 0.180267 0.098094 2.558040
v 0.234192 0.098094 2.611966
v 0.302143 0.098094 2.646588
v 0.377466 0.098094 2.658518
v 0.452790 0.098094 2.646588
v 0.520741 0.098094 2.611966
v 0.574666 0.098094 2.558040
v 0.609289 0.098094 2.490089
v 0.621219 0.098094 2.414766
v 0.612179 0.136700 2.338503
v 0.577125 0.136700 2.269706
v 0.522527 0.136700 2.215108
v 0.453729 0.136700 2.180054
v 0.377466 0.136700 2.167975
v 0.301204 0.136700 2.180054
v 0.232406 0.136700 2.215108
v 0.177808 0.136700 2.269706
v 0.142754 0.136700 2.338503
v 0.130676 0.136700 2.414766
v 0.142754 0.136700 2.491028
v 0.177808 0.136700 2.559826
v 0.232406 0.136700 2.614424
v 0.301204 0.136700 2.649478
v 0.377466 0.136700 2.661557
v 0.453729 0.136700 2.649478
v 0.522526 0.136700 2.614424
v 0.577124 0.136700 2.559826
v 0.612178 0.136700 2.491028
v 0.624257 0.136700 2.414766
v 0.609289 0.175307 2.339442
v 0.574666 0.175307 2.271492
v 0.520741 0.175307 2.217566
v 0.452790 0.175307 2.182943
v 0.377466 0.175307 2.171013
v 0.302143 0.175307 2.182943
v 0.234192 0.175307 2.217566
v 0.180267 0.175307 2.271492
v 0.145644 0.175307 2.339442
v 0.133714 0.175307 2.414766
v 0.145644 0.175307 2.490089
v 0.180267 0.175307 2.558040
v 0.234192 0.175307 2.611966
v 0.302143 0.175307 2.646588
v 0.377466 0.175307 2.658518
v 0.452790 0.175307 2.646588
v 0.520741 0.175307 2.611966
v 0.574666 0.175307 2.558040
v 0.609289 0.175307 2.490089
v 0.621219 0.175307 2.414766
v 0.600691 0.212963 2.342236
v 0.567353 0.212963 2.276805
v 0.515427 0.212963 2.224880
v 0.449997 0.212963 2.191541
v 0.377466 0.212963 2.180054
v 0.304936 0.212963 2.191541
v 0.239506 0.212963 2.224880
v 0.187580 0.212963 2.276805
v 0.154242 0.212963 2.342236
v 0.142754 0.212963 2.414766
v 0.154242 0.212963 2.487296
v 0.187580 0.212963 2.552726
v 0.239506 0.212963 2.604652
v 0.304936 0.212963 2.637990
v 0.377466 0.212963 2.649478
v 0.449996 0.212963 2.637990
v 0.515427 0.212963 2.604652
v 0.567352 0.212963 2.552726
v 0.600691 0.212963 2.487296
v 0.612178 0.212963 2.414766
v 0.586597 0.248741 2.346815
v 0.555363 0.248741 2.285516
v 0.506716 0.248741 2.236869
v 0.445417 0.248741 2.205636
v 0.377466 0.248741 2.194873
v 0.309516 0.248741 2.205636
v 0.248217 0.248741 2.236869
v 0.199570 0.248741 2.285516
v 0.168336 0.248741 2.346815
v 0.157574 0.248741 2.414766
v 0.168336 0.248741 2.482716
v 0.199570 0.248741 2.544015
v 0.248217 0.248741 2.592662
v 0.309516 0.248741 2.623896
v 0.377466 0.248741 2.634658
v 0.445417 0.248741 2.623896
v 0.506716 0.248741 2.592662
v 0.555363 0.248741 2.544015
v 0.586596 0.248741 2.482716
v 0.597359 0.248741 2.414766
v 0.567353 0.281760 2.353068
v 0.538993 0.281760 2.297410
v 0.494823 0.281760 2.253239
v 0.439164 0.281760 2.224880
v 0.377466 0.281760 2.215108
v 0.315769 0.281760 2.224880
v 0.260110 0.281760 2.253239
v 0.215940 0.281760 2.297410
v 0.187580 0.281760 2.353068
v 0.177808 0.281760 2.414766
v 0.187580 0.281760 2.476463
v 0.215940 0.281760 2.532122
v 0.260110 0.281760 2.576292
v 0.315769 0.281760 2.604652
v 0.377466 0.281760 2.614424
v 0.439164 0.281760 2.604652
v 0.494822 0.281760 2.576292
v 0.538993 0.281760 2.532122
v 0.567352 0.281760 2.476463
v 0.577124 0.281760 2.414766
v 0.543433 0.311208 2.360840
v 0.518646 0.311208 2.312193
v 0.480039 0.311208 2.273586
v 0.431392 0.311208 2.248799
v 0.377466 0.311208 2.240258
v 0.323541 0.311208 2.248799
v 0.274894 0.311208 2.273586
v 0.236287 0.311208 2.312193
v 0.211500 0.311208 2.360840
v 0.202959 0.311208 2.414766
v 0.211500 0.311208 2.468691
v 0.236287 0.311208 2.517339
v 0.274894 0.311208 2.555945
v 0.323541 0.311208 2.580732
v 0.377466 0.311208 2.589273
v 0.431392 0.311208 2.580732
v 0.480039 0.311208 2.555945
v 0.518646 0.311208 2.517339
v 0.543433 0.311208 2.468691
v 0.551974 0.311208 2.414766
v 0.515427 0.336358 2.369940
v 0.494823 0.336358 2.329502
v 0.462731 0.336358 2.297410
v 0.422292 0.336358 2.276805
v 0.377466 0.336358 2.269706
v 0.332640 0.336358 2.276805
v 0.292202 0.336358 2.297410
v 0.260110 0.336358 2.329502
v 0.239506 0.336358 2.369940
v 0.232406 0.336358 2.414766
v 0.239506 0.336358 2.459592
v 0.260110 0.336358 2.500030
v 0.292202 0.336358 2.532122
v 0.332640 0.336358 2.552726
v 0.377466 0.336358 2.559826
v 0.422292 0.336358 2.552726
v 0.462731 0.336358 2.532122
v 0.494822 0.336358 2.500030
v 0.515427 0.336358 2.459592
v 0.522526 0.336358 2.414766
v 0.484024 0.356592 2.380143
v 0.468109 0.356592 2.348910
v 0.443322 0.356592 2.324123
v 0.412089 0.356592 2.308209
v 0.377466 0.356592 2.302725
v 0.342844 0.356592 2.308209
v 0.311611 0.356592 2.324123
v 0.286824 0.356592 2.348910
v 0.270909 0.356592 2.380143
v 0.265426 0.356592 2.414766
v 0.270909 0.356592 2.449388
v 0.286824 0.356592 2.480622
v 0.311611 0.356592 2.505409
v 0.342844 0.356592 2.521323
v 0.377466 0.356592 2.526806
v 0.412089 0.356592 2.521323
v 0.443322 0.356592 2.505409
v 0.468109 0.356592 2.480622
v 0.484023 0.356592 2.449388
v 0.489507 0.356592 2.414766
v 0.449997 0.371412 2.391199
v 0.439164 0.371412 2.369940
v 0.422293 0.371412 2.353068
v 0.401033 0.371412 2.342236
v 0.377466 0.371412 2.338503
v 0.353900 0.371412 2.342236
v 0.332640 0.371412 2.353068
v 0.315769 0.371412 2.369940
v 0.304936 0.371412 2.391199
v 0.301204 0.371412 2.414766
v 0.304936 0.371412 2.438332
v 0.315769 0.371412 2.459592
v 0.332640 0.371412 2.476463
v 0.353900 0.371412 2.487296
v 0.377466 0.371412 2.491028
v 0.401033 0.371412 2.487296
v 0.422292 0.371412 2.476463
v 0.439164 0.371412 2.459592
v 0.449996 0.371412 2.438332
v 0.453729 0.371412 2.414766
v 0.414184 0.380452 2.402836
v 0.408700 0.380452 2.392073
v 0.400159 0.380452 2.383532
v 0.389397 0.380452 2.378049
v 0.377466 0.380452 2.376159
v 0.365536 0.380452 2.378049
v 0.354774 0.380452 2.383532
v 0.346233 0.380452 2.392073
v 0.340749 0.380452 2.402836
v 0.338860 0.380452 2.414766
v 0.340749 0.380452 2.426696
v 0.346233 0.380452 2.437458
v 0.354774 0.380452 2.445999
v 0.365536 0.380452 2.451483
v 0.377466 0.380452 2.453372
v 0.389397 0.380452 2.451483
v 0.400159 0.380452 2.445999
v 0.408700 0.380452 2.437458
v 0.414184 0.380452 2.426696
v 0.416073 0.380452 2.414766
v 0.377466 -0.110091 2.414766
v 0.377466 0.383491 2.414766
vt 0.000000 0.050000
vt 0.050000 0.050000
vt 0.100000 0.050000
vt 0.150000 0.050000
vt 0.200000 0.050000
vt 0.250000 0.050000
vt 0.300000 0.050000
vt 0.350000 0.050000
vt 0.400000 0.050000
vt 0.450000 0.050000
vt 0.500000 0.050000
vt 0.550000 0.050000
vt 0.600000 0.050000
vt 0.650000 0.050000
vt 0.700000 0.050000
vt 0.750000 0.050000
vt 0.800000 0.050000
vt 0.850000 0.050000
vt 0.900000 0.050000
vt 0.950000 0.050000
vt 1.000000 0.050000
vt 0.000000 0.100000
vt 0.050000 0.100000
vt 0.100000 0.100000
vt 0.150000 0.100000
vt 0.200000 0.100000
vt 0.250000 0.100000
vt 0.300000 0.100000
vt 0.350000 0.100000
vt 0.400000 0.100000
vt 0.450000 0.100000
vt 0.500000 0.100000
vt 0.550000 0.100000
vt 0.600000 0.100000
vt 0.650000 0.100000
vt 0.700000 0.100000
vt 0.750000 0.100000
vt 0.800000 0.100000
vt 0.850000 0.100000
vt 0.900000 0.100000
vt 0.950000 0.100000
vt 1.000000 0.100000
vt 0.000000 0.150000
vt 0.050000 0.150000
vt 0.100000 0.150000
vt 0.150000 0.150000
vt 0.200000 0.150000
vt 0.250000 0.150000
vt 0.300000 0.150000
vt 0.350000 0.150000
vt 0.400000 0.150000
vt 0.450000 0.150000
vt 0.500000 0.150000
vt 0.550000 0.150000
vt 0.600000 0.150000
vt 0.650000 0.150000
vt 0.700000 0.150000
vt 0.750000 0.150000
vt 0.800000 0.150000
vt 0.850000 0.150000
vt 0.900000 0.150000
vt 0.950000 0.150000
vt 1.000000 0.150000
vt 0.000000 0.200000
vt 0.050000 0.200000
vt 0.100000 0.200000
vt 0.150000 0.200000
vt 0.200000 0.200000
vt 0.250000 0.200000
vt 0.300000 0.200000
vt 0.350000 0.200000
vt 0.400000 0.200000
vt 0.450000 0.200000
vt 0.500000 0.200000
vt 0.550000 0.200000
vt 0.600000 0.200000
vt 0.650000 0.200000
vt 0.700000 0.200000
vt 0.750000 0.200000
vt 0.800000 0.200000
vt 0.850000 0.200000
vt 0.900000 0.200000
vt 0.950000 0.200000
vt 1.000000 0.200000
vt 0.000000 0.250000
vt 0.050000 0.250000
vt 0.100000 0.250000
vt 0.150000 0.250000
vt 0.200000 0.250000
vt 0.250000 0.250000
vt 0.300000 0.250000
vt 0.350000 0.250000
vt 0.400000 0.250000
vt 0.450000 0.250000
vt 0.500000 0.250000
vt 0.550000 0.250000
vt 0.600000 0.250000
vt 0.650000 0.250000
vt 0.700000 0.250000
vt 0.750000 0.250000
vt 0.800000 0.250000
vt 0.850000 0.250000
vt 0.900000 0.250000
vt 0.950000 0.250000
vt 1.000000 0.250000
vt 0.000000 0.300000
vt 0.050000 0.300000
vt 0.100000 0.300000
vt 0.150000 0.300000
vt 0.200000 0.300000
vt 0.250000 0.300000
vt 0.300000 0.300000
vt 0.350000 0.300000
vt 0.400000 0.300000
vt 0.450000 0.300000
vt 0.500000 0.300000
vt 0.550000 0.300000
vt 0.600000 0.300000
vt 0.650000 0.300000
vt 0.700000 0.300000
vt 0.750000 0.300000
vt 0.800000 0.300000
vt 0.850000 0.300000
vt 0.900000 0.300000
vt 0.950000 0.300000
vt 1.000000 0.300000
vt 0.000000 0.350000
vt 0.050000 0.350000
vt 0.100000 0.350000
vt 0.150000 0.350000
vt 0.200000 0.350000
vt 0.250000 0.350000
vt 0.300000 0.350000
vt 0.350000 0.350000
vt 0.400000 0.350000
vt 0.450000 0.350000
vt 0.500000 0.350000
vt 0.550000 0.350000
vt 0.600000 0.350000
vt 0.650000 0.350000
vt 0.700000 0.350000
vt 0.750000 0.350000
vt 0.800000 0.350000
vt 0.850000 0.350000
vt 0.900000 0.350000
vt 0.950000 0.350000
vt 1.000000 0.350000
vt 0.000000 0.400000
vt 0.050000 0.400000
vt 0.100000 0.400000
vt 0.150000 0.400000
vt 0.200000 0.400000
vt 0.250000 0.400000
vt 0.300000 0.400000
vt 0.350000 0.400000
vt 0.400000 0.400000
vt 0.450000 0.400000
vt 0.500000 0.400000
vt 0.550000 0.400000
vt 0.600000 0.400000
vt 0.650000 0.400000
vt 0.700000 0.400000
vt 0.750000 0.400000
vt 0.800000 0.400000
vt 0.850000 0.400000
vt 0.900000 0.400000
vt 0.950000 0.400000
vt 1.000000 0.400000
vt 0.000000 0.450000
vt 0.050000 0.450000
vt 0.100000 0.450000
vt 0.150000 0.450000
vt 0.200000 0.450000
vt 0.250000 0.450000
vt 0.300000 0.450000
vt 0.350000 0.450000
vt 0.400000 0.450000
vt 0.450000 0.450000
vt 0.500000 0.450000
vt 0.550000 0.450000
vt 0.600000 0.450000
vt 0.650000 0.450000
vt 0.700000 0.450000
vt 0.750000 0.450000
vt 0.800000 0.450000
vt 0.850000 0.450000
vt 0.900000 0.450000
vt 0.950000 0.450000
vt 1.000000 0.450000
vt 0.000000 0.500000
vt 0.050000 0.500000
vt 0.100000 0.500000
vt 0.150000 0.500000
vt 0.200000 0.500000
vt 0.250000 0.500000
vt 0.300000 0.500000
vt 0.350000 0.500000
vt 0.400000 0.500000
vt 0.450000 0.500000
vt 0.500000 0.500000
vt 0.550000 0.500000
vt 0.600000 0.500000
vt 0.650000 0.500000
vt 0.700000 0.500000
vt 0.750000 0.500000
vt 0.800000 0.500000
vt 0.850000 0.500000
vt 0.900000 0.500000
vt 0.950000 0.500000
vt 1.000000 0.500000
vt 0.000000 0.550000
vt 0.050000 0.550000
vt 0.100000 0.550000
vt 0.150000 0.550000
vt 0.200000 0.550000
vt 0.250000 0.550000
vt 0.300000 0.550000
vt 0.350000 0.550000
vt 0.400000 0.550000
vt 0.450000 0.550000
vt 0.500000 0.550000
vt 0.550000 0.550000
vt 0.600000 0.550000
vt 0.650000 0.550000
vt 0.700000 0.550000
vt 0.750000 0.550000
vt 0.800000 0.550000
vt 0.850000 0.550000
vt 0.900000 0.550000
vt 0.950000 0.550000
vt 1.000000 0.550000
vt 0.000000 0.600000
vt 0.050000 0.600000
vt 0.100000 0.600000
vt 0.150000 0.600000
vt 0.200000 0.600000
vt 0.250000 0.600000
vt 0.300000 0.600000
vt 0.350000 0.600000
vt 0.400000 0.600000
vt 0.450000 0.600000
vt 0.500000 0.600000
vt 0.550000 0.600000
vt 0.600000 0.600000
vt 0.650000 0.600000
vt 0.700000 0.600000
vt 0.750000 0.600000
vt 0.800000 0.600000
vt 0.850000 0.600000
vt 0.900000 0.600000
vt 0.950000 0.600000
vt 1.000000 0.600000
vt 0.000000 0.650000
vt 0.050000 0.650000
vt 0.100000 0.650000
vt 0.150000 0.650000
vt 0.200000 0.650000
vt 0.250000 0.650000
vt 0.300000 0.650000
vt 0.350000 0.650000
vt 0.400000 0.650000
vt 0.450000 0.650000
vt 0.500000 0.650000
vt 0.550000 0.650000
vt 0.600000 0.650000
vt 0.650000 0.650000
vt 0.700000 0.650000
vt 0.750000 0.650000
vt 0.800000 0.650000
vt 0.850000 0.650000
vt 0.900000 0.650000
vt 0.950000 0.650000
vt 1.000000 0.650000
vt 0.000000 0.700000
vt 0.050000 0.700000
vt 0.100000 0.700000
vt 0.150000 0.700000
vt 0.200000 0.700000
vt 0.250000 0.700000
vt 0.300000 0.700000
vt 0.350000 0.700000
vt 0.400000 0.700000
vt 0.450000 0.700000
vt 0.500000 0.700000
vt 0.550000 0.700000
vt 0.600000 0.700000
vt 0.650000 0.700000
vt 0.700000 0.700000
vt 0.750000 0.700000
vt 0.800000 0.700000
vt 0.850000 0.700000
vt 0.900000 0.700000
vt 0.950000 0.700000
vt 1.000000 0.700000
vt 0.000000 0.750000
vt 0.050000 0.750000
vt 0.100000 0.750000
vt 0.150000 0.750000
vt 0.200000 0.750000
vt 0.250000 0.750000
vt 0.300000 0.750000
vt 0.350000 0.750000
vt 0.400000 0.750000
vt 0.450000 0.750000
vt 0.500000 0.750000
vt 0.550000 0.750000
vt 0.600000 0.750000
vt 0.650000 0.750000
vt 0.700000 0.750000
vt 0.750000 0.750000
vt 0.800000 0.750000
vt 0.850000 0.750000
vt 0.900000 0.750000
vt 0.950000 0.750000
vt 1.000000 0.750000
vt 0.000000 0.800000
vt 0.050000 0.800000
vt 0.100000 0.800000
vt 0.150000 0.800000
vt 0.200000 0.800000
vt 0.250000 0.800000
vt 0.300000 0.800000
vt 0.350000 0.800000
vt 0.400000 0.800000
vt 0.450000 0.800000
vt 0.500000 0.800000
vt 0.550000 0.800000
vt 0.600000 0.800000
vt 0.650000 0.800000
vt 0.700000 0.800000
vt 0.750000 0.800000
vt 0.800000 0.800000
vt 0.850000 0.800000
vt 0.900000 0.800000
vt 0.950000 0.800000
vt 1.000000 0.800000
vt 0.000000 0.850000
vt 0.050000 0.850000
vt 0.100000 0.850000
vt 0.150000 0.850000
vt 0.200000 0.850000
vt 0.250000 0.850000
vt 0.300000 0.850000
vt 0.350000 0.850000
vt 0.400000 0.850000
vt 0.450000 0.850000
vt 0.500000 0.850000
vt 0.550000 0.850000
vt 0.600000 0.850000
vt 0.650000 0.850000
vt 0.700000 0.850000
vt 0.750000 0.850000
vt 0.800000 0.850000
vt 0.850000 0.850000
vt 0.900000 0.850000
vt 0.950000 0.850000
vt 1.000000 0.850000
vt 0.000000 0.900000
vt 0.050000 0.900000
vt 0.100000 0.900000
vt 0.150000 0.900000
vt 0.200000 0.900000
vt 0.250000 0.900000
vt 0.300000 0.900000
vt 0.350000 0.900000
vt 0.400000 0.900000
vt 0.450000 0.900000
vt 0.500000 0.900000
vt 0.550000 0.900000
vt 0.600000 0.900000
vt 0.650000 0.900000
vt 0.700000 0.900000
vt 0.750000 0.900000
vt 0.800000 0.900000
vt 0.850000 0.900000
vt 0.900000 0.900000
vt 0.950000 0.900000
vt 1.000000 0.900000
vt 0.000000 0.950000
vt 0.050000 0.950000
vt 0.100000 0.950000
vt 0.150000 0.950000
vt 0.200000 0.950000
vt 0.250000 0.950000
vt 0.300000 0.950000
vt 0.350000 0.950000
vt 0.400000 0.950000
vt 0.450000 0.950000
vt 0.500000 0.950000
vt 0.550000 0.950000
vt 0.600000 0.950000
vt 0.650000 0.950000
vt 0.700000 0.950000
vt 0.750000 0.950000
vt 0.800000 0.950000
vt 0.850000 0.950000
vt 0.900000 0.950000
vt 0.950000 0.950000
vt 1.000000 0.950000
vt 0.025000 0.000000
vt 0.075000 0.000000
vt 0.125000 0.000000
vt 0.175000 0.000000
vt 0.225000 0.000000
vt 0.275000 0.000000
vt 0.325000 0.000000
vt 0.375000 0.000000
vt 0.425000 0.000000
vt 0.475000 0.000000
vt 0.525000 0.000000
vt 0.575000 0.000000
vt 0.625000 0.000000
vt 0.675000 0.000000
vt 0.725000 0.000000
vt 0.775000 0.000000
vt 0.825000 0.000000
vt 0.875000 0.000000
vt 0.925000 0.000000
vt 0.975000 0.000000
vt 0.025000 1.000000
vt 0.075000 1.000000
vt 0.125000 1.000000
vt 0.175000 1.000000
vt 0.225000 1.000000
vt 0.275000 1.000000
vt 0.325000 1.000000
vt 0.375000 1.000000
vt 0.425000 1.000000
vt 0.475000 1.000000
vt 0.525000 1.000000
vt 0.575000 1.000000
vt 0.625000 1.000000
vt 0.675000 1.000000
vt 0.725000 1.000000
vt 0.775000 1.000000
vt 0.825000 1.000000
vt 0.875000 1.000000
vt 0.925000 1.000000
vt 0.975000 1.000000
vn 0.190555 -0.979722 -0.061915
vn 0.162096 -0.979722 -0.117769
vn 0.269870 -0.942722 -0.196072
vn 0.317252 -0.942722 -0.103081
vn 0.117769 -0.979722 -0.162095
vn 0.196072 -0.942723 -0.269870
vn 0.061915 -0.979722 -0.190555
vn 0.103081 -0.942723 -0.317251
vn -0.000000 -0.979722 -0.200361
vn -0.000000 -0.942723 -0.333578
vn -0.061915 -0.979722 -0.190555
vn -0.103081 -0.942722 -0.317252
vn -0.117769 -0.979722 -0.162096
vn -0.196072 -0.942722 -0.269871
vn -0.162096 -0.979722 -0.117770
vn -0.269870 -0.942722 -0.196072
vn -0.190555 -0.979722 -0.061915
vn -0.317252 -0.942722 -0.103081
vn -0.200361 -0.979722 0.000000
vn -0.333578 -0.942722 -0.000000
vn -0.190555 -0.979722 0.061915
vn -0.317252 -0.942722 0.103081
vn -0.162096 -0.979722 0.117769
vn -0.269870 -0.942722 0.196072
vn -0.117769 -0.979722 0.162095
vn -0.196072 -0.942722 0.269870
vn -0.061915 -0.979722 0.190555
vn -0.103081 -0.942722 0.317252
vn 0.000000 -0.979722 0.200361
vn 0.000000 -0.942722 0.333578
vn 0.061915 -0.979722 0.190555
vn 0.103081 -0.942722 0.317252
vn 0.117769 -0.979722 0.162096
vn 0.196072 -0.942722 0.269870
vn 0.162096 -0.979722 0.117769
vn 0.269870 -0.942722 0.196072
vn 0.190555 -0.979722 0.061915
vn 0.317252 -0.942722 0.103081
vn 0.200361 -0.979722 0.000001
vn 0.333578 -0.942722 0.000000
vn 0.380846 -0.882266 -0.276701
vn 0.447712 -0.882266 -0.145470
vn 0.276701 -0.882266 -0.380846
vn 0.145470 -0.882266 -0.447711
vn -0.000000 -0.882266 -0.470752
vn -0.145470 -0.882266 -0.447711
vn -0.276701 -0.882266 -0.380846
vn -0.380846 -0.882266 -0.276701
vn -0.447712 -0.882266 -0.145470
vn -0.470752 -0.882266 0.000000
vn -0.447712 -0.882266 0.145470
vn -0.380846 -0.882266 0.276701
vn -0.276701 -0.882266 0.380846
vn -0.145470 -0.882266 0.447712
vn 0.000000 -0.882266 0.470752
vn 0.145470 -0.882266 0.447712
vn 0.276701 -0.882266 0.380846
vn 0.380846 -0.882266 0.276701
vn 0.447712 -0.882266 0.145470
vn 0.470752 -0.882266 0.000000
vn 0.485138 -0.800252 -0.352474
vn 0.570314 -0.800252 -0.185306
vn 0.352473 -0.800252 -0.485138
vn 0.185306 -0.800252 -0.570314
vn -0.000000 -0.800252 -0.599664
vn -0.185307 -0.800252 -0.570314
vn -0.352474 -0.800252 -0.485138
vn -0.485138 -0.800252 -0.352474
vn -0.570314 -0.800252 -0.185306
vn -0.599664 -0.800252 0.000000
vn -0.570314 -0.800252 0.185306
vn -0.485138 -0.800252 0.352474
vn -0.352474 -0.800252 0.485139
vn -0.185306 -0.800252 0.570314
vn 0.000000 -0.800252 0.599664
vn 0.185306 -0.800252 0.570314
vn 0.352474 -0.800252 0.485139
vn 0.485138 -0.800252 0.352474
vn 0.570314 -0.800252 0.185306
vn 0.599664 -0.800252 0.000001
vn 0.578713 -0.698789 -0.420459
vn 0.680318 -0.698789 -0.221048
vn 0.420459 -0.698789 -0.578713
vn 0.221049 -0.698789 -0.680318
vn -0.000000 -0.698789 -0.715328
vn -0.221049 -0.698789 -0.680318
vn -0.420460 -0.698789 -0.578713
vn -0.578713 -0.698789 -0.420459
vn -0.680318 -0.698788 -0.221049
vn -0.715328 -0.698788 -0.000000
vn -0.680318 -0.698789 0.221049
vn -0.578713 -0.698788 0.420460
vn -0.420459 -0.698788 0.578713
vn -0.221049 -0.698788 0.680318
vn -0.000000 -0.698788 0.715328
vn 0.221049 -0.698789 0.680318
vn 0.420460 -0.698788 0.578713
vn 0.578713 -0.698788 0.420459
vn 0.680318 -0.698788 0.221049
vn 0.715328 -0.698788 0.000001
vn 0.658808 -0.580401 -0.478652
vn 0.774475 -0.580401 -0.251641
vn 0.478652 -0.580401 -0.658808
vn 0.251642 -0.580401 -0.774475
vn -0.000000 -0.580401 -0.814331
vn -0.251642 -0.580401 -0.774475
vn -0.478652 -0.580401 -0.658808
vn -0.658808 -0.580401 -0.478652
vn -0.774475 -0.580401 -0.251642
vn -0.814331 -0.580401 -0.000000
vn -0.774475 -0.580401 0.251642
vn -0.658808 -0.580401 0.478652
vn -0.478652 -0.580401 0.658808
vn -0.251642 -0.580401 0.774475
vn 0.000000 -0.580401 0.814331
vn 0.251642 -0.580401 0.774475
vn 0.478652 -0.580401 0.658808
vn 0.658808 -0.580401 0.478652
vn 0.774475 -0.580401 0.251642
vn 0.814331 -0.580401 0.000001
vn 0.723291 -0.447994 -0.525502
vn 0.850280 -0.447994 -0.276272
vn 0.525501 -0.447994 -0.723291
vn 0.276272 -0.447994 -0.850279
vn -0.000000 -0.447994 -0.894037
vn -0.276273 -0.447994 -0.850279
vn -0.525502 -0.447994 -0.723291
vn -0.723291 -0.447994 -0.525501
vn -0.850279 -0.447994 -0.276272
vn -0.894037 -0.447994 -0.000000
vn -0.850279 -0.447994 0.276273
vn -0.723291 -0.447994 0.525502
vn -0.525502 -0.447994 0.723291
vn -0.276273 -0.447994 0.850279
vn 0.000000 -0.447994 0.894037
vn 0.276273 -0.447994 0.850279
vn 0.525502 -0.447994 0.723291
vn 0.723291 -0.447994 0.525502
vn 0.850280 -0.447994 0.276273
vn 0.894037 -0.447994 0.000001
vn 0.770524 -0.304789 -0.559819
vn 0.905806 -0.304789 -0.294313
vn 0.559818 -0.304789 -0.770524
vn 0.294314 -0.304789 -0.905805
vn -0.000000 -0.304789 -0.952420
vn -0.294314 -0.304789 -0.905805
vn -0.559819 -0.304789 -0.770524
vn -0.770524 -0.304789 -0.559818
vn -0.905805 -0.304789 -0.294314
vn -0.952420 -0.304789 -0.000000
vn -0.905805 -0.304789 0.294314
vn -0.770524 -0.304788 0.559819
vn -0.559818 -0.304788 0.770524
vn -0.294314 -0.304789 0.905805
vn 0.000000 -0.304789 0.952420
vn 0.294314 -0.304789 0.905805
vn 0.559818 -0.304789 0.770524
vn 0.770524 -0.304789 0.559818
vn 0.905805 -0.304789 0.294314
vn 0.952420 -0.304788 0.000001
vn 0.799335 -0.154249 -0.580751
vn 0.939675 -0.154249 -0.305318
vn 0.580750 -0.154249 -0.799335
vn 0.305319 -0.154249 -0.939674
vn 0.000000 -0.154249 -0.988032
vn -0.305319 -0.154249 -0.939674
vn -0.580751 -0.154249 -0.799335
vn -0.799335 -0.154249 -0.580751
vn -0.939674 -0.154248 -0.305319
vn -0.988032 -0.154248 0.000000
vn -0.939674 -0.154248 0.305319
vn -0.799335 -0.154248 0.580751
vn -0.580751 -0.154249 0.799335
vn -0.305319 -0.154249 0.939674
vn 0.000000 -0.154249 0.988032
vn 0.305319 -0.154249 0.939674
vn 0.580751 -0.154249 0.799335
vn 0.799335 -0.154249 0.580751
vn 0.939674 -0.154249 0.305319
vn 0.988032 -0.154249 0.000001
vn 0.809017 0.000000 -0.587785
vn 0.951057 -0.000000 -0.309016
vn 0.587785 -0.000000 -0.809017
vn 0.309017 -0.000000 -0.951057
vn 0.000000 0.000000 -1.000000
vn -0.309017 -0.000000 -0.951056
vn -0.587785 -0.000000 -0.809017
vn -0.809017 0.000000 -0.587785
vn -0.951057 0.000000 -0.309017
vn -1.000000 -0.000000 0.000000
vn -0.951056 -0.000000 0.309017
vn -0.809017 0.000000 0.587785
vn -0.587785 -0.000000 0.809017
vn -0.309017 -0.000000 0.951057
vn 0.000000 0.000000 1.000000
vn 0.309017 -0.000000 0.951057
vn 0.587785 -0.000000 0.809017
vn 0.809017 -0.000000 0.587785
vn 0.951057 0.000000 0.309017
vn 1.000000 0.000000 0.000001
vn 0.799335 0.154249 -0.580751
vn 0.939675 0.154249 -0.305318
vn 0.580750 0.154249 -0.799335
vn 0.305319 0.154249 -0.939674
vn 0.000000 0.154249 -0.988032
vn -0.305319 0.154249 -0.939674
vn -0.580751 0.154249 -0.799335
vn -0.799335 0.154249 -0.580751
vn -0.939674 0.154248 -0.305319
vn -0.988032 0.154248 0.000000
vn -0.939674 0.154248 0.305319
vn -0.799335 0.154248 0.580751
vn -0.580751 0.154249 0.799335
vn -0.305319 0.154249 0.939674
vn 0.000000 0.154249 0.988032
vn 0.305319 0.154249 0.939674
vn 0.580751 0.154249 0.799335
vn 0.799335 0.154249 0.580751
vn 0.939674 0.154249 0.305319
vn 0.988032 0.154249 0.000001
vn 0.770524 0.304789 -0.559819
vn 0.905806 0.304789 -0.294313
vn 0.559818 0.304789 -0.770524
vn 0.294314 0.304789 -0.905805
vn -0.000000 0.304789 -0.952420
vn -0.294314 0.304789 -0.905805
vn -0.559819 0.304789 -0.770524
vn -0.770524 0.304789 -0.559818
vn -0.905805 0.304789 -0.294314
vn -0.952420 0.304789 -0.000000
vn -0.905805 0.304789 0.294314
vn -0.770524 0.304788 0.559819
vn -0.559818 0.304788 0.770524
vn -0.294314 0.304789 0.905805
vn 0.000000 0.304789 0.952420
vn 0.294314 0.304789 0.905805
vn 0.559818 0.304789 0.770524
vn 0.770524 0.304789 0.559818
vn 0.905805 0.304788 0.294314
vn 0.952420 0.304788 0.000001
vn 0.723291 0.447994 -0.525502
vn 0.850280 0.447994 -0.276272
vn 0.525501 0.447994 -0.723291
vn 0.276272 0.447994 -0.850280
vn -0.000000 0.447994 -0.894037
vn -0.276273 0.447994 -0.850279
vn -0.525502 0.447994 -0.723291
vn -0.723291 0.447994 -0.525501
vn -0.850279 0.447994 -0.276273
vn -0.894037 0.447994 -0.000000
vn -0.850279 0.447994 0.276273
vn -0.723291 0.447994 0.525502
vn -0.525502 0.447994 0.723291
vn -0.276273 0.447994 0.850279
vn 0.000000 0.447994 0.894037
vn 0.276273 0.447994 0.850279
vn 0.525502 0.447994 0.723291
vn 0.723291 0.447994 0.525502
vn 0.850280 0.447994 0.276273
vn 0.894037 0.447994 0.000001
vn 0.658808 0.580401 -0.478652
vn 0.774475 0.580401 -0.251641
vn 0.478652 0.580401 -0.658808
vn 0.251642 0.580401 -0.774475
vn -0.000000 0.580401 -0.814331
vn -0.251642 0.580401 -0.774475
vn -0.478652 0.580401 -0.658808
vn -0.658808 0.580401 -0.478652
vn -0.774475 0.580401 -0.251642
vn -0.814331 0.580401 -0.000000
vn -0.774475 0.580401 0.251642
vn -0.658808 0.580401 0.478652
vn -0.478652 0.580401 0.658808
vn -0.251642 0.580401 0.774475
vn 0.000000 0.580401 0.814331
vn 0.251642 0.580401 0.774475
vn 0.478652 0.580401 0.658808
vn 0.658808 0.580401 0.478652
vn 0.774475 0.580401 0.251642
vn 0.814331 0.580401 0.000001
vn 0.578712 0.698789 -0.420459
vn 0.680318 0.698789 -0.221048
vn 0.420459 0.698789 -0.578713
vn 0.221049 0.698789 -0.680318
vn -0.000000 0.698789 -0.715328
vn -0.221049 0.698789 -0.680318
vn -0.420460 0.698789 -0.578713
vn -0.578713 0.698789 -0.420459
vn -0.680318 0.698789 -0.221049
vn -0.715328 0.698788 0.000000
vn -0.680318 0.698789 0.221049
vn -0.578713 0.698788 0.420460
vn -0.420459 0.698788 0.578713
vn -0.221049 0.698788 0.680318
vn -0.000000 0.698788 0.715328
vn 0.221049 0.698789 0.680318
vn 0.420460 0.698788 0.578713
vn 0.578713 0.698788 0.420460
vn 0.680318 0.698788 0.221049
vn 0.715328 0.698788 0.000001
vn 0.485138 0.800252 -0.352474
vn 0.570314 0.800252 -0.185306
vn 0.352473 0.800252 -0.485139
vn 0.185306 0.800252 -0.570314
vn -0.000000 0.800252 -0.599664
vn -0.185307 0.800252 -0.570314
vn -0.352474 0.800252 -0.485138
vn -0.485138 0.800252 -0.352474
vn -0.570314 0.800252 -0.185306
vn -0.599664 0.800252 0.000000
vn -0.570314 0.800252 0.185306
vn -0.485138 0.800252 0.352474
vn -0.352474 0.800252 0.485138
vn -0.185306 0.800252 0.570314
vn 0.000000 0.800252 0.599664
vn 0.185306 0.800252 0.570315
vn 0.352474 0.800252 0.485139
vn 0.485139 0.800252 0.352474
vn 0.570314 0.800252 0.185306
vn 0.599664 0.800252 0.000001
vn 0.380846 0.882266 -0.276701
vn 0.447712 0.882266 -0.145470
vn 0.276701 0.882266 -0.380846
vn 0.145470 0.882266 -0.447711
vn -0.000000 0.882266 -0.470752
vn -0.145470 0.882266 -0.447711
vn -0.276701 0.882266 -0.380846
vn -0.380846 0.882266 -0.276701
vn -0.447712 0.882266 -0.145470
vn -0.470752 0.882266 0.000000
vn -0.447712 0.882266 0.145471
vn -0.380846 0.882266 0.276701
vn -0.276701 0.882266 0.380846
vn -0.145470 0.882266 0.447712
vn 0.000000 0.882266 0.470752
vn 0.145470 0.882266 0.447712
vn 0.276701 0.882266 0.380846
vn 0.380846 0.882266 0.276701
vn 0.447712 0.882266 0.145470
vn 0.470752 0.882266 0.000000
vn 0.269870 0.942722 -0.196073
vn 0.317252 0.942722 -0.103081
vn 0.196072 0.942722 -0.269871
vn 0.103081 0.942723 -0.317252
vn -0.000000 0.942723 -0.333578
vn -0.103081 0.942723 -0.317251
vn -0.196072 0.942722 -0.269870
vn -0.269870 0.942722 -0.196072
vn -0.317252 0.942722 -0.103081
vn -0.333578 0.942722 0.000000
vn -0.317252 0.942722 0.103082
vn -0.269870 0.942722 0.196072
vn -0.196072 0.942722 0.269870
vn -0.103081 0.942722 0.317252
vn 0.000000 0.942722 0.333578
vn 0.103081 0.942722 0.317252
vn 0.196072 0.942722 0.269870
vn 0.269870 0.942722 0.196072
vn 0.317252 0.942722 0.103081
vn 0.333578 0.942722 0.000000
vn 0.162096 0.979722 -0.117769
vn 0.190555 0.979722 -0.061915
vn 0.117769 0.979722 -0.162096
vn 0.061915 0.979722 -0.190555
vn -0.000000 0.979722 -0.200361
vn -0.061915 0.979722 -0.190555
vn -0.117769 0.979722 -0.162095
vn -0.162096 0.979722 -0.117769
vn -0.190555 0.979722 -0.061915
vn -0.200361 0.979722 0.000000
vn -0.190555 0.979722 0.061915
vn -0.162096 0.979722 0.117769
vn -0.117769 0.979722 0.162096
vn -0.061915 0.979722 0.190555
vn 0.000000 0.979722 0.200361
vn 0.061915 0.979722 0.190555
vn 0.117769 0.979722 0.162096
vn 0.162096 0.979722 0.117769
vn 0.190555 0.979722 0.061915
vn 0.200361 0.979722 0.000001
vn -0.000000 -1.000000 -0.000000
vn -0.000000 1.000000 0.000000
s 1
g pasted__pSphere1 group
usemtl initialShadingGroup
f 507/671/1167 508/672/1168 528/693/1169 527/692/1170
f 508/672/1168 509/673/1171 529/694/1172 528/693/1169
f 509/673/1171 510/674/1173 530/695/1174 529/694/1172
f 510/674/1173 511/675/1175 531/696/1176 530/695/1174
f 511/675/1175 512/676/1177 532/697/1178 531/696/1176
f 512/676/1177 513/677/1179 533/698/1180 532/697/1178
f 513/677/1179 514/678/1181 534/699/1182 533/698/1180
f 514/678/1181 515/679/1183 535/700/1184 534/699/1182
f 515/679/1183 516/680/1185 536/701/1186 535/700/1184
f 516/680/1185 517/681/1187 537/702/1188 536/701/1186
f 517/681/1187 518/682/1189 538/703/1190 537/702/1188
f 518/682/1189 519/683/1191 539/704/1192 538/703/1190
f 519/683/1191 520/684/1193 540/705/1194 539/704/1192
f 520/684/1193 521/685/1195 541/706/1196 540/705/1194
f 521/685/1195 522/686/1197 542/707/1198 541/706/1196
f 522/686/1197 523/687/1199 543/708/1200 542/707/1198
f 523/687/1199 524/688/1201 544/709/1202 543/708/1200
f 524/688/1201 525/689/1203 545/710/1204 544/709/1202
f 525/689/1203 526/690/1205 546/711/1206 545/710/1204
f 526/690/1205 507/691/1167 527/712/1170 546/711/1206
f 527/692/1170 528/693/1169 548/714/1207 547/713/1208
f 528/693/1169 529/694/1172 549/715/1209 548/714/1207
f 529/694/1172 530/695/1174 550/716/1210 549/715/1209
f 530/695/1174 531/696/1176 551/717/1211 550/716/1210
f 531/696/1176 532/697/1178 552/718/1212 551/717/1211
f 532/697/1178 533/698/1180 553/719/1213 552/718/1212
f 533/698/1180 534/699/1182 554/720/1214 553/719/1213
f 534/699/1182 535/700/1184 555/721/1215 554/720/1214
f 535/700/1184 536/701/1186 556/722/1216 555/721/1215
f 536/701/1186 537/702/1188 557/723/1217 556/722/1216
f 537/702/1188 538/703/1190 558/724/1218 557/723/1217
f 538/703/1190 539/704/1192 559/725/1219 558/724/1218
f 539/704/1192 540/705/1194 560/726/1220 559/725/1219
f 540/705/1194 541/706/1196 561/727/1221 560/726/1220
f 541/706/1196 542/707/1198 562/728/1222 561/727/1221
f 542/707/1198 543/708/1200 563/729/1223 562/728/1222
f 543/708/1200 544/709/1202 564/730/1224 563/729/1223
f 544/709/1202 545/710/1204 565/731/1225 564/730/1224
f 545/710/1204 546/711/1206 566/732/1226 565/731/1225
f 546/711/1206 527/712/1170 547/733/1208 566/732/1226
f 547/713/1208 548/714/1207 568/735/1227 567/734/1228
f 548/714/1207 549/715/1209 569/736/1229 568/735/1227
f 549/715/1209 550/716/1210 570/737/1230 569/736/1229
f 550/716/1210 551/717/1211 571/738/1231 570/737/1230
f 551/717/1211 552/718/1212 572/739/1232 571/738/1231
f 552/718/1212 553/719/1213 573/740/1233 572/739/1232
f 553/719/1213 554/720/1214 574/741/1234 573/740/1233
f 554/720/1214 555/721/1215 575/742/1235 574/741/1234
f 555/721/1215 556/722/1216 576/743/1236 575/742/1235
f 556/722/1216 557/723/1217 577/744/1237 576/743/1236
f 557/723/1217 558/724/1218 578/745/1238 577/744/1237
f 558/724/1218 559/725/1219 579/746/1239 578/745/1238
f 559/725/1219 560/726/1220 580/747/1240 579/746/1239
f 560/726/1220 561/727/1221 581/748/1241 580/747/1240
f 561/727/1221 562/728/1222 582/749/1242 581/748/1241
f 562/728/1222 563/729/1223 583/750/1243 582/749/1242
f 563/729/1223 564/730/1224 584/751/1244 583/750/1243
f 564/730/1224 565/731/1225 585/752/1245 584/751/1244
f 565/731/1225 566/732/1226 586/753/1246 585/752/1245
f 566/732/1226 547/733/1208 567/754/1228 586/753/1246
f 567/734/1228 568/735/1227 588/756/1247 587/755/1248
f 568/735/1227 569/736/1229 589/757/1249 588/756/1247
f 569/736/1229 570/737/1230 590/758/1250 589/757/1249
f 570/737/1230 571/738/1231 591/759/1251 590/758/1250
f 571/738/1231 572/739/1232 592/760/1252 591/759/1251
f 572/739/1232 573/740/1233 593/761/1253 592/760/1252
f 573/740/1233 574/741/1234 594/762/1254 593/761/1253
f 574/741/1234 575/742/1235 595/763/1255 594/762/1254
f 575/742/1235 576/743/1236 596/764/1256 595/763/1255
f 576/743/1236 577/744/1237 597/765/1257 596/764/1256
f 577/744/1237 578/745/1238 598/766/1258 597/765/1257
f 578/745/1238 579/746/1239 599/767/1259 598/766/1258
f 579/746/1239 580/747/1240 600/768/1260 599/767/1259
f 580/747/1240 581/748/1241 601/769/1261 600/768/1260
f 581/748/1241 582/749/1242 602/770/1262 601/769/1261
f 582/749/1242 583/750/1243 603/771/1263 602/770/1262
f 583/750/1243 584/751/1244 604/772/1264 603/771/1263
f 584/751/1244 585/752/1245 605/773/1265 604/772/1264
f 585/752/1245 586/753/1246 606/774/1266 605/773/1265
f 586/753/1246 567/754/1228 587/775/1248 606/774/1266
f 587/755/1248 588/756/1247 608/777/1267 607/776/1268
f 588/756/1247 589/757/1249 609/778/1269 608/777/1267
f 589/757/1249 590/758/1250 610/779/1270 609/778/1269
f 590/758/1250 591/759/1251 611/780/1271 610/779/1270
f 591/759/1251 592/760/1252 612/781/1272 611/780/1271
f 592/760/1252 593/761/1253 613/782/1273 612/781/1272
f 593/761/1253 594/762/1254 614/783/1274 613/782/1273
f 594/762/1254 595/763/1255 615/784/1275 614/783/1274
f 595/763/1255 596/764/1256 616/785/1276 615/784/1275
f 596/764/1256 597/765/1257 617/786/1277 616/785/1276
f 597/765/1257 598/766/1258 618/787/1278 617/786/1277
f 598/766/1258 599/767/1259 619/788/1279 618/787/1278
f 599/767/1259 600/768/1260 620/789/1280 619/788/1279
f 600/768/1260 601/769/1261 621/790/1281 620/789/1280
f 601/769/1261 602/770/1262 622/791/1282 621/790/1281
f 602/770/1262 603/771/1263 623/792/1283 622/791/1282
f 603/771/1263 604/772/1264 624/793/1284 623/792/1283
f 604/772/1264 605/773/1265 625/794/1285 624/793/1284
f 605/773/1265 606/774/1266 626/795/1286 625/794/1285
f 606/774/1266 587/775/1248 607/796/1268 626/795/1286
f 607/776/1268 608/777/1267 628/798/1287 627/797/1288
f 608/777/1267 609/778/1269 629/799/1289 628/798/1287
f 609/778/1269 610/779/1270 630/800/1290 629/799/1289
f 610/779/1270 611/780/1271 631/801/1291 630/800/1290
f 611/780/1271 612/781/1272 632/802/1292 631/801/1291
f 612/781/1272 613/782/1273 633/803/1293 632/802/1292
f 613/782/1273 614/783/1274 634/804/1294 633/803/1293
f 614/783/1274 615/784/1275 635/805/1295 634/804/1294
f 615/784/1275 616/785/1276 636/806/1296 635/805/1295
f 616/785/1276 617/786/1277 637/807/1297 636/806/1296
f 617/786/1277 618/787/1278 638/808/1298 637/807/1297
f 618/787/1278 619/788/1279 639/809/1299 638/808/1298
f 619/788/1279 620/789/1280 640/810/1300 639/809/1299
f 620/789/1280 621/790/1281 641/811/1301 640/810/1300
f 621/790/1281 622/791/1282 642/812/1302 641/811/1301
f 622/791/1282 623/792/1283 643/813/1303 642/812/1302
f 623/792/1283 624/793/1284 644/814/1304 643/813/1303
f 624/793/1284 625/794/1285 645/815/1305 644/814/1304
f 625/794/1285 626/795/1286 646/816/1306 645/815/1305
f 626/795/1286 607/796/1268 627/817/1288 646/816/1306
f 627/797/1288 628/798/1287 648/819/1307 647/818/1308
f 628/798/1287 629/799/1289 649/820/1309 648/819/1307
f 629/799/1289 630/800/1290 650/821/1310 649/820/1309
f 630/800/1290 631/801/1291 651/822/1311 650/821/1310
f 631/801/1291 632/802/1292 652/823/1312 651/822/1311
f 632/802/1292 633/803/1293 653/824/1313 652/823/1312
f 633/803/1293 634/804/1294 654/825/1314 653/824/1313
f 634/804/1294 635/805/1295 655/826/1315 654/825/1314
f 635/805/1295 636/806/1296 656/827/1316 655/826/1315
f 636/806/1296 637/807/1297 657/828/1317 656/827/1316
f 637/807/1297 638/808/1298 658/829/1318 657/828/1317
f 638/808/1298 639/809/1299 659/830/1319 658/829/1318
f 639/809/1299 640/810/1300 660/831/1320 659/830/1319
f 640/810/1300 641/811/1301 661/832/1321 660/831/1320
f 641/811/1301 642/812/1302 662/833/1322 661/832/1321
f 642/812/1302 643/813/1303 663/834/1323 662/833/1322
f 643/813/1303 644/814/1304 664/835/1324 663/834/1323
f 644/814/1304 645/815/1305 665/836/1325 664/835/1324
f 645/815/1305 646/816/1306 666/837/1326 665/836/1325
f 646/816/1306 627/817/1288 647/838/1308 666/837/1326
f 647/818/1308 648/819/1307 668/840/1327 667/839/1328
f 648/819/1307 649/820/1309 669/841/1329 668/840/1327
f 649/820/1309 650/821/1310 670/842/1330 669/841/1329
f 650/821/1310 651/822/1311 671/843/1331 670/842/1330
f 651/822/1311 652/823/1312 672/844/1332 671/843/1331
f 652/823/1312 653/824/1313 673/845/1333 672/844/1332
f 653/824/1313 654/825/1314 674/846/1334 673/845/1333
f 654/825/1314 655/826/1315 675/847/1335 674/846/1334
f 655/826/1315 656/827/1316 676/848/1336 675/847/1335
f 656/827/1316 657/828/1317 677/849/1337 676/848/1336
f 657/828/1317 658/829/1318 678/850/1338 677/849/1337
f 658/829/1318 659/830/1319 679/851/1339 678/850/1338
f 659/830/1319 660/831/1320 680/852/1340 679/851/1339
f 660/831/1320 661/832/1321 681/853/1341 680/852/1340
f 661/832/1321 662/833/1322 682/854/1342 681/853/1341
f 662/833/1322 663/834/1323 683/855/1343 682/854/1342
f 663/834/1323 664/835/1324 684/856/1344 683/855/1343
f 664/835/1324 665/836/1325 685/857/1345 684/856/1344
f 665/836/1325 666/837/1326 686/858/1346 685/857/1345
f 666/837/1326 647/838/1308 667/859/1328 686/858/1346
f 667/839/1328 668/840/1327 688/861/1347 687/860/1348
f 668/840/1327 669/841/1329 689/862/1349 688/861/1347
f 669/841/1329 670/842/1330 690/863/1350 689/862/1349
f 670/842/1330 671/843/1331 691/864/1351 690/863/1350
f 671/843/1331 672/844/1332 692/865/1352 691/864/1351
f 672/844/1332 673/845/1333 693/866/1353 692/865/1352
f 673/845/1333 674/846/1334 694/867/1354 693/866/1353
f 674/846/1334 675/847/1335 695/868/1355 694/867/1354
f 675/847/1335 676/848/1336 696/869/1356 695/868/1355
f 676/848/1336 677/849/1337 697/870/1357 696/869/1356
f 677/849/1337 678/850/1338 698/871/1358 697/870/1357
f 678/850/1338 679/851/1339 699/872/1359 698/871/1358
f 679/851/1339 680/852/1340 700/873/1360 699/872/1359
f 680/852/1340 681/853/1341 701/874/1361 700/873/1360
f 681/853/1341 682/854/1342 702/875/1362 701/874/1361
f 682/854/1342 683/855/1343 703/876/1363 702/875/1362
f 683/855/1343 684/856/1344 704/877/1364 703/876/1363
f 684/856/1344 685/857/1345 705/878/1365 704/877/1364
f 685/857/1345 686/858/1346 706/879/1366 705/878/1365
f 686/858/1346 667/859/1328 687/880/1348 706/879/1366
f 687/860/1348 688/861/1347 708/882/1367 707/881/1368
f 688/861/1347 689/862/1349 709/883/1369 708/882/1367
f 689/862/1349 690/863/1350 710/884/1370 709/883/1369
f 690/863/1350 691/864/1351 711/885/1371 710/884/1370
f 691/864/1351 692/865/1352 712/886/1372 711/885/1371
f 692/865/1352 693/866/1353 713/887/1373 712/886/1372
f 693/866/1353 694/867/1354 714/888/1374 713/887/1373
f 694/867/1354 695/868/1355 715/889/1375 714/888/1374
f 695/868/1355 696/869/1356 716/890/1376 715/889/1375
f 696/869/1356 697/870/1357 717/891/1377 716/890/1376
f 697/870/1357 698/871/1358 718/892/1378 717/891/1377
f 698/871/1358 699/872/1359 719/893/1379 718/892/1378
f 699/872/1359 700/873/1360 720/894/1380 719/893/1379
f 700/873/1360 701/874/1361 721/895/1381 720/894/1380
f 701/874/1361 702/875/1362 722/896/1382 721/895/1381
f 702/875/1362 703/876/1363 723/897/1383 722/896/1382
f 703/876/1363 704/877/1364 724/898/1384 723/897/1383
f 704/877/1364 705/878/1365 725/899/1385 724/898/1384
f 705/878/1365 706/879/1366 726/900/1386 725/899/1385
f 706/879/1366 687/880/1348 707/901/1368 726/900/1386
f 707/881/1368 708/882/1367 728/903/1387 727/902/1388
f 708/882/1367 709/883/1369 729/904/1389 728/903/1387
f 709/883/1369 710/884/1370 730/905/1390 729/904/1389
f 710/884/1370 711/885/1371 731/906/1391 730/905/1390
f 711/885/1371 712/886/1372 732/907/1392 731/906/1391
f 712/886/1372 713/887/1373 733/908/1393 732/907/1392
f 713/887/1373 714/888/1374 734/909/1394 733/908/1393
f 714/888/1374 715/889/1375 735/910/1395 734/909/1394
f 715/889/1375 716/890/1376 736/911/1396 735/910/1395
f 716/890/1376 717/891/1377 737/912/1397 736/911/1396
f 717/891/1377 718/892/1378 738/913/1398 737/912/1397
f 718/892/1378 719/893/1379 739/914/1399 738/913/1398
f 719/893/1379 720/894/1380 740/915/1400 739/914/1399
f 720/894/1380 721/895/1381 741/916/1401 740/915/1400
f 721/895/1381 722/896/1382 742/917/1402 741/916/1401
f 722/896/1382 723/897/1383 743/918/1403 742/917/1402
f 723/897/1383 724/898/1384 744/919/1404 743/918/1403
f 724/898/1384 725/899/1385 745/920/1405 744/919/1404
f 725/899/1385 726/900/1386 746/921/1406 745/920/1405
f 726/900/1386 707/901/1368 727/922/1388 746/921/1406
f 727/902/1388 728/903/1387 748/924/1407 747/923/1408
f 728/903/1387 729/904/1389 749/925/1409 748/924/1407
f 729/904/1389 730/905/1390 750/926/1410 749/925/1409
f 730/905/1390 731/906/1391 751/927/1411 750/926/1410
f 731/906/1391 732/907/1392 752/928/1412 751/927/1411
f 732/907/1392 733/908/1393 753/929/1413 752/928/1412
f 733/908/1393 734/909/1394 754/930/1414 753/929/1413
f 734/909/1394 735/910/1395 755/931/1415 754/930/1414
f 735/910/1395 736/911/1396 756/932/1416 755/931/1415
f 736/911/1396 737/912/1397 757/933/1417 756/932/1416
f 737/912/1397 738/913/1398 758/934/1418 757/933/1417
f 738/913/1398 739/914/1399 759/935/1419 758/934/1418
f 739/914/1399 740/915/1400 760/936/1420 759/935/1419
f 740/915/1400 741/916/1401 761/937/1421 760/936/1420
f 741/916/1401 742/917/1402 762/938/1422 761/937/1421
f 742/917/1402 743/918/1403 763/939/1423 762/938/1422
f 743/918/1403 744/919/1404 764/940/1424 763/939/1423
f 744/919/1404 745/920/1405 765/941/1425 764/940/1424
f 745/920/1405 746/921/1406 766/942/1426 765/941/1425
f 746/921/1406 727/922/1388 747/943/1408 766/942/1426
f 747/923/1408 748/924/1407 768/945/1427 767/944/1428
f 748/924/1407 749/925/1409 769/946/1429 768/945/1427
f 749/925/1409 750/926/1410 770/947/1430 769/946/1429
f 750/926/1410 751/927/1411 771/948/1431 770/947/1430
f 751/927/1411 752/928/1412 772/949/1432 771/948/1431
f 752/928/1412 753/929/1413 773/950/1433 772/949/1432
f 753/929/1413 754/930/1414 774/951/1434 773/950/1433
f 754/930/1414 755/931/1415 775/952/1435 774/951/1434
f 755/931/1415 756/932/1416 776/953/1436 775/952/1435
f 756/932/1416 757/933/1417 777/954/1437 776/953/1436
f 757/933/1417 758/934/1418 778/955/1438 777/954/1437
f 758/934/1418 759/935/1419 779/956/1439 778/955/1438
f 759/935/1419 760/936/1420 780/957/1440 779/956/1439
f 760/936/1420 761/937/1421 781/958/1441 780/957/1440
f 761/937/1421 762/938/1422 782/959/1442 781/958/1441
f 762/938/1422 763/939/1423 783/960/1443 782/959/1442
f 763/939/1423 764/940/1424 784/961/1444 783/960/1443
f 764/940/1424 765/941/1425 785/962/1445 784/961/1444
f 765/941/1425 766/942/1426 786/963/1446 785/962/1445
f 766/942/1426 747/943/1408 767/964/1428 786/963/1446
f 767/944/1428 768/945/1427 788/966/1447 787/965/1448
f 768/945/1427 769/946/1429 789/967/1449 788/966/1447
f 769/946/1429 770/947/1430 790/968/1450 789/967/1449
f 770/947/1430 771/948/1431 791/969/1451 790/968/1450
f 771/948/1431 772/949/1432 792/970/1452 791/969/1451
f 772/949/1432 773/950/1433 793/971/1453 792/970/1452
f 773/950/1433 774/951/1434 794/972/1454 793/971/1453
f 774/951/1434 775/952/1435 795/973/1455 794/972/1454
f 775/952/1435 776/953/1436 796/974/1456 795/973/1455
f 776/953/1436 777/954/1437 797/975/1457 796/974/1456
f 777/954/1437 778/955/1438 798/976/1458 797/975/1457
f 778/955/1438 779/956/1439 799/977/1459 798/976/1458
f 779/956/1439 780/957/1440 800/978/1460 799/977/1459
f 780/957/1440 781/958/1441 801/979/1461 800/978/1460
f 781/958/1441 782/959/1442 802/980/1462 801/979/1461
f 782/959/1442 783/960/1443 803/981/1463 802/980/1462
f 783/960/1443 784/961/1444 804/982/1464 803/981/1463
f 784/961/1444 785/962/1445 805/983/1465 804/982/1464
f 785/962/1445 786/963/1446 806/984/1466 805/983/1465
f 786/963/1446 767/964/1428 787/985/1448 806/984/1466
f 787/965/1448 788/966/1447 808/987/1467 807/986/1468
f 788/966/1447 789/967/1449 809/988/1469 808/987/1467
f 789/967/1449 790/968/1450 810/989/1470 809/988/1469
f 790/968/1450 791/969/1451 811/990/1471 810/989/1470
f 791/969/1451 792/970/1452 812/991/1472 811/990/1471
f 792/970/1452 793/971/1453 813/992/1473 812/991/1472
f 793/971/1453 794/972/1454 814/993/1474 813/992/1473
f 794/972/1454 795/973/1455 815/994/1475 814/993/1474
f 795/973/1455 796/974/1456 816/995/1476 815/994/1475
f 796/974/1456 797/975/1457 817/996/1477 816/995/1476
f 797/975/1457 798/976/1458 818/997/1478 817/996/1477
f 798/976/1458 799/977/1459 819/998/1479 818/997/1478
f 799/977/1459 800/978/1460 820/999/1480 819/998/1479
f 800/978/1460 801/979/1461 821/1000/1481 820/999/1480
f 801/979/1461 802/980/1462 822/1001/1482 821/1000/1481
f 802/980/1462 803/981/1463 823/1002/1483 822/1001/1482
f 803/981/1463 804/982/1464 824/1003/1484 823/1002/1483
f 804/982/1464 805/983/1465 825/1004/1485 824/1003/1484
f 805/983/1465 806/984/1466 826/1005/1486 825/1004/1485
f 806/984/1466 787/985/1448 807/1006/1468 826/1005/1486
f 807/986/1468 808/987/1467 828/1008/1487 827/1007/1488
f 808/987/1467 809/988/1469 829/1009/1489 828/1008/1487
f 809/988/1469 810/989/1470 830/1010/1490 829/1009/1489
f 810/989/1470 811/990/1471 831/1011/1491 830/1010/1490
f 811/990/1471 812/991/1472 832/1012/1492 831/1011/1491
f 812/991/1472 813/992/1473 833/1013/1493 832/1012/1492
f 813/992/1473 814/993/1474 834/1014/1494 833/1013/1493
f 814/993/1474 815/994/1475 835/1015/1495 834/1014/1494
f 815/994/1475 816/995/1476 836/1016/1496 835/1015/1495
f 816/995/1476 817/996/1477 837/1017/1497 836/1016/1496
f 817/996/1477 818/997/1478 838/1018/1498 837/1017/1497
f 818/997/1478 819/998/1479 839/1019/1499 838/1018/1498
f 819/998/1479 820/999/1480 840/1020/1500 839/1019/1499
f 820/999/1480 821/1000/1481 841/1021/1501 840/1020/1500
f 821/1000/1481 822/1001/1482 842/1022/1502 841/1021/1501
f 822/1001/1482 823/1002/1483 843/1023/1503 842/1022/1502
f 823/1002/1483 824/1003/1484 844/1024/1504 843/1023/1503
f 824/1003/1484 825/1004/1485 845/1025/1505 844/1024/1504
f 825/1004/1485 826/1005/1486 846/1026/1506 845/1025/1505
f 826/1005/1486 807/1006/1468 827/1027/1488 846/1026/1506
f 827/1007/1488 828/1008/1487 848/1029/1507 847/1028/1508
f 828/1008/1487 829/1009/1489 849/1030/1509 848/1029/1507
f 829/1009/1489 830/1010/1490 850/1031/1510 849/1030/1509
f 830/1010/1490 831/1011/1491 851/1032/1511 850/1031/1510
f 831/1011/1491 832/1012/1492 852/1033/1512 851/1032/1511
f 832/1012/1492 833/1013/1493 853/1034/1513 852/1033/1512
f 833/1013/1493 834/1014/1494 854/1035/1514 853/1034/1513
f 834/1014/1494 835/1015/1495 855/1036/1515 854/1035/1514
f 835/1015/1495 836/1016/1496 856/1037/1516 855/1036/1515
f 836/1016/1496 837/1017/1497 857/1038/1517 856/1037/1516
f 837/1017/1497 838/1018/1498 858/1039/1518 857/1038/1517
f 838/1018/1498 839/1019/1499 859/1040/1519 858/1039/1518
f 839/1019/1499 840/1020/1500 860/1041/1520 859/1040/1519
f 840/1020/1500 841/1021/1501 861/1042/1521 860/1041/1520
f 841/1021/1501 842/1022/1502 862/1043/1522 861/1042/1521
f 842/1022/1502 843/1023/1503 863/1044/1523 862/1043/1522
f 843/1023/1503 844/1024/1504 864/1045/1524 863/1044/1523
f 844/1024/1504 845/1025/1505 865/1046/1525 864/1045/1524
f 845/1025/1505 846/1026/1506 866/1047/1526 865/1046/1525
f 846/1026/1506 827/1027/1488 847/1048/1508 866/1047/1526
f 847/1028/1508 848/1029/1507 868/1050/1527 867/1049/1528
f 848/1029/1507 849/1030/1509 869/1051/1529 868/1050/1527
f 849/1030/1509 850/1031/1510 870/1052/1530 869/1051/1529
f 850/1031/1510 851/1032/1511 871/1053/1531 870/1052/1530
f 851/1032/1511 852/1033/1512 872/1054/1532 871/1053/1531
f 852/1033/1512 853/1034/1513 873/1055/1533 872/1054/1532
f 853/1034/1513 854/1035/1514 874/1056/1534 873/1055/1533
f 854/1035/1514 855/1036/1515 875/1057/1535 874/1056/1534
f 855/1036/1515 856/1037/1516 876/1058/1536 875/1057/1535
f 856/1037/1516 857/1038/1517 877/1059/1537 876/1058/1536
f 857/1038/1517 858/1039/1518 878/1060/1538 877/1059/1537
f 858/1039/1518 859/1040/1519 879/1061/1539 878/1060/1538
f 859/1040/1519 860/1041/1520 880/1062/1540 879/1061/1539
f 860/1041/1520 861/1042/1521 881/1063/1541 880/1062/1540
f 861/1042/1521 862/1043/1522 882/1064/1542 881/1063/1541
f 862/1043/1522 863/1044/1523 883/1065/1543 882/1064/1542
f 863/1044/1523 864/1045/1524 884/1066/1544 883/1065/1543
f 864/1045/1524 865/1046/1525 885/1067/1545 884/1066/1544
f 865/1046/1525 866/1047/1526 886/1068/1546 885/1067/1545
f 866/1047/1526 847/1048/1508 867/1069/1528 886/1068/1546
f 508/672/1168 507/671/1167 887/1070/1547
f 509/673/1171 508/672/1168 887/1071/1547
f 510/674/1173 509/673/1171 887/1072/1547
f 511/675/1175 510/674/1173 887/1073/1547
f 512/676/1177 511/675/1175 887/1074/1547
f 513/677/1179 512/676/1177 887/1075/1547
f 514/678/1181 513/677/1179 887/1076/1547
f 515/679/1183 514/678/1181 887/1077/1547
f 516/680/1185 515/679/1183 887/1078/1547
f 517/681/1187 516/680/1185 887/1079/1547
f 518/682/1189 517/681/1187 887/1080/1547
f 519/683/1191 518/682/1189 887/1081/1547
f 520/684/1193 519/683/1191 887/1082/1547
f 521/685/1195 520/684/1193 887/1083/1547
f 522/686/1197 521/685/1195 887/1084/1547
f 523/687/1199 522/686/1197 887/1085/1547
f 524/688/1201 523/687/1199 887/1086/1547
f 525/689/1203 524/688/1201 887/1087/1547
f 526/690/1205 525/689/1203 887/1088/1547
f 507/691/1167 526/690/1205 887/1089/1547
f 867/1049/1528 868/1050/1527 888/1090/1548
f 868/1050/1527 869/1051/1529 888/1091/1548
f 869/1051/1529 870/1052/1530 888/1092/1548
f 870/1052/1530 871/1053/1531 888/1093/1548
f 871/1053/1531 872/1054/1532 888/1094/1548
f 872/1054/1532 873/1055/1533 888/1095/1548
f 873/1055/1533 874/1056/1534 888/1096/1548
f 874/1056/1534 875/1057/1535 888/1097/1548
f 875/1057/1535 876/1058/1536 888/1098/1548
f 876/1058/1536 877/1059/1537 888/1099/1548
f 877/1059/1537 878/1060/1538 888/1100/1548
f 878/1060/1538 879/1061/1539 888/1101/1548
f 879/1061/1539 880/1062/1540 888/1102/1548
f 880/1062/1540 881/1063/1541 888/1103/1548
f 881/1063/1541 882/1064/1542 888/1104/1548
f 882/1064/1542 883/1065/1543 888/1105/1548
f 883/1065/1543 884/1066/1544 888/1106/1548
f 884/1066/1544 885/1067/1545 888/1107/1548
f 885/1067/1545 886/1068/1546 888/1108/1548
f 886/1068/1546 867/1069/1528 888/1109/1548
g default
v -0.334941 -0.107052 2.402836
v -0.340424 -0.107052 2.392073
v -0.348965 -0.107052 2.383532
v -0.359728 -0.107052 2.378049
v -0.371658 -0.107052 2.376159
v -0.383588 -0.107052 2.378049
v -0.394350 -0.107052 2.383532
v -0.402891 -0.107052 2.392073
v -0.408375 -0.107052 2.402836
v -0.410264 -0.107052 2.414766
v -0.408375 -0.107052 2.426696
v -0.402891 -0.107052 2.437458
v -0.394350 -0.107052 2.445999
v -0.383588 -0.107052 2.451483
v -0.371658 -0.107052 2.453372
v -0.359728 -0.107052 2.451483
v -0.348965 -0.107052 2.445999
v -0.340424 -0.107052 2.437458
v -0.334941 -0.107052 2.426696
v -0.333051 -0.107052 2.414766
v -0.299128 -0.098012 2.391199
v -0.309960 -0.098012 2.369940
v -0.326832 -0.098012 2.353068
v -0.348091 -0.098012 2.342236
v -0.371658 -0.098012 2.338503
v -0.395224 -0.098012 2.342236
v -0.416484 -0.098012 2.353068
v -0.433356 -0.098012 2.369940
v -0.444188 -0.098012 2.391199
v -0.447920 -0.098012 2.414766
v -0.444188 -0.098012 2.438332
v -0.433356 -0.098012 2.459592
v -0.416484 -0.098012 2.476463
v -0.395224 -0.098012 2.487296
v -0.371658 -0.098012 2.491028
v -0.348091 -0.098012 2.487296
v -0.326832 -0.098012 2.476463
v -0.309960 -0.098012 2.459592
v -0.299128 -0.098012 2.438332
v -0.295395 -0.098012 2.414766
v -0.265101 -0.083192 2.380143
v -0.281015 -0.083192 2.348910
v -0.305802 -0.083192 2.324123
v -0.337035 -0.083192 2.308209
v -0.371658 -0.083192 2.302725
v -0.406280 -0.083192 2.308209
v -0.437514 -0.083192 2.324123
v -0.462301 -0.083192 2.348910
v -0.478215 -0.083192 2.380143
v -0.483699 -0.083192 2.414766
v -0.478215 -0.083192 2.449388
v -0.462301 -0.083192 2.480622
v -0.437514 -0.083192 2.505409
v -0.406280 -0.083192 2.521323
v -0.371658 -0.083192 2.526806
v -0.337035 -0.083192 2.521323
v -0.305802 -0.083192 2.505409
v -0.281015 -0.083192 2.480622
v -0.265101 -0.083192 2.449388
v -0.259617 -0.083192 2.414766
v -0.233697 -0.062958 2.369940
v -0.254302 -0.062958 2.329502
v -0.286394 -0.062958 2.297410
v -0.326832 -0.062958 2.276805
v -0.371658 -0.062958 2.269706
v -0.416484 -0.062958 2.276805
v -0.456922 -0.062958 2.297410
v -0.489014 -0.062958 2.329502
v -0.509618 -0.062958 2.369940
v -0.516718 -0.062958 2.414766
v -0.509618 -0.062958 2.459592
v -0.489014 -0.062958 2.500030
v -0.456922 -0.062958 2.532122
v -0.416484 -0.062958 2.552726
v -0.371658 -0.062958 2.559826
v -0.326832 -0.062958 2.552726
v -0.286394 -0.062958 2.532122
v -0.254302 -0.062958 2.500030
v -0.233698 -0.062958 2.459592
v -0.226598 -0.062958 2.414766
v -0.205691 -0.037807 2.360840
v -0.230478 -0.037807 2.312193
v -0.269085 -0.037807 2.273586
v -0.317732 -0.037807 2.248799
v -0.371658 -0.037807 2.240258
v -0.425584 -0.037807 2.248799
v -0.474231 -0.037807 2.273586
v -0.512837 -0.037807 2.312193
v -0.537624 -0.037807 2.360840
v -0.546165 -0.037807 2.414766
v -0.537624 -0.037807 2.468691
v -0.512837 -0.037807 2.517339
v -0.474231 -0.037807 2.555945
v -0.425584 -0.037807 2.580732
v -0.371658 -0.037807 2.589273
v -0.317732 -0.037807 2.580732
v -0.269085 -0.037807 2.555945
v -0.230478 -0.037807 2.517339
v -0.205691 -0.037807 2.468691
v -0.197150 -0.037807 2.414766
v -0.181772 -0.008360 2.353068
v -0.210131 -0.008360 2.297410
v -0.254302 -0.008360 2.253239
v -0.309960 -0.008360 2.224880
v -0.371658 -0.008360 2.215108
v -0.433356 -0.008360 2.224880
v -0.489014 -0.008360 2.253239
v -0.533185 -0.008360 2.297410
v -0.561544 -0.008360 2.353068
v -0.571316 -0.008360 2.414766
v -0.561544 -0.008360 2.476463
v -0.533185 -0.008360 2.532122
v -0.489014 -0.008360 2.576292
v -0.433356 -0.008360 2.604652
v -0.371658 -0.008360 2.614424
v -0.309960 -0.008360 2.604652
v -0.254302 -0.008360 2.576292
v -0.210131 -0.008360 2.532122
v -0.181772 -0.008360 2.476463
v -0.172000 -0.008360 2.414766
v -0.162528 0.024659 2.346815
v -0.193761 0.024659 2.285516
v -0.242408 0.024659 2.236869
v -0.303707 0.024659 2.205636
v -0.371658 0.024659 2.194873
v -0.439608 0.024659 2.205636
v -0.500907 0.024659 2.236869
v -0.549554 0.024659 2.285516
v -0.580788 0.024659 2.346815
v -0.591550 0.024659 2.414766
v -0.580788 0.024659 2.482716
v -0.549554 0.024659 2.544015
v -0.500907 0.024659 2.592662
v -0.439608 0.024659 2.623896
v -0.371658 0.024659 2.634658
v -0.303707 0.024659 2.623896
v -0.242408 0.024659 2.592662
v -0.193761 0.024659 2.544015
v -0.162528 0.024659 2.482716
v -0.151766 0.024659 2.414766
v -0.148433 0.060438 2.342236
v -0.181772 0.060438 2.276805
v -0.233697 0.060438 2.224880
v -0.299128 0.060438 2.191541
v -0.371658 0.060438 2.180054
v -0.444188 0.060438 2.191541
v -0.509618 0.060438 2.224880
v -0.561544 0.060438 2.276805
v -0.594882 0.060438 2.342236
v -0.606370 0.060438 2.414766
v -0.594882 0.060438 2.487296
v -0.561544 0.060438 2.552726
v -0.509618 0.060438 2.604652
v -0.444188 0.060438 2.637990
v -0.371658 0.060438 2.649478
v -0.299128 0.060438 2.637990
v -0.233698 0.060438 2.604652
v -0.181772 0.060438 2.552726
v -0.148433 0.060438 2.487296
v -0.136946 0.060438 2.414766
v -0.139835 0.098094 2.339442
v -0.174458 0.098094 2.271492
v -0.228384 0.098094 2.217566
v -0.296334 0.098094 2.182943
v -0.371658 0.098094 2.171013
v -0.446982 0.098094 2.182943
v -0.514932 0.098094 2.217566
v -0.568858 0.098094 2.271492
v -0.603480 0.098094 2.339442
v -0.615410 0.098094 2.414766
v -0.603480 0.098094 2.490089
v -0.568858 0.098094 2.558040
v -0.514932 0.098094 2.611966
v -0.446981 0.098094 2.646588
v -0.371658 0.098094 2.658518
v -0.296334 0.098094 2.646588
v -0.228384 0.098094 2.611966
v -0.174458 0.098094 2.558040
v -0.139836 0.098094 2.490089
v -0.127905 0.098094 2.414766
v -0.136946 0.136700 2.338503
v -0.172000 0.136700 2.269706
v -0.226598 0.136700 2.215108
v -0.295395 0.136700 2.180054
v -0.371658 0.136700 2.167975
v -0.447920 0.136700 2.180054
v -0.516718 0.136700 2.215108
v -0.571316 0.136700 2.269706
v -0.606370 0.136700 2.338503
v -0.618449 0.136700 2.414766
v -0.606370 0.136700 2.491028
v -0.571316 0.136700 2.559826
v -0.516718 0.136700 2.614424
v -0.447920 0.136700 2.649478
v -0.371658 0.136700 2.661557
v -0.295395 0.136700 2.649478
v -0.226598 0.136700 2.614424
v -0.172000 0.136700 2.559826
v -0.136946 0.136700 2.491028
v -0.124867 0.136700 2.414766
v -0.139835 0.175307 2.339442
v -0.174458 0.175307 2.271492
v -0.228384 0.175307 2.217566
v -0.296334 0.175307 2.182943
v -0.371658 0.175307 2.171013
v -0.446982 0.175307 2.182943
v -0.514932 0.175307 2.217566
v -0.568858 0.175307 2.271492
v -0.603480 0.175307 2.339442
v -0.615410 0.175307 2.414766
v -0.603480 0.175307 2.490089
v -0.568858 0.175307 2.558040
v -0.514932 0.175307 2.611966
v -0.446981 0.175307 2.646588
v -0.371658 0.175307 2.658518
v -0.296334 0.175307 2.646588
v -0.228384 0.175307 2.611966
v -0.174458 0.175307 2.558040
v -0.139836 0.175307 2.490089
v -0.127905 0.175307 2.414766
v -0.148433 0.212963 2.342236
v -0.181772 0.212963 2.276805
v -0.233697 0.212963 2.224880
v -0.299128 0.212963 2.191541
v -0.371658 0.212963 2.180054
v -0.444188 0.212963 2.191541
v -0.509618 0.212963 2.224880
v -0.561544 0.212963 2.276805
v -0.594882 0.212963 2.342236
v -0.606370 0.212963 2.414766
v -0.594882 0.212963 2.487296
v -0.561544 0.212963 2.552726
v -0.509618 0.212963 2.604652
v -0.444188 0.212963 2.637990
v -0.371658 0.212963 2.649478
v -0.299128 0.212963 2.637990
v -0.233698 0.212963 2.604652
v -0.181772 0.212963 2.552726
v -0.148433 0.212963 2.487296
v -0.136946 0.212963 2.414766
v -0.162528 0.248741 2.346815
v -0.193761 0.248741 2.285516
v -0.242408 0.248741 2.236869
v -0.303707 0.248741 2.205636
v -0.371658 0.248741 2.194873
v -0.439608 0.248741 2.205636
v -0.500907 0.248741 2.236869
v -0.549554 0.248741 2.285516
v -0.580788 0.248741 2.346815
v -0.591550 0.248741 2.414766
v -0.580788 0.248741 2.482716
v -0.549554 0.248741 2.544015
v -0.500907 0.248741 2.592662
v -0.439608 0.248741 2.623896
v -0.371658 0.248741 2.634658
v -0.303707 0.248741 2.623896
v -0.242408 0.248741 2.592662
v -0.193761 0.248741 2.544015
v -0.162528 0.248741 2.482716
v -0.151766 0.248741 2.414766
v -0.181772 0.281760 2.353068
v -0.210131 0.281760 2.297410
v -0.254302 0.281760 2.253239
v -0.309960 0.281760 2.224880
v -0.371658 0.281760 2.215108
v -0.433356 0.281760 2.224880
v -0.489014 0.281760 2.253239
v -0.533185 0.281760 2.297410
v -0.561544 0.281760 2.353068
v -0.571316 0.281760 2.414766
v -0.561544 0.281760 2.476463
v -0.533185 0.281760 2.532122
v -0.489014 0.281760 2.576292
v -0.433356 0.281760 2.604652
v -0.371658 0.281760 2.614424
v -0.309960 0.281760 2.604652
v -0.254302 0.281760 2.576292
v -0.210131 0.281760 2.532122
v -0.181772 0.281760 2.476463
v -0.172000 0.281760 2.414766
v -0.205691 0.311208 2.360840
v -0.230478 0.311208 2.312193
v -0.269085 0.311208 2.273586
v -0.317732 0.311208 2.248799
v -0.371658 0.311208 2.240258
v -0.425584 0.311208 2.248799
v -0.474231 0.311208 2.273586
v -0.512837 0.311208 2.312193
v -0.537624 0.311208 2.360840
v -0.546165 0.311208 2.414766
v -0.537624 0.311208 2.468691
v -0.512837 0.311208 2.517339
v -0.474231 0.311208 2.555945
v -0.425584 0.311208 2.580732
v -0.371658 0.311208 2.589273
v -0.317732 0.311208 2.580732
v -0.269085 0.311208 2.555945
v -0.230478 0.311208 2.517339
v -0.205691 0.311208 2.468691
v -0.197150 0.311208 2.414766
v -0.233697 0.336358 2.369940
v -0.254302 0.336358 2.329502
v -0.286394 0.336358 2.297410
v -0.326832 0.336358 2.276805
v -0.371658 0.336358 2.269706
v -0.416484 0.336358 2.276805
v -0.456922 0.336358 2.297410
v -0.489014 0.336358 2.329502
v -0.509618 0.336358 2.369940
v -0.516718 0.336358 2.414766
v -0.509618 0.336358 2.459592
v -0.489014 0.336358 2.500030
v -0.456922 0.336358 2.532122
v -0.416484 0.336358 2.552726
v -0.371658 0.336358 2.559826
v -0.326832 0.336358 2.552726
v -0.286394 0.336358 2.532122
v -0.254302 0.336358 2.500030
v -0.233698 0.336358 2.459592
v -0.226598 0.336358 2.414766
v -0.265101 0.356592 2.380143
v -0.281015 0.356592 2.348910
v -0.305802 0.356592 2.324123
v -0.337035 0.356592 2.308209
v -0.371658 0.356592 2.302725
v -0.406280 0.356592 2.308209
v -0.437514 0.356592 2.324123
v -0.462301 0.356592 2.348910
v -0.478215 0.356592 2.380143
v -0.483699 0.356592 2.414766
v -0.478215 0.356592 2.449388
v -0.462301 0.356592 2.480622
v -0.437514 0.356592 2.505409
v -0.406280 0.356592 2.521323
v -0.371658 0.356592 2.526806
v -0.337035 0.356592 2.521323
v -0.305802 0.356592 2.505409
v -0.281015 0.356592 2.480622
v -0.265101 0.356592 2.449388
v -0.259617 0.356592 2.414766
v -0.299128 0.371412 2.391199
v -0.309960 0.371412 2.369940
v -0.326832 0.371412 2.353068
v -0.348091 0.371412 2.342236
v -0.371658 0.371412 2.338503
v -0.395224 0.371412 2.342236
v -0.416484 0.371412 2.353068
v -0.433356 0.371412 2.369940
v -0.444188 0.371412 2.391199
v -0.447920 0.371412 2.414766
v -0.444188 0.371412 2.438332
v -0.433356 0.371412 2.459592
v -0.416484 0.371412 2.476463
v -0.395224 0.371412 2.487296
v -0.371658 0.371412 2.491028
v -0.348091 0.371412 2.487296
v -0.326832 0.371412 2.476463
v -0.309960 0.371412 2.459592
v -0.299128 0.371412 2.438332
v -0.295395 0.371412 2.414766
v -0.334941 0.380452 2.402836
v -0.340424 0.380452 2.392073
v -0.348965 0.380452 2.383532
v -0.359728 0.380452 2.378049
v -0.371658 0.380452 2.376159
v -0.383588 0.380452 2.378049
v -0.394350 0.380452 2.383532
v -0.402891 0.380452 2.392073
v -0.408375 0.380452 2.402836
v -0.410264 0.380452 2.414766
v -0.408375 0.380452 2.426696
v -0.402891 0.380452 2.437458
v -0.394350 0.380452 2.445999
v -0.383588 0.380452 2.451483
v -0.371658 0.380452 2.453372
v -0.359728 0.380452 2.451483
v -0.348965 0.380452 2.445999
v -0.340424 0.380452 2.437458
v -0.334941 0.380452 2.426696
v -0.333051 0.380452 2.414766
v -0.371658 -0.110091 2.414766
v -0.371658 0.383491 2.414766
vt 0.000000 0.050000
vt 0.050000 0.050000
vt 0.100000 0.050000
vt 0.150000 0.050000
vt 0.200000 0.050000
vt 0.250000 0.050000
vt 0.300000 0.050000
vt 0.350000 0.050000
vt 0.400000 0.050000
vt 0.450000 0.050000
vt 0.500000 0.050000
vt 0.550000 0.050000
vt 0.600000 0.050000
vt 0.650000 0.050000
vt 0.700000 0.050000
vt 0.750000 0.050000
vt 0.800000 0.050000
vt 0.850000 0.050000
vt 0.900000 0.050000
vt 0.950000 0.050000
vt 1.000000 0.050000
vt 0.000000 0.100000
vt 0.050000 0.100000
vt 0.100000 0.100000
vt 0.150000 0.100000
vt 0.200000 0.100000
vt 0.250000 0.100000
vt 0.300000 0.100000
vt 0.350000 0.100000
vt 0.400000 0.100000
vt 0.450000 0.100000
vt 0.500000 0.100000
vt 0.550000 0.100000
vt 0.600000 0.100000
vt 0.650000 0.100000
vt 0.700000 0.100000
vt 0.750000 0.100000
vt 0.800000 0.100000
vt 0.850000 0.100000
vt 0.900000 0.100000
vt 0.950000 0.100000
vt 1.000000 0.100000
vt 0.000000 0.150000
vt 0.050000 0.150000
vt 0.100000 0.150000
vt 0.150000 0.150000
vt 0.200000 0.150000
vt 0.250000 0.150000
vt 0.300000 0.150000
vt 0.350000 0.150000
vt 0.400000 0.150000
vt 0.450000 0.150000
vt 0.500000 0.150000
vt 0.550000 0.150000
vt 0.600000 0.150000
vt 0.650000 0.150000
vt 0.700000 0.150000
vt 0.750000 0.150000
vt 0.800000 0.150000
vt 0.850000 0.150000
vt 0.900000 0.150000
vt 0.950000 0.150000
vt 1.000000 0.150000
vt 0.000000 0.200000
vt 0.050000 0.200000
vt 0.100000 0.200000
vt 0.150000 0.200000
vt 0.200000 0.200000
vt 0.250000 0.200000
vt 0.300000 0.200000
vt 0.350000 0.200000
vt 0.400000 0.200000
vt 0.450000 0.200000
vt 0.500000 0.200000
vt 0.550000 0.200000
vt 0.600000 0.200000
vt 0.650000 0.200000
vt 0.700000 0.200000
vt 0.750000 0.200000
vt 0.800000 0.200000
vt 0.850000 0.200000
vt 0.900000 0.200000
vt 0.950000 0.200000
vt 1.000000 0.200000
vt 0.000000 0.250000
vt 0.050000 0.250000
vt 0.100000 0.250000
vt 0.150000 0.250000
vt 0.200000 0.250000
vt 0.250000 0.250000
vt 0.300000 0.250000
vt 0.350000 0.250000
vt 0.400000 0.250000
vt 0.450000 0.250000
vt 0.500000 0.250000
vt 0.550000 0.250000
vt 0.600000 0.250000
vt 0.650000 0.250000
vt 0.700000 0.250000
vt 0.750000 0.250000
vt 0.800000 0.250000
vt 0.850000 0.250000
vt 0.900000 0.250000
vt 0.950000 0.250000
vt 1.000000 0.250000
vt 0.000000 0.300000
vt 0.050000 0.300000
vt 0.100000 0.300000
vt 0.150000 0.300000
vt 0.200000 0.300000
vt 0.250000 0.300000
vt 0.300000 0.300000
vt 0.350000 0.300000
vt 0.400000 0.300000
vt 0.450000 0.300000
vt 0.500000 0.300000
vt 0.550000 0.300000
vt 0.600000 0.300000
vt 0.650000 0.300000
vt 0.700000 0.300000
vt 0.750000 0.300000
vt 0.800000 0.300000
vt 0.850000 0.300000
vt 0.900000 0.300000
vt 0.950000 0.300000
vt 1.000000 0.300000
vt 0.000000 0.350000
vt 0.050000 0.350000
vt 0.100000 0.350000
vt 0.150000 0.350000
vt 0.200000 0.350000
vt 0.250000 0.350000
vt 0.300000 0.350000
vt 0.350000 0.350000
vt 0.400000 0.350000
vt 0.450000 0.350000
vt 0.500000 0.350000
vt 0.550000 0.350000
vt 0.600000 0.350000
vt 0.650000 0.350000
vt 0.700000 0.350000
vt 0.750000 0.350000
vt 0.800000 0.350000
vt 0.850000 0.350000
vt 0.900000 0.350000
vt 0.950000 0.350000
vt 1.000000 0.350000
vt 0.000000 0.400000
vt 0.050000 0.400000
vt 0.100000 0.400000
vt 0.150000 0.400000
vt 0.200000 0.400000
vt 0.250000 0.400000
vt 0.300000 0.400000
vt 0.350000 0.400000
vt 0.400000 0.400000
vt 0.450000 0.400000
vt 0.500000 0.400000
vt 0.550000 0.400000
vt 0.600000 0.400000
vt 0.650000 0.400000
vt 0.700000 0.400000
vt 0.750000 0.400000
vt 0.800000 0.400000
vt 0.850000 0.400000
vt 0.900000 0.400000
vt 0.950000 0.400000
vt 1.000000 0.400000
vt 0.000000 0.450000
vt 0.050000 0.450000
vt 0.100000 0.450000
vt 0.150000 0.450000
vt 0.200000 0.450000
vt 0.250000 0.450000
vt 0.300000 0.450000
vt 0.350000 0.450000
vt 0.400000 0.450000
vt 0.450000 0.450000
vt 0.500000 0.450000
vt 0.550000 0.450000
vt 0.600000 0.450000
vt 0.650000 0.450000
vt 0.700000 0.450000
vt 0.750000 0.450000
vt 0.800000 0.450000
vt 0.850000 0.450000
vt 0.900000 0.450000
vt 0.950000 0.450000
vt 1.000000 0.450000
vt 0.000000 0.500000
vt 0.050000 0.500000
vt 0.100000 0.500000
vt 0.150000 0.500000
vt 0.200000 0.500000
vt 0.250000 0.500000
vt 0.300000 0.500000
vt 0.350000 0.500000
vt 0.400000 0.500000
vt 0.450000 0.500000
vt 0.500000 0.500000
vt 0.550000 0.500000
vt 0.600000 0.500000
vt 0.650000 0.500000
vt 0.700000 0.500000
vt 0.750000 0.500000
vt 0.800000 0.500000
vt 0.850000 0.500000
vt 0.900000 0.500000
vt 0.950000 0.500000
vt 1.000000 0.500000
vt 0.000000 0.550000
vt 0.050000 0.550000
vt 0.100000 0.550000
vt 0.150000 0.550000
vt 0.200000 0.550000
vt 0.250000 0.550000
vt 0.300000 0.550000
vt 0.350000 0.550000
vt 0.400000 0.550000
vt 0.450000 0.550000
vt 0.500000 0.550000
vt 0.550000 0.550000
vt 0.600000 0.550000
vt 0.650000 0.550000
vt 0.700000 0.550000
vt 0.750000 0.550000
vt 0.800000 0.550000
vt 0.850000 0.550000
vt 0.900000 0.550000
vt 0.950000 0.550000
vt 1.000000 0.550000
vt 0.000000 0.600000
vt 0.050000 0.600000
vt 0.100000 0.600000
vt 0.150000 0.600000
vt 0.200000 0.600000
vt 0.250000 0.600000
vt 0.300000 0.600000
vt 0.350000 0.600000
vt 0.400000 0.600000
vt 0.450000 0.600000
vt 0.500000 0.600000
vt 0.550000 0.600000
vt 0.600000 0.600000
vt 0.650000 0.600000
vt 0.700000 0.600000
vt 0.750000 0.600000
vt 0.800000 0.600000
vt 0.850000 0.600000
vt 0.900000 0.600000
vt 0.950000 0.600000
vt 1.000000 0.600000
vt 0.000000 0.650000
vt 0.050000 0.650000
vt 0.100000 0.650000
vt 0.150000 0.650000
vt 0.200000 0.650000
vt 0.250000 0.650000
vt 0.300000 0.650000
vt 0.350000 0.650000
vt 0.400000 0.650000
vt 0.450000 0.650000
vt 0.500000 0.650000
vt 0.550000 0.650000
vt 0.600000 0.650000
vt 0.650000 0.650000
vt 0.700000 0.650000
vt 0.750000 0.650000
vt 0.800000 0.650000
vt 0.850000 0.650000
vt 0.900000 0.650000
vt 0.950000 0.650000
vt 1.000000 0.650000
vt 0.000000 0.700000
vt 0.050000 0.700000
vt 0.100000 0.700000
vt 0.150000 0.700000
vt 0.200000 0.700000
vt 0.250000 0.700000
vt 0.300000 0.700000
vt 0.350000 0.700000
vt 0.400000 0.700000
vt 0.450000 0.700000
vt 0.500000 0.700000
vt 0.550000 0.700000
vt 0.600000 0.700000
vt 0.650000 0.700000
vt 0.700000 0.700000
vt 0.750000 0.700000
vt 0.800000 0.700000
vt 0.850000 0.700000
vt 0.900000 0.700000
vt 0.950000 0.700000
vt 1.000000 0.700000
vt 0.000000 0.750000
vt 0.050000 0.750000
vt 0.100000 0.750000
vt 0.150000 0.750000
vt 0.200000 0.750000
vt 0.250000 0.750000
vt 0.300000 0.750000
vt 0.350000 0.750000
vt 0.400000 0.750000
vt 0.450000 0.750000
vt 0.500000 0.750000
vt 0.550000 0.750000
vt 0.600000 0.750000
vt 0.650000 0.750000
vt 0.700000 0.750000
vt 0.750000 0.750000
vt 0.800000 0.750000
vt 0.850000 0.750000
vt 0.900000 0.750000
vt 0.950000 0.750000
vt 1.000000 0.750000
vt 0.000000 0.800000
vt 0.050000 0.800000
vt 0.100000 0.800000
vt 0.150000 0.800000
vt 0.200000 0.800000
vt 0.250000 0.800000
vt 0.300000 0.800000
vt 0.350000 0.800000
vt 0.400000 0.800000
vt 0.450000 0.800000
vt 0.500000 0.800000
vt 0.550000 0.800000
vt 0.600000 0.800000
vt 0.650000 0.800000
vt 0.700000 0.800000
vt 0.750000 0.800000
vt 0.800000 0.800000
vt 0.850000 0.800000
vt 0.900000 0.800000
vt 0.950000 0.800000
vt 1.000000 0.800000
vt 0.000000 0.850000
vt 0.050000 0.850000
vt 0.100000 0.850000
vt 0.150000 0.850000
vt 0.200000 0.850000
vt 0.250000 0.850000
vt 0.300000 0.850000
vt 0.350000 0.850000
vt 0.400000 0.850000
vt 0.450000 0.850000
vt 0.500000 0.850000
vt 0.550000 0.850000
vt 0.600000 0.850000
vt 0.650000 0.850000
vt 0.700000 0.850000
vt 0.750000 0.850000
vt 0.800000 0.850000
vt 0.850000 0.850000
vt 0.900000 0.850000
vt 0.950000 0.850000
vt 1.000000 0.850000
vt 0.000000 0.900000
vt 0.050000 0.900000
vt 0.100000 0.900000
vt 0.150000 0.900000
vt 0.200000 0.900000
vt 0.250000 0.900000
vt 0.300000 0.900000
vt 0.350000 0.900000
vt 0.400000 0.900000
vt 0.450000 0.900000
vt 0.500000 0.900000
vt 0.550000 0.900000
vt 0.600000 0.900000
vt 0.650000 0.900000
vt 0.700000 0.900000
vt 0.750000 0.900000
vt 0.800000 0.900000
vt 0.850000 0.900000
vt 0.900000 0.900000
vt 0.950000 0.900000
vt 1.000000 0.900000
vt 0.000000 0.950000
vt 0.050000 0.950000
vt 0.100000 0.950000
vt 0.150000 0.950000
vt 0.200000 0.950000
vt 0.250000 0.950000
vt 0.300000 0.950000
vt 0.350000 0.950000
vt 0.400000 0.950000
vt 0.450000 0.950000
vt 0.500000 0.950000
vt 0.550000 0.950000
vt 0.600000 0.950000
vt 0.650000 0.950000
vt 0.700000 0.950000
vt 0.750000 0.950000
vt 0.800000 0.950000
vt 0.850000 0.950000
vt 0.900000 0.950000
vt 0.950000 0.950000
vt 1.000000 0.950000
vt 0.025000 0.000000
vt 0.075000 0.000000
vt 0.125000 0.000000
vt 0.175000 0.000000
vt 0.225000 0.000000
vt 0.275000 0.000000
vt 0.325000 0.000000
vt 0.375000 0.000000
vt 0.425000 0.000000
vt 0.475000 0.000000
vt 0.525000 0.000000
vt 0.575000 0.000000
vt 0.625000 0.000000
vt 0.675000 0.000000
vt 0.725000 0.000000
vt 0.775000 0.000000
vt 0.825000 0.000000
vt 0.875000 0.000000
vt 0.925000 0.000000
vt 0.975000 0.000000
vt 0.025000 1.000000
vt 0.075000 1.000000
vt 0.125000 1.000000
vt 0.175000 1.000000
vt 0.225000 1.000000
vt 0.275000 1.000000
vt 0.325000 1.000000
vt 0.375000 1.000000
vt 0.425000 1.000000
vt 0.475000 1.000000
vt 0.525000 1.000000
vt 0.575000 1.000000
vt 0.625000 1.000000
vt 0.675000 1.000000
vt 0.725000 1.000000
vt 0.775000 1.000000
vt 0.825000 1.000000
vt 0.875000 1.000000
vt 0.925000 1.000000
vt 0.975000 1.000000
vn 0.190555 -0.979722 -0.061915
vn 0.162096 -0.979722 -0.117769
vn 0.269870 -0.942722 -0.196072
vn 0.317252 -0.942722 -0.103081
vn 0.117769 -0.979722 -0.162095
vn 0.196072 -0.942723 -0.269870
vn 0.061915 -0.979722 -0.190555
vn 0.103081 -0.942723 -0.317251
vn -0.000000 -0.979722 -0.200361
vn -0.000000 -0.942723 -0.333578
vn -0.061915 -0.979722 -0.190555
vn -0.103081 -0.942722 -0.317252
vn -0.117769 -0.979722 -0.162096
vn -0.196072 -0.942722 -0.269871
vn -0.162096 -0.979722 -0.117770
vn -0.269870 -0.942722 -0.196072
vn -0.190555 -0.979722 -0.061915
vn -0.317252 -0.942722 -0.103081
vn -0.200361 -0.979722 0.000000
vn -0.333578 -0.942722 -0.000000
vn -0.190555 -0.979722 0.061915
vn -0.317252 -0.942722 0.103081
vn -0.162096 -0.979722 0.117769
vn -0.269870 -0.942722 0.196072
vn -0.117769 -0.979722 0.162095
vn -0.196072 -0.942722 0.269870
vn -0.061915 -0.979722 0.190555
vn -0.103081 -0.942722 0.317252
vn 0.000000 -0.979722 0.200361
vn 0.000000 -0.942722 0.333578
vn 0.061915 -0.979722 0.190555
vn 0.103081 -0.942722 0.317252
vn 0.117769 -0.979722 0.162096
vn 0.196072 -0.942722 0.269870
vn 0.162096 -0.979722 0.117769
vn 0.269870 -0.942722 0.196072
vn 0.190555 -0.979722 0.061915
vn 0.317252 -0.942722 0.103081
vn 0.200361 -0.979722 0.000001
vn 0.333578 -0.942722 0.000000
vn 0.380846 -0.882266 -0.276701
vn 0.447712 -0.882266 -0.145470
vn 0.276701 -0.882266 -0.380846
vn 0.145470 -0.882266 -0.447711
vn -0.000000 -0.882266 -0.470752
vn -0.145470 -0.882266 -0.447711
vn -0.276701 -0.882266 -0.380846
vn -0.380846 -0.882266 -0.276701
vn -0.447712 -0.882266 -0.145470
vn -0.470752 -0.882266 0.000000
vn -0.447712 -0.882266 0.145470
vn -0.380846 -0.882266 0.276701
vn -0.276701 -0.882266 0.380846
vn -0.145470 -0.882266 0.447712
vn 0.000000 -0.882266 0.470752
vn 0.145470 -0.882266 0.447712
vn 0.276701 -0.882266 0.380846
vn 0.380846 -0.882266 0.276701
vn 0.447712 -0.882266 0.145470
vn 0.470752 -0.882266 0.000000
vn 0.485138 -0.800252 -0.352474
vn 0.570314 -0.800252 -0.185306
vn 0.352473 -0.800252 -0.485138
vn 0.185306 -0.800252 -0.570314
vn -0.000000 -0.800252 -0.599664
vn -0.185307 -0.800252 -0.570314
vn -0.352474 -0.800252 -0.485138
vn -0.485138 -0.800252 -0.352474
vn -0.570314 -0.800252 -0.185306
vn -0.599664 -0.800252 0.000000
vn -0.570314 -0.800252 0.185306
vn -0.485138 -0.800252 0.352474
vn -0.352474 -0.800252 0.485139
vn -0.185306 -0.800252 0.570314
vn 0.000000 -0.800252 0.599664
vn 0.185306 -0.800252 0.570314
vn 0.352474 -0.800252 0.485139
vn 0.485138 -0.800252 0.352474
vn 0.570314 -0.800252 0.185306
vn 0.599664 -0.800252 0.000001
vn 0.578713 -0.698789 -0.420459
vn 0.680318 -0.698789 -0.221048
vn 0.420459 -0.698789 -0.578713
vn 0.221049 -0.698789 -0.680318
vn -0.000000 -0.698789 -0.715328
vn -0.221049 -0.698789 -0.680318
vn -0.420460 -0.698789 -0.578713
vn -0.578713 -0.698789 -0.420459
vn -0.680318 -0.698788 -0.221049
vn -0.715328 -0.698788 -0.000000
vn -0.680318 -0.698789 0.221049
vn -0.578713 -0.698788 0.420460
vn -0.420459 -0.698788 0.578713
vn -0.221049 -0.698788 0.680318
vn -0.000000 -0.698788 0.715328
vn 0.221049 -0.698789 0.680318
vn 0.420460 -0.698788 0.578713
vn 0.578713 -0.698788 0.420459
vn 0.680318 -0.698788 0.221049
vn 0.715328 -0.698788 0.000001
vn 0.658808 -0.580401 -0.478652
vn 0.774475 -0.580401 -0.251641
vn 0.478652 -0.580401 -0.658808
vn 0.251642 -0.580401 -0.774475
vn -0.000000 -0.580401 -0.814331
vn -0.251642 -0.580401 -0.774475
vn -0.478652 -0.580401 -0.658808
vn -0.658808 -0.580401 -0.478652
vn -0.774475 -0.580401 -0.251642
vn -0.814331 -0.580401 -0.000000
vn -0.774475 -0.580401 0.251642
vn -0.658808 -0.580401 0.478652
vn -0.478652 -0.580401 0.658808
vn -0.251642 -0.580401 0.774475
vn 0.000000 -0.580401 0.814331
vn 0.251642 -0.580401 0.774475
vn 0.478652 -0.580401 0.658808
vn 0.658808 -0.580401 0.478652
vn 0.774475 -0.580401 0.251642
vn 0.814331 -0.580401 0.000001
vn 0.723291 -0.447994 -0.525502
vn 0.850280 -0.447994 -0.276272
vn 0.525501 -0.447994 -0.723291
vn 0.276272 -0.447994 -0.850279
vn -0.000000 -0.447994 -0.894037
vn -0.276273 -0.447994 -0.850279
vn -0.525502 -0.447994 -0.723291
vn -0.723291 -0.447994 -0.525501
vn -0.850279 -0.447994 -0.276272
vn -0.894037 -0.447994 -0.000000
vn -0.850279 -0.447994 0.276273
vn -0.723291 -0.447994 0.525502
vn -0.525502 -0.447994 0.723291
vn -0.276273 -0.447994 0.850279
vn 0.000000 -0.447994 0.894037
vn 0.276273 -0.447994 0.850279
vn 0.525502 -0.447994 0.723291
vn 0.723291 -0.447994 0.525502
vn 0.850280 -0.447994 0.276273
vn 0.894037 -0.447994 0.000001
vn 0.770524 -0.304789 -0.559819
vn 0.905806 -0.304789 -0.294313
vn 0.559818 -0.304789 -0.770524
vn 0.294314 -0.304789 -0.905805
vn -0.000000 -0.304789 -0.952420
vn -0.294314 -0.304789 -0.905805
vn -0.559819 -0.304789 -0.770524
vn -0.770524 -0.304789 -0.559818
vn -0.905805 -0.304789 -0.294314
vn -0.952420 -0.304789 -0.000000
vn -0.905805 -0.304789 0.294314
vn -0.770524 -0.304788 0.559819
vn -0.559818 -0.304788 0.770524
vn -0.294314 -0.304789 0.905805
vn 0.000000 -0.304789 0.952420
vn 0.294314 -0.304789 0.905805
vn 0.559818 -0.304789 0.770524
vn 0.770524 -0.304789 0.559818
vn 0.905805 -0.304789 0.294314
vn 0.952420 -0.304788 0.000001
vn 0.799335 -0.154249 -0.580751
vn 0.939675 -0.154249 -0.305318
vn 0.580750 -0.154249 -0.799335
vn 0.305319 -0.154249 -0.939674
vn 0.000000 -0.154249 -0.988032
vn -0.305319 -0.154249 -0.939674
vn -0.580751 -0.154249 -0.799335
vn -0.799335 -0.154249 -0.580751
vn -0.939674 -0.154248 -0.305319
vn -0.988032 -0.154248 0.000000
vn -0.939674 -0.154248 0.305319
vn -0.799335 -0.154248 0.580751
vn -0.580751 -0.154249 0.799335
vn -0.305319 -0.154249 0.939674
vn 0.000000 -0.154249 0.988032
vn 0.305319 -0.154249 0.939674
vn 0.580751 -0.154249 0.799335
vn 0.799335 -0.154249 0.580751
vn 0.939674 -0.154249 0.305319
vn 0.988032 -0.154249 0.000001
vn 0.809017 0.000000 -0.587785
vn 0.951057 -0.000000 -0.309016
vn 0.587785 -0.000000 -0.809017
vn 0.309017 -0.000000 -0.951057
vn 0.000000 0.000000 -1.000000
vn -0.309017 -0.000000 -0.951056
vn -0.587785 -0.000000 -0.809017
vn -0.809017 0.000000 -0.587785
vn -0.951057 0.000000 -0.309017
vn -1.000000 -0.000000 0.000000
vn -0.951056 -0.000000 0.309017
vn -0.809017 0.000000 0.587785
vn -0.587785 -0.000000 0.809017
vn -0.309017 -0.000000 0.951057
vn 0.000000 0.000000 1.000000
vn 0.309017 -0.000000 0.951057
vn 0.587785 -0.000000 0.809017
vn 0.809017 -0.000000 0.587785
vn 0.951057 0.000000 0.309017
vn 1.000000 0.000000 0.000001
vn 0.799335 0.154249 -0.580751
vn 0.939675 0.154249 -0.305318
vn 0.580750 0.154249 -0.799335
vn 0.305319 0.154249 -0.939674
vn 0.000000 0.154249 -0.988032
vn -0.305319 0.154249 -0.939674
vn -0.580751 0.154249 -0.799335
vn -0.799335 0.154249 -0.580751
vn -0.939674 0.154248 -0.305319
vn -0.988032 0.154248 0.000000
vn -0.939674 0.154248 0.305319
vn -0.799335 0.154248 0.580751
vn -0.580751 0.154249 0.799335
vn -0.305319 0.154249 0.939674
vn 0.000000 0.154249 0.988032
vn 0.305319 0.154249 0.939674
vn 0.580751 0.154249 0.799335
vn 0.799335 0.154249 0.580751
vn 0.939674 0.154249 0.305319
vn 0.988032 0.154249 0.000001
vn 0.770524 0.304789 -0.559819
vn 0.905806 0.304789 -0.294313
vn 0.559818 0.304789 -0.770524
vn 0.294314 0.304789 -0.905805
vn -0.000000 0.304789 -0.952420
vn -0.294314 0.304789 -0.905805
vn -0.559819 0.304789 -0.770524
vn -0.770524 0.304789 -0.559818
vn -0.905805 0.304789 -0.294314
vn -0.952420 0.304789 -0.000000
vn -0.905805 0.304789 0.294314
vn -0.770524 0.304788 0.559819
vn -0.559818 0.304788 0.770524
vn -0.294314 0.304789 0.905805
vn 0.000000 0.304789 0.952420
vn 0.294314 0.304789 0.905805
vn 0.559818 0.304789 0.770524
vn 0.770524 0.304789 0.559818
vn 0.905805 0.304788 0.294314
vn 0.952420 0.304788 0.000001
vn 0.723291 0.447994 -0.525502
vn 0.850280 0.447994 -0.276272
vn 0.525501 0.447994 -0.723291
vn 0.276272 0.447994 -0.850280
vn -0.000000 0.447994 -0.894037
vn -0.276273 0.447994 -0.850279
vn -0.525502 0.447994 -0.723291
vn -0.723291 0.447994 -0.525501
vn -0.850279 0.447994 -0.276273
vn -0.894037 0.447994 -0.000000
vn -0.850279 0.447994 0.276273
vn -0.723291 0.447994 0.525502
vn -0.525502 0.447994 0.723291
vn -0.276273 0.447994 0.850279
vn 0.000000 0.447994 0.894037
vn 0.276273 0.447994 0.850279
vn 0.525502 0.447994 0.723291
vn 0.723291 0.447994 0.525502
vn 0.850280 0.447994 0.276273
vn 0.894037 0.447994 0.000001
vn 0.658808 0.580401 -0.478652
vn 0.774475 0.580401 -0.251641
vn 0.478652 0.580401 -0.658808
vn 0.251642 0.580401 -0.774475
vn -0.000000 0.580401 -0.814331
vn -0.251642 0.580401 -0.774475
vn -0.478652 0.580401 -0.658808
vn -0.658808 0.580401 -0.478652
vn -0.774475 0.580401 -0.251642
vn -0.814331 0.580401 -0.000000
vn -0.774475 0.580401 0.251642
vn -0.658808 0.580401 0.478652
vn -0.478652 0.580401 0.658808
vn -0.251642 0.580401 0.774475
vn 0.000000 0.580401 0.814331
vn 0.251642 0.580401 0.774475
vn 0.478652 0.580401 0.658808
vn 0.658808 0.580401 0.478652
vn 0.774475 0.580401 0.251642
vn 0.814331 0.580401 0.000001
vn 0.578712 0.698789 -0.420459
vn 0.680318 0.698789 -0.221048
vn 0.420459 0.698789 -0.578713
vn 0.221049 0.698789 -0.680318
vn -0.000000 0.698789 -0.715328
vn -0.221049 0.698789 -0.680318
vn -0.420460 0.698789 -0.578713
vn -0.578713 0.698789 -0.420459
vn -0.680318 0.698789 -0.221049
vn -0.715328 0.698788 0.000000
vn -0.680318 0.698789 0.221049
vn -0.578713 0.698788 0.420460
vn -0.420459 0.698788 0.578713
vn -0.221049 0.698788 0.680318
vn -0.000000 0.698788 0.715328
vn 0.221049 0.698789 0.680318
vn 0.420460 0.698788 0.578713
vn 0.578713 0.698788 0.420460
vn 0.680318 0.698788 0.221049
vn 0.715328 0.698788 0.000001
vn 0.485138 0.800252 -0.352474
vn 0.570314 0.800252 -0.185306
vn 0.352473 0.800252 -0.485139
vn 0.185306 0.800252 -0.570314
vn -0.000000 0.800252 -0.599664
vn -0.185307 0.800252 -0.570314
vn -0.352474 0.800252 -0.485138
vn -0.485138 0.800252 -0.352474
vn -0.570314 0.800252 -0.185306
vn -0.599664 0.800252 0.000000
vn -0.570314 0.800252 0.185306
vn -0.485138 0.800252 0.352474
vn -0.352474 0.800252 0.485138
vn -0.185306 0.800252 0.570314
vn 0.000000 0.800252 0.599664
vn 0.185306 0.800252 0.570315
vn 0.352474 0.800252 0.485139
vn 0.485139 0.800252 0.352474
vn 0.570314 0.800252 0.185306
vn 0.599664 0.800252 0.000001
vn 0.380846 0.882266 -0.276701
vn 0.447712 0.882266 -0.145470
vn 0.276701 0.882266 -0.380846
vn 0.145470 0.882266 -0.447711
vn -0.000000 0.882266 -0.470752
vn -0.145470 0.882266 -0.447711
vn -0.276701 0.882266 -0.380846
vn -0.380846 0.882266 -0.276701
vn -0.447712 0.882266 -0.145470
vn -0.470752 0.882266 0.000000
vn -0.447712 0.882266 0.145471
vn -0.380846 0.882266 0.276701
vn -0.276701 0.882266 0.380846
vn -0.145470 0.882266 0.447712
vn 0.000000 0.882266 0.470752
vn 0.145470 0.882266 0.447712
vn 0.276701 0.882266 0.380846
vn 0.380846 0.882266 0.276701
vn 0.447712 0.882266 0.145470
vn 0.470752 0.882266 0.000000
vn 0.269870 0.942722 -0.196073
vn 0.317252 0.942722 -0.103081
vn 0.196072 0.942722 -0.269871
vn 0.103081 0.942723 -0.317252
vn -0.000000 0.942723 -0.333578
vn -0.103081 0.942723 -0.317251
vn -0.196072 0.942722 -0.269870
vn -0.269870 0.942722 -0.196072
vn -0.317252 0.942722 -0.103081
vn -0.333578 0.942722 0.000000
vn -0.317252 0.942722 0.103082
vn -0.269870 0.942722 0.196072
vn -0.196072 0.942722 0.269870
vn -0.103081 0.942722 0.317252
vn 0.000000 0.942722 0.333578
vn 0.103081 0.942722 0.317252
vn 0.196072 0.942722 0.269870
vn 0.269870 0.942722 0.196072
vn 0.317252 0.942722 0.103081
vn 0.333578 0.942722 0.000000
vn 0.162096 0.979722 -0.117769
vn 0.190555 0.979722 -0.061915
vn 0.117769 0.979722 -0.162096
vn 0.061915 0.979722 -0.190555
vn -0.000000 0.979722 -0.200361
vn -0.061915 0.979722 -0.190555
vn -0.117769 0.979722 -0.162095
vn -0.162096 0.979722 -0.117769
vn -0.190555 0.979722 -0.061915
vn -0.200361 0.979722 0.000000
vn -0.190555 0.979722 0.061915
vn -0.162096 0.979722 0.117769
vn -0.117769 0.979722 0.162096
vn -0.061915 0.979722 0.190555
vn 0.000000 0.979722 0.200361
vn 0.061915 0.979722 0.190555
vn 0.117769 0.979722 0.162096
vn 0.162096 0.979722 0.117769
vn 0.190555 0.979722 0.061915
vn 0.200361 0.979722 0.000001
vn -0.000000 -1.000000 -0.000000
vn -0.000000 1.000000 0.000000
s 1
g pasted__pasted__pSphere1 pasted__group group1
usemtl initialShadingGroup
f 889/1110/1549 890/1111/1550 910/1132/1551 909/1131/1552
f 890/1111/1550 891/1112/1553 911/1133/1554 910/1132/1551
f 891/1112/1553 892/1113/1555 912/1134/1556 911/1133/1554
f 892/1113/1555 893/1114/1557 913/1135/1558 912/1134/1556
f 893/1114/1557 894/1115/1559 914/1136/1560 913/1135/1558
f 894/1115/1559 895/1116/1561 915/1137/1562 914/1136/1560
f 895/1116/1561 896/1117/1563 916/1138/1564 915/1137/1562
f 896/1117/1563 897/1118/1565 917/1139/1566 916/1138/1564
f 897/1118/1565 898/1119/1567 918/1140/1568 917/1139/1566
f 898/1119/1567 899/1120/1569 919/1141/1570 918/1140/1568
f 899/1120/1569 900/1121/1571 920/1142/1572 919/1141/1570
f 900/1121/1571 901/1122/1573 921/1143/1574 920/1142/1572
f 901/1122/1573 902/1123/1575 922/1144/1576 921/1143/1574
f 902/1123/1575 903/1124/1577 923/1145/1578 922/1144/1576
f 903/1124/1577 904/1125/1579 924/1146/1580 923/1145/1578
f 904/1125/1579 905/1126/1581 925/1147/1582 924/1146/1580
f 905/1126/1581 906/1127/1583 926/1148/1584 925/1147/1582
f 906/1127/1583 907/1128/1585 927/1149/1586 926/1148/1584
f 907/1128/1585 908/1129/1587 928/1150/1588 927/1149/1586
f 908/1129/1587 889/1130/1549 909/1151/1552 928/1150/1588
f 909/1131/1552 910/1132/1551 930/1153/1589 929/1152/1590
f 910/1132/1551 911/1133/1554 931/1154/1591 930/1153/1589
f 911/1133/1554 912/1134/1556 932/1155/1592 931/1154/1591
f 912/1134/1556 913/1135/1558 933/1156/1593 932/1155/1592
f 913/1135/1558 914/1136/1560 934/1157/1594 933/1156/1593
f 914/1136/1560 915/1137/1562 935/1158/1595 934/1157/1594
f 915/1137/1562 916/1138/1564 936/1159/1596 935/1158/1595
f 916/1138/1564 917/1139/1566 937/1160/1597 936/1159/1596
f 917/1139/1566 918/1140/1568 938/1161/1598 937/1160/1597
f 918/1140/1568 919/1141/1570 939/1162/1599 938/1161/1598
f 919/1141/1570 920/1142/1572 940/1163/1600 939/1162/1599
f 920/1142/1572 921/1143/1574 941/1164/1601 940/1163/1600
f 921/1143/1574 922/1144/1576 942/1165/1602 941/1164/1601
f 922/1144/1576 923/1145/1578 943/1166/1603 942/1165/1602
f 923/1145/1578 924/1146/1580 944/1167/1604 943/1166/1603
f 924/1146/1580 925/1147/1582 945/1168/1605 944/1167/1604
f 925/1147/1582 926/1148/1584 946/1169/1606 945/1168/1605
f 926/1148/1584 927/1149/1586 947/1170/1607 946/1169/1606
f 927/1149/1586 928/1150/1588 948/1171/1608 947/1170/1607
f 928/1150/1588 909/1151/1552 929/1172/1590 948/1171/1608
f 929/1152/1590 930/1153/1589 950/1174/1609 949/1173/1610
f 930/1153/1589 931/1154/1591 951/1175/1611 950/1174/1609
f 931/1154/1591 932/1155/1592 952/1176/1612 951/1175/1611
f 932/1155/1592 933/1156/1593 953/1177/1613 952/1176/1612
f 933/1156/1593 934/1157/1594 954/1178/1614 953/1177/1613
f 934/1157/1594 935/1158/1595 955/1179/1615 954/1178/1614
f 935/1158/1595 936/1159/1596 956/1180/1616 955/1179/1615
f 936/1159/1596 937/1160/1597 957/1181/1617 956/1180/1616
f 937/1160/1597 938/1161/1598 958/1182/1618 957/1181/1617
f 938/1161/1598 939/1162/1599 959/1183/1619 958/1182/1618
f 939/1162/1599 940/1163/1600 960/1184/1620 959/1183/1619
f 940/1163/1600 941/1164/1601 961/1185/1621 960/1184/1620
f 941/1164/1601 942/1165/1602 962/1186/1622 961/1185/1621
f 942/1165/1602 943/1166/1603 963/1187/1623 962/1186/1622
f 943/1166/1603 944/1167/1604 964/1188/1624 963/1187/1623
f 944/1167/1604 945/1168/1605 965/1189/1625 964/1188/1624
f 945/1168/1605 946/1169/1606 966/1190/1626 965/1189/1625
f 946/1169/1606 947/1170/1607 967/1191/1627 966/1190/1626
f 947/1170/1607 948/1171/1608 968/1192/1628 967/1191/1627
f 948/1171/1608 929/1172/1590 949/1193/1610 968/1192/1628
f 949/1173/1610 950/1174/1609 970/1195/1629 969/1194/1630
f 950/1174/1609 951/1175/1611 971/1196/1631 970/1195/1629
f 951/1175/1611 952/1176/1612 972/1197/1632 971/1196/1631
f 952/1176/1612 953/1177/1613 973/1198/1633 972/1197/1632
f 953/1177/1613 954/1178/1614 974/1199/1634 973/1198/1633
f 954/1178/1614 955/1179/1615 975/1200/1635 974/1199/1634
f 955/1179/1615 956/1180/1616 976/1201/1636 975/1200/1635
f 956/1180/1616 957/1181/1617 977/1202/1637 976/1201/1636
f 957/1181/1617 958/1182/1618 978/1203/1638 977/1202/1637
f 958/1182/1618 959/1183/1619 979/1204/1639 978/1203/1638
f 959/1183/1619 960/1184/1620 980/1205/1640 979/1204/1639
f 960/1184/1620 961/1185/1621 981/1206/1641 980/1205/1640
f 961/1185/1621 962/1186/1622 982/1207/1642 981/1206/1641
f 962/1186/1622 963/1187/1623 983/1208/1643 982/1207/1642
f 963/1187/1623 964/1188/1624 984/1209/1644 983/1208/1643
f 964/1188/1624 965/1189/1625 985/1210/1645 984/1209/1644
f 965/1189/1625 966/1190/1626 986/1211/1646 985/1210/1645
f 966/1190/1626 967/1191/1627 987/1212/1647 986/1211/1646
f 967/1191/1627 968/1192/1628 988/1213/1648 987/1212/1647
f 968/1192/1628 949/1193/1610 969/1214/1630 988/1213/1648
f 969/1194/1630 970/1195/1629 990/1216/1649 989/1215/1650
f 970/1195/1629 971/1196/1631 991/1217/1651 990/1216/1649
f 971/1196/1631 972/1197/1632 992/1218/1652 991/1217/1651
f 972/1197/1632 973/1198/1633 993/1219/1653 992/1218/1652
f 973/1198/1633 974/1199/1634 994/1220/1654 993/1219/1653
f 974/1199/1634 975/1200/1635 995/1221/1655 994/1220/1654
f 975/1200/1635 976/1201/1636 996/1222/1656 995/1221/1655
f 976/1201/1636 977/1202/1637 997/1223/1657 996/1222/1656
f 977/1202/1637 978/1203/1638 998/1224/1658 997/1223/1657
f 978/1203/1638 979/1204/1639 999/1225/1659 998/1224/1658
f 979/1204/1639 980/1205/1640 1000/1226/1660 999/1225/1659
f 980/1205/1640 981/1206/1641 1001/1227/1661 1000/1226/1660
f 981/1206/1641 982/1207/1642 1002/1228/1662 1001/1227/1661
f 982/1207/1642 983/1208/1643 1003/1229/1663 1002/1228/1662
f 983/1208/1643 984/1209/1644 1004/1230/1664 1003/1229/1663
f 984/1209/1644 985/1210/1645 1005/1231/1665 1004/1230/1664
f 985/1210/1645 986/1211/1646 1006/1232/1666 1005/1231/1665
f 986/1211/1646 987/1212/1647 1007/1233/1667 1006/1232/1666
f 987/1212/1647 988/1213/1648 1008/1234/1668 1007/1233/1667
f 988/1213/1648 969/1214/1630 989/1235/1650 1008/1234/1668
f 989/1215/1650 990/1216/1649 1010/1237/1669 1009/1236/1670
f 990/1216/1649 991/1217/1651 1011/1238/1671 1010/1237/1669
f 991/1217/1651 992/1218/1652 1012/1239/1672 1011/1238/1671
f 992/1218/1652 993/1219/1653 1013/1240/1673 1012/1239/1672
f 993/1219/1653 994/1220/1654 1014/1241/1674 1013/1240/1673
f 994/1220/1654 995/1221/1655 1015/1242/1675 1014/1241/1674
f 995/1221/1655 996/1222/1656 1016/1243/1676 1015/1242/1675
f 996/1222/1656 997/1223/1657 1017/1244/1677 1016/1243/1676
f 997/1223/1657 998/1224/1658 1018/1245/1678 1017/1244/1677
f 998/1224/1658 999/1225/1659 1019/1246/1679 1018/1245/1678
f 999/1225/1659 1000/1226/1660 1020/1247/1680 1019/1246/1679
f 1000/1226/1660 1001/1227/1661 1021/1248/1681 1020/1247/1680
f 1001/1227/1661 1002/1228/1662 1022/1249/1682 1021/1248/1681
f 1002/1228/1662 1003/1229/1663 1023/1250/1683 1022/1249/1682
f 1003/1229/1663 1004/1230/1664 1024/1251/1684 1023/1250/1683
f 1004/1230/1664 1005/1231/1665 1025/1252/1685 1024/1251/1684
f 1005/1231/1665 1006/1232/1666 1026/1253/1686 1025/1252/1685
f 1006/1232/1666 1007/1233/1667 1027/1254/1687 1026/1253/1686
f 1007/1233/1667 1008/1234/1668 1028/1255/1688 1027/1254/1687
f 1008/1234/1668 989/1235/1650 1009/1256/1670 1028/1255/1688
f 1009/1236/1670 1010/1237/1669 1030/1258/1689 1029/1257/1690
f 1010/1237/1669 1011/1238/1671 1031/1259/1691 1030/1258/1689
f 1011/1238/1671 1012/1239/1672 1032/1260/1692 1031/1259/1691
f 1012/1239/1672 1013/1240/1673 1033/1261/1693 1032/1260/1692
f 1013/1240/1673 1014/1241/1674 1034/1262/1694 1033/1261/1693
f 1014/1241/1674 1015/1242/1675 1035/1263/1695 1034/1262/1694
f 1015/1242/1675 1016/1243/1676 1036/1264/1696 1035/1263/1695
f 1016/1243/1676 1017/1244/1677 1037/1265/1697 1036/1264/1696
f 1017/1244/1677 1018/1245/1678 1038/1266/1698 1037/1265/1697
f 1018/1245/1678 1019/1246/1679 1039/1267/1699 1038/1266/1698
f 1019/1246/1679 1020/1247/1680 1040/1268/1700 1039/1267/1699
f 1020/1247/1680 1021/1248/1681 1041/1269/1701 1040/1268/1700
f 1021/1248/1681 1022/1249/1682 1042/1270/1702 1041/1269/1701
f 1022/1249/1682 1023/1250/1683 1043/1271/1703 1042/1270/1702
f 1023/1250/1683 1024/1251/1684 1044/1272/1704 1043/1271/1703
f 1024/1251/1684 1025/1252/1685 1045/1273/1705 1044/1272/1704
f 1025/1252/1685 1026/1253/1686 1046/1274/1706 1045/1273/1705
f 1026/1253/1686 1027/1254/1687 1047/1275/1707 1046/1274/1706
f 1027/1254/1687 1028/1255/1688 1048/1276/1708 1047/1275/1707
f 1028/1255/1688 1009/1256/1670 1029/1277/1690 1048/1276/1708
f 1029/1257/1690 1030/1258/1689 1050/1279/1709 1049/1278/1710
f 1030/1258/1689 1031/1259/1691 1051/1280/1711 1050/1279/1709
f 1031/1259/1691 1032/1260/1692 1052/1281/1712 1051/1280/1711
f 1032/1260/1692 1033/1261/1693 1053/1282/1713 1052/1281/1712
f 1033/1261/1693 1034/1262/1694 1054/1283/1714 1053/1282/1713
f 1034/1262/1694 1035/1263/1695 1055/1284/1715 1054/1283/1714
f 1035/1263/1695 1036/1264/1696 1056/1285/1716 1055/1284/1715
f 1036/1264/1696 1037/1265/1697 1057/1286/1717 1056/1285/1716
f 1037/1265/1697 1038/1266/1698 1058/1287/1718 1057/1286/1717
f 1038/1266/1698 1039/1267/1699 1059/1288/1719 1058/1287/1718
f 1039/1267/1699 1040/1268/1700 1060/1289/1720 1059/1288/1719
f 1040/1268/1700 1041/1269/1701 1061/1290/1721 1060/1289/1720
f 1041/1269/1701 1042/1270/1702 1062/1291/1722 1061/1290/1721
f 1042/1270/1702 1043/1271/1703 1063/1292/1723 1062/1291/1722
f 1043/1271/1703 1044/1272/1704 1064/1293/1724 1063/1292/1723
f 1044/1272/1704 1045/1273/1705 1065/1294/1725 1064/1293/1724
f 1045/1273/1705 1046/1274/1706 1066/1295/1726 1065/1294/1725
f 1046/1274/1706 1047/1275/1707 1067/1296/1727 1066/1295/1726
f 1047/1275/1707 1048/1276/1708 1068/1297/1728 1067/1296/1727
f 1048/1276/1708 1029/1277/1690 1049/1298/1710 1068/1297/1728
f 1049/1278/1710 1050/1279/1709 1070/1300/1729 1069/1299/1730
f 1050/1279/1709 1051/1280/1711 1071/1301/1731 1070/1300/1729
f 1051/1280/1711 1052/1281/1712 1072/1302/1732 1071/1301/1731
f 1052/1281/1712 1053/1282/1713 1073/1303/1733 1072/1302/1732
f 1053/1282/1713 1054/1283/1714 1074/1304/1734 1073/1303/1733
f 1054/1283/1714 1055/1284/1715 1075/1305/1735 1074/1304/1734
f 1055/1284/1715 1056/1285/1716 1076/1306/1736 1075/1305/1735
f 1056/1285/1716 1057/1286/1717 1077/1307/1737 1076/1306/1736
f 1057/1286/1717 1058/1287/1718 1078/1308/1738 1077/1307/1737
f 1058/1287/1718 1059/1288/1719 1079/1309/1739 1078/1308/1738
f 1059/1288/1719 1060/1289/1720 1080/1310/1740 1079/1309/1739
f 1060/1289/1720 1061/1290/1721 1081/1311/1741 1080/1310/1740
f 1061/1290/1721 1062/1291/1722 1082/1312/1742 1081/1311/1741
f 1062/1291/1722 1063/1292/1723 1083/1313/1743 1082/1312/1742
f 1063/1292/1723 1064/1293/1724 1084/1314/1744 1083/1313/1743
f 1064/1293/1724 1065/1294/1725 1085/1315/1745 1084/1314/1744
f 1065/1294/1725 1066/1295/1726 1086/1316/1746 1085/1315/1745
f 1066/1295/1726 1067/1296/1727 1087/1317/1747 1086/1316/1746
f 1067/1296/1727 1068/1297/1728 1088/1318/1748 1087/1317/1747
f 1068/1297/1728 1049/1298/1710 1069/1319/1730 1088/1318/1748
f 1069/1299/1730 1070/1300/1729 1090/1321/1749 1089/1320/1750
f 1070/1300/1729 1071/1301/1731 1091/1322/1751 1090/1321/1749
f 1071/1301/1731 1072/1302/1732 1092/1323/1752 1091/1322/1751
f 1072/1302/1732 1073/1303/1733 1093/1324/1753 1092/1323/1752
f 1073/1303/1733 1074/1304/1734 1094/1325/1754 1093/1324/1753
f 1074/1304/1734 1075/1305/1735 1095/1326/1755 1094/1325/1754
f 1075/1305/1735 1076/1306/1736 1096/1327/1756 1095/1326/1755
f 1076/1306/1736 1077/1307/1737 1097/1328/1757 1096/1327/1756
f 1077/1307/1737 1078/1308/1738 1098/1329/1758 1097/1328/1757
f 1078/1308/1738 1079/1309/1739 1099/1330/1759 1098/1329/1758
f 1079/1309/1739 1080/1310/1740 1100/1331/1760 1099/1330/1759
f 1080/1310/1740 1081/1311/1741 1101/1332/1761 1100/1331/1760
f 1081/1311/1741 1082/1312/1742 1102/1333/1762 1101/1332/1761
f 1082/1312/1742 1083/1313/1743 1103/1334/1763 1102/1333/1762
f 1083/1313/1743 1084/1314/1744 1104/1335/1764 1103/1334/1763
f 1084/1314/1744 1085/1315/1745 1105/1336/1765 1104/1335/1764
f 1085/1315/1745 1086/1316/1746 1106/1337/1766 1105/1336/1765
f 1086/1316/1746 1087/1317/1747 1107/1338/1767 1106/1337/1766
f 1087/1317/1747 1088/1318/1748 1108/1339/1768 1107/1338/1767
f 1088/1318/1748 1069/1319/1730 1089/1340/1750 1108/1339/1768
f 1089/1320/1750 1090/1321/1749 1110/1342/1769 1109/1341/1770
f 1090/1321/1749 1091/1322/1751 1111/1343/1771 1110/1342/1769
f 1091/1322/1751 1092/1323/1752 1112/1344/1772 1111/1343/1771
f 1092/1323/1752 1093/1324/1753 1113/1345/1773 1112/1344/1772
f 1093/1324/1753 1094/1325/1754 1114/1346/1774 1113/1345/1773
f 1094/1325/1754 1095/1326/1755 1115/1347/1775 1114/1346/1774
f 1095/1326/1755 1096/1327/1756 1116/1348/1776 1115/1347/1775
f 1096/1327/1756 1097/1328/1757 1117/1349/1777 1116/1348/1776
f 1097/1328/1757 1098/1329/1758 1118/1350/1778 1117/1349/1777
f 1098/1329/1758 1099/1330/1759 1119/1351/1779 1118/1350/1778
f 1099/1330/1759 1100/1331/1760 1120/1352/1780 1119/1351/1779
f 1100/1331/1760 1101/1332/1761 1121/1353/1781 1120/1352/1780
f 1101/1332/1761 1102/1333/1762 1122/1354/1782 1121/1353/1781
f 1102/1333/1762 1103/1334/1763 1123/1355/1783 1122/1354/1782
f 1103/1334/1763 1104/1335/1764 1124/1356/1784 1123/1355/1783
f 1104/1335/1764 1105/1336/1765 1125/1357/1785 1124/1356/1784
f 1105/1336/1765 1106/1337/1766 1126/1358/1786 1125/1357/1785
f 1106/1337/1766 1107/1338/1767 1127/1359/1787 1126/1358/1786
f 1107/1338/1767 1108/1339/1768 1128/1360/1788 1127/1359/1787
f 1108/1339/1768 1089/1340/1750 1109/1361/1770 1128/1360/1788
f 1109/1341/1770 1110/1342/1769 1130/1363/1789 1129/1362/1790
f 1110/1342/1769 1111/1343/1771 1131/1364/1791 1130/1363/1789
f 1111/1343/1771 1112/1344/1772 1132/1365/1792 1131/1364/1791
f 1112/1344/1772 1113/1345/1773 1133/1366/1793 1132/1365/1792
f 1113/1345/1773 1114/1346/1774 1134/1367/1794 1133/1366/1793
f 1114/1346/1774 1115/1347/1775 1135/1368/1795 1134/1367/1794
f 1115/1347/1775 1116/1348/1776 1136/1369/1796 1135/1368/1795
f 1116/1348/1776 1117/1349/1777 1137/1370/1797 1136/1369/1796
f 1117/1349/1777 1118/1350/1778 1138/1371/1798 1137/1370/1797
f 1118/1350/1778 1119/1351/1779 1139/1372/1799 1138/1371/1798
f 1119/1351/1779 1120/1352/1780 1140/1373/1800 1139/1372/1799
f 1120/1352/1780 1121/1353/1781 1141/1374/1801 1140/1373/1800
f 1121/1353/1781 1122/1354/1782 1142/1375/1802 1141/1374/1801
f 1122/1354/1782 1123/1355/1783 1143/1376/1803 1142/1375/1802
f 1123/1355/1783 1124/1356/1784 1144/1377/1804 1143/1376/1803
f 1124/1356/1784 1125/1357/1785 1145/1378/1805 1144/1377/1804
f 1125/1357/1785 1126/1358/1786 1146/1379/1806 1145/1378/1805
f 1126/1358/1786 1127/1359/1787 1147/1380/1807 1146/1379/1806
f 1127/1359/1787 1128/1360/1788 1148/1381/1808 1147/1380/1807
f 1128/1360/1788 1109/1361/1770 1129/1382/1790 1148/1381/1808
f 1129/1362/1790 1130/1363/1789 1150/1384/1809 1149/1383/1810
f 1130/1363/1789 1131/1364/1791 1151/1385/1811 1150/1384/1809
f 1131/1364/1791 1132/1365/1792 1152/1386/1812 1151/1385/1811
f 1132/1365/1792 1133/1366/1793 1153/1387/1813 1152/1386/1812
f 1133/1366/1793 1134/1367/1794 1154/1388/1814 1153/1387/1813
f 1134/1367/1794 1135/1368/1795 1155/1389/1815 1154/1388/1814
f 1135/1368/1795 1136/1369/1796 1156/1390/1816 1155/1389/1815
f 1136/1369/1796 1137/1370/1797 1157/1391/1817 1156/1390/1816
f 1137/1370/1797 1138/1371/1798 1158/1392/1818 1157/1391/1817
f 1138/1371/1798 1139/1372/1799 1159/1393/1819 1158/1392/1818
f 1139/1372/1799 1140/1373/1800 1160/1394/1820 1159/1393/1819
f 1140/1373/1800 1141/1374/1801 1161/1395/1821 1160/1394/1820
f 1141/1374/1801 1142/1375/1802 1162/1396/1822 1161/1395/1821
f 1142/1375/1802 1143/1376/1803 1163/1397/1823 1162/1396/1822
f 1143/1376/1803 1144/1377/1804 1164/1398/1824 1163/1397/1823
f 1144/1377/1804 1145/1378/1805 1165/1399/1825 1164/1398/1824
f 1145/1378/1805 1146/1379/1806 1166/1400/1826 1165/1399/1825
f 1146/1379/1806 1147/1380/1807 1167/1401/1827 1166/1400/1826
f 1147/1380/1807 1148/1381/1808 1168/1402/1828 1167/1401/1827
f 1148/1381/1808 1129/1382/1790 1149/1403/1810 1168/1402/1828
f 1149/1383/1810 1150/1384/1809 1170/1405/1829 1169/1404/1830
f 1150/1384/1809 1151/1385/1811 1171/1406/1831 1170/1405/1829
f 1151/1385/1811 1152/1386/1812 1172/1407/1832 1171/1406/1831
f 1152/1386/1812 1153/1387/1813 1173/1408/1833 1172/1407/1832
f 1153/1387/1813 1154/1388/1814 1174/1409/1834 1173/1408/1833
f 1154/1388/1814 1155/1389/1815 1175/1410/1835 1174/1409/1834
f 1155/1389/1815 1156/1390/1816 1176/1411/1836 1175/1410/1835
f 1156/1390/1816 1157/1391/1817 1177/1412/1837 1176/1411/1836
f 1157/1391/1817 1158/1392/1818 1178/1413/1838 1177/1412/1837
f 1158/1392/1818 1159/1393/1819 1179/1414/1839 1178/1413/1838
f 1159/1393/1819 1160/1394/1820 1180/1415/1840 1179/1414/1839
f 1160/1394/1820 1161/1395/1821 1181/1416/1841 1180/1415/1840
f 1161/1395/1821 1162/1396/1822 1182/1417/1842 1181/1416/1841
f 1162/1396/1822 1163/1397/1823 1183/1418/1843 1182/1417/1842
f 1163/1397/1823 1164/1398/1824 1184/1419/1844 1183/1418/1843
f 1164/1398/1824 1165/1399/1825 1185/1420/1845 1184/1419/1844
f 1165/1399/1825 1166/1400/1826 1186/1421/1846 1185/1420/1845
f 1166/1400/1826 1167/1401/1827 1187/1422/1847 1186/1421/1846
f 1167/1401/1827 1168/1402/1828 1188/1423/1848 1187/1422/1847
f 1168/1402/1828 1149/1403/1810 1169/1424/1830 1188/1423/1848
f 1169/1404/1830 1170/1405/1829 1190/1426/1849 1189/1425/1850
f 1170/1405/1829 1171/1406/1831 1191/1427/1851 1190/1426/1849
f 1171/1406/1831 1172/1407/1832 1192/1428/1852 1191/1427/1851
f 1172/1407/1832 1173/1408/1833 1193/1429/1853 1192/1428/1852
f 1173/1408/1833 1174/1409/1834 1194/1430/1854 1193/1429/1853
f 1174/1409/1834 1175/1410/1835 1195/1431/1855 1194/1430/1854
f 1175/1410/1835 1176/1411/1836 1196/1432/1856 1195/1431/1855
f 1176/1411/1836 1177/1412/1837 1197/1433/1857 1196/1432/1856
f 1177/1412/1837 1178/1413/1838 1198/1434/1858 1197/1433/1857
f 1178/1413/1838 1179/1414/1839 1199/1435/1859 1198/1434/1858
f 1179/1414/1839 1180/1415/1840 1200/1436/1860 1199/1435/1859
f 1180/1415/1840 1181/1416/1841 1201/1437/1861 1200/1436/1860
f 1181/1416/1841 1182/1417/1842 1202/1438/1862 1201/1437/1861
f 1182/1417/1842 1183/1418/1843 1203/1439/1863 1202/1438/1862
f 1183/1418/1843 1184/1419/1844 1204/1440/1864 1203/1439/1863
f 1184/1419/1844 1185/1420/1845 1205/1441/1865 1204/1440/1864
f 1185/1420/1845 1186/1421/1846 1206/1442/1866 1205/1441/1865
f 1186/1421/1846 1187/1422/1847 1207/1443/1867 1206/1442/1866
f 1187/1422/1847 1188/1423/1848 1208/1444/1868 1207/1443/1867
f 1188/1423/1848 1169/1424/1830 1189/1445/1850 1208/1444/1868
f 1189/1425/1850 1190/1426/1849 1210/1447/1869 1209/1446/1870
f 1190/1426/1849 1191/1427/1851 1211/1448/1871 1210/1447/1869
f 1191/1427/1851 1192/1428/1852 1212/1449/1872 1211/1448/1871
f 1192/1428/1852 1193/1429/1853 1213/1450/1873 1212/1449/1872
f 1193/1429/1853 1194/1430/1854 1214/1451/1874 1213/1450/1873
f 1194/1430/1854 1195/1431/1855 1215/1452/1875 1214/1451/1874
f 1195/1431/1855 1196/1432/1856 1216/1453/1876 1215/1452/1875
f 1196/1432/1856 1197/1433/1857 1217/1454/1877 1216/1453/1876
f 1197/1433/1857 1198/1434/1858 1218/1455/1878 1217/1454/1877
f 1198/1434/1858 1199/1435/1859 1219/1456/1879 1218/1455/1878
f 1199/1435/1859 1200/1436/1860 1220/1457/1880 1219/1456/1879
f 1200/1436/1860 1201/1437/1861 1221/1458/1881 1220/1457/1880
f 1201/1437/1861 1202/1438/1862 1222/1459/1882 1221/1458/1881
f 1202/1438/1862 1203/1439/1863 1223/1460/1883 1222/1459/1882
f 1203/1439/1863 1204/1440/1864 1224/1461/1884 1223/1460/1883
f 1204/1440/1864 1205/1441/1865 1225/1462/1885 1224/1461/1884
f 1205/1441/1865 1206/1442/1866 1226/1463/1886 1225/1462/1885
f 1206/1442/1866 1207/1443/1867 1227/1464/1887 1226/1463/1886
f 1207/1443/1867 1208/1444/1868 1228/1465/1888 1227/1464/1887
f 1208/1444/1868 1189/1445/1850 1209/1466/1870 1228/1465/1888
f 1209/1446/1870 1210/1447/1869 1230/1468/1889 1229/1467/1890
f 1210/1447/1869 1211/1448/1871 1231/1469/1891 1230/1468/1889
f 1211/1448/1871 1212/1449/1872 1232/1470/1892 1231/1469/1891
f 1212/1449/1872 1213/1450/1873 1233/1471/1893 1232/1470/1892
f 1213/1450/1873 1214/1451/1874 1234/1472/1894 1233/1471/1893
f 1214/1451/1874 1215/1452/1875 1235/1473/1895 1234/1472/1894
f 1215/1452/1875 1216/1453/1876 1236/1474/1896 1235/1473/1895
f 1216/1453/1876 1217/1454/1877 1237/1475/1897 1236/1474/1896
f 1217/1454/1877 1218/1455/1878 1238/1476/1898 1237/1475/1897
f 1218/1455/1878 1219/1456/1879 1239/1477/1899 1238/1476/1898
f 1219/1456/1879 1220/1457/1880 1240/1478/1900 1239/1477/1899
f 1220/1457/1880 1221/1458/1881 1241/1479/1901 1240/1478/1900
f 1221/1458/1881 1222/1459/1882 1242/1480/1902 1241/1479/1901
f 1222/1459/1882 1223/1460/1883 1243/1481/1903 1242/1480/1902
f 1223/1460/1883 1224/1461/1884 1244/1482/1904 1243/1481/1903
f 1224/1461/1884 1225/1462/1885 1245/1483/1905 1244/1482/1904
f 1225/1462/1885 1226/1463/1886 1246/1484/1906 1245/1483/1905
f 1226/1463/1886 1227/1464/1887 1247/1485/1907 1246/1484/1906
f 1227/1464/1887 1228/1465/1888 1248/1486/1908 1247/1485/1907
f 1228/1465/1888 1209/1466/1870 1229/1487/1890 1248/1486/1908
f 1229/1467/1890 1230/1468/1889 1250/1489/1909 1249/1488/1910
f 1230/1468/1889 1231/1469/1891 1251/1490/1911 1250/1489/1909
f 1231/1469/1891 1232/1470/1892 1252/1491/1912 1251/1490/1911
f 1232/1470/1892 1233/1471/1893 1253/1492/1913 1252/1491/1912
f 1233/1471/1893 1234/1472/1894 1254/1493/1914 1253/1492/1913
f 1234/1472/1894 1235/1473/1895 1255/1494/1915 1254/1493/1914
f 1235/1473/1895 1236/1474/1896 1256/1495/1916 1255/1494/1915
f 1236/1474/1896 1237/1475/1897 1257/1496/1917 1256/1495/1916
f 1237/1475/1897 1238/1476/1898 1258/1497/1918 1257/1496/1917
f 1238/1476/1898 1239/1477/1899 1259/1498/1919 1258/1497/1918
f 1239/1477/1899 1240/1478/1900 1260/1499/1920 1259/1498/1919
f 1240/1478/1900 1241/1479/1901 1261/1500/1921 1260/1499/1920
f 1241/1479/1901 1242/1480/1902 1262/1501/1922 1261/1500/1921
f 1242/1480/1902 1243/1481/1903 1263/1502/1923 1262/1501/1922
f 1243/1481/1903 1244/1482/1904 1264/1503/1924 1263/1502/1923
f 1244/1482/1904 1245/1483/1905 1265/1504/1925 1264/1503/1924
f 1245/1483/1905 1246/1484/1906 1266/1505/1926 1265/1504/1925
f 1246/1484/1906 1247/1485/1907 1267/1506/1927 1266/1505/1926
f 1247/1485/1907 1248/1486/1908 1268/1507/1928 1267/1506/1927
f 1248/1486/1908 1229/1487/1890 1249/1508/1910 1268/1507/1928
f 890/1111/1550 889/1110/1549 1269/1509/1929
f 891/1112/1553 890/1111/1550 1269/1510/1929
f 892/1113/1555 891/1112/1553 1269/1511/1929
f 893/1114/1557 892/1113/1555 1269/1512/1929
f 894/1115/1559 893/1114/1557 1269/1513/1929
f 895/1116/1561 894/1115/1559 1269/1514/1929
f 896/1117/1563 895/1116/1561 1269/1515/1929
f 897/1118/1565 896/1117/1563 1269/1516/1929
f 898/1119/1567 897/1118/1565 1269/1517/1929
f 899/1120/1569 898/1119/1567 1269/1518/1929
f 900/1121/1571 899/1120/1569 1269/1519/1929
f 901/1122/1573 900/1121/1571 1269/1520/1929
f 902/1123/1575 901/1122/1573 1269/1521/1929
f 903/1124/1577 902/1123/1575 1269/1522/1929
f 904/1125/1579 903/1124/1577 1269/1523/1929
f 905/1126/1581 904/1125/1579 1269/1524/1929
f 906/1127/1583 905/1126/1581 1269/1525/1929
f 907/1128/1585 906/1127/1583 1269/1526/1929
f 908/1129/1587 907/1128/1585 1269/1527/1929
f 889/1130/1549 908/1129/1587 1269/1528/1929
f 1249/1488/1910 1250/1489/1909 1270/1529/1930
f 1250/1489/1909 1251/1490/1911 1270/1530/1930
f 1251/1490/1911 1252/1491/1912 1270/1531/1930
f 1252/1491/1912 1253/1492/1913 1270/1532/1930
f 1253/1492/1913 1254/1493/1914 1270/1533/1930
f 1254/1493/1914 1255/1494/1915 1270/1534/1930
f 1255/1494/1915 1256/1495/1916 1270/1535/1930
f 1256/1495/1916 1257/1496/1917 1270/1536/1930
f 1257/1496/1917 1258/1497/1918 1270/1537/1930
f 1258/1497/1918 1259/1498/1919 1270/1538/1930
f 1259/1498/1919 1260/1499/1920 1270/1539/1930
f 1260/1499/1920 1261/1500/1921 1270/1540/1930
f 1261/1500/1921 1262/1501/1922 1270/1541/1930
f 1262/1501/1922 1263/1502/1923 1270/1542/1930
f 1263/1502/1923 1264/1503/1924 1270/1543/1930
f 1264/1503/1924 1265/1504/1925 1270/1544/1930
f 1265/1504/1925 1266/1505/1926 1270/1545/1930
f 1266/1505/1926 1267/1506/1927 1270/1546/1930
f 1267/1506/1927 1268/1507/1928 1270/1547/1930
f 1268/1507/1928 1249/1508/1910 1270/1548/1930
