# This file uses centimeters as units for non-parametric coordinates.

mtllib WallFractured.mtl
g default
v -7.353194 0.002317 0.500000
v -6.372768 0.002317 0.500000
v -5.392343 0.002317 0.500000
v -4.411917 0.002317 0.500000
v -3.431491 0.002317 0.500000
v -2.451065 0.002317 0.500000
v -1.470639 0.002317 0.500000
v -0.490213 0.002317 0.500000
v 0.490213 0.002317 0.500000
v 1.470639 0.002317 0.500000
v 2.451065 0.002317 0.500000
v 3.431490 0.002317 0.500000
v 4.411916 0.002317 0.500000
v 5.392339 0.002317 0.500000
v 6.372768 0.002317 0.500000
v 7.353194 0.002317 0.500000
v -7.353194 0.539681 0.500000
v -6.372768 0.539681 0.500000
v -5.392343 0.539681 0.500000
v -4.411917 0.539681 0.500000
v -3.431491 0.539681 0.500000
v -2.451065 0.539681 0.500000
v -1.470639 0.539681 0.500000
v -0.490213 0.539681 0.500000
v 0.490213 0.539681 0.500000
v 1.470639 0.539681 0.500000
v 2.451065 0.539681 0.500000
v 3.431490 0.539681 0.500000
v 4.411916 0.539681 0.500000
v 5.392339 0.539681 0.500000
v 6.372768 0.539681 0.500000
v 7.353194 0.539681 0.500000
v -7.353194 1.077048 0.500000
v -6.372768 1.077048 0.500000
v -5.392343 1.077048 0.500000
v -4.411917 1.077048 0.500000
v -3.431491 1.077048 0.500000
v -2.451065 1.077048 0.500000
v -1.470639 1.077048 0.500000
v -0.490213 1.077048 0.500000
v 0.490213 1.077048 0.500000
v 1.470639 1.077048 0.500000
v 2.451065 1.077048 0.500000
v 3.431490 1.077048 0.500000
v 4.411916 1.077048 0.500000
v 5.392339 1.077048 0.500000
v 6.372768 1.077048 0.500000
v 7.353194 1.077048 0.500000
v -7.353194 1.614413 0.500000
v -6.372768 1.614413 0.500000
v -5.392343 1.614413 0.500000
v -4.411917 1.614413 0.500000
v -3.431491 1.614413 0.500000
v -2.451065 1.614413 0.500000
v -1.470639 1.614413 0.500000
v -0.490213 1.614413 0.500000
v 0.490213 1.614413 0.500000
v 1.470639 1.614413 0.500000
v 2.451065 1.614413 0.500000
v 3.431490 1.614413 0.500000
v 4.411916 1.614413 0.500000
v 5.392339 1.614413 0.500000
v 6.372768 1.614413 0.500000
v 7.353194 1.614413 0.500000
v -7.353194 2.151778 0.500000
v -6.372768 2.151778 0.500000
v -5.392343 2.151778 0.500000
v -4.411917 2.151778 0.500000
v -3.431491 2.151778 0.500000
v -2.451065 2.151778 0.500000
v -1.470639 2.151778 0.500000
v -0.490213 2.151778 0.500000
v 0.490213 2.151778 0.500000
v 1.470639 2.151778 0.500000
v 2.451065 2.151778 0.500000
v 3.431490 2.151778 0.500000
v 4.411916 2.151778 0.500000
v 5.392339 2.151778 0.500000
v 6.372768 2.151778 0.500000
v 7.353194 2.151778 0.500000
v -7.353194 2.689144 0.500000
v -6.372768 2.689144 0.500000
v -5.392343 2.689144 0.500000
v -4.411917 2.689144 0.500000
v -3.431491 2.689144 0.500000
v -2.451065 2.689144 0.500000
v -1.470639 2.689144 0.500000
v -0.490213 2.689144 0.500000
v 0.490213 2.689144 0.500000
v 1.470639 2.689144 0.500000
v 2.451065 2.689144 0.500000
v 3.431490 2.689144 0.500000
v 4.411916 2.689144 0.500000
v 5.392339 2.689144 0.500000
v 6.372768 2.689144 0.500000
v 7.353194 2.689144 0.500000
v -7.353194 3.226509 0.500000
v -6.372768 3.226509 0.500000
v -5.392343 3.226509 0.500000
v -4.411917 3.226509 0.500000
v -3.431491 3.226509 0.500000
v -2.451065 3.226509 0.500000
v -1.470639 3.226509 0.500000
v -0.490213 3.226509 0.500000
v 0.490213 3.226509 0.500000
v 1.470639 3.226509 0.500000
v 2.451065 3.226509 0.500000
v 3.431490 3.226509 0.500000
v 4.411916 3.226509 0.500000
v 5.392339 3.226509 0.500000
v 6.372768 3.226509 0.500000
v 7.353194 3.226509 0.500000
v -7.353194 3.763874 0.500000
v -6.372768 3.763874 0.500000
v -5.392343 3.763874 0.500000
v -4.411917 3.763874 0.500000
v -3.431491 3.763874 0.500000
v -2.451065 3.763874 0.500000
v -1.470639 3.763874 0.500000
v -0.490213 3.763874 0.500000
v 0.490213 3.763874 0.500000
v 1.470639 3.763874 0.500000
v 2.451065 3.763874 0.500000
v 3.431490 3.763874 0.500000
v 4.411916 3.763874 0.500000
v 5.392339 3.763874 0.500000
v 6.372768 3.763874 0.500000
v 7.353194 3.763874 0.500000
v -7.353194 4.301240 0.500000
v -6.372768 4.301240 0.500000
v -5.392343 4.301240 0.500000
v -4.411917 4.301240 0.500000
v -3.431491 4.301240 0.500000
v -2.451065 4.301240 0.500000
v -1.470639 4.301240 0.500000
v -0.490213 4.301240 0.500000
v 0.490213 4.301240 0.500000
v 1.470639 4.301240 0.500000
v 2.451065 4.301240 0.500000
v 3.431490 4.301240 0.500000
v 4.411916 4.301240 0.500000
v 5.392339 4.301240 0.500000
v 6.372768 4.301240 0.500000
v 7.353194 4.301240 0.500000
v -7.353194 4.838605 0.500000
v -6.372768 4.838605 0.500000
v -5.392343 4.838605 0.500000
v -4.411917 4.838605 0.500000
v -3.431491 4.838605 0.500000
v -2.451065 4.838605 0.500000
v -1.470639 4.838605 0.500000
v -0.490213 4.838605 0.500000
v 0.490213 4.838605 0.500000
v 1.470639 4.838605 0.500000
v 2.451065 4.838605 0.500000
v 3.431490 4.838605 0.500000
v 4.411916 4.838605 0.500000
v 5.392339 4.838605 0.500000
v 6.372768 4.838605 0.500000
v 7.353194 4.838605 0.500000
v -7.353194 5.375970 0.500000
v -6.372768 5.375970 0.500000
v -5.392343 5.375970 0.500000
v -4.411917 5.375970 0.500000
v -3.431491 5.375970 0.500000
v -2.451065 5.375970 0.500000
v -1.470639 5.375970 0.500000
v -0.490213 5.375970 0.500000
v 0.490213 5.375970 0.500000
v 1.470639 5.375970 0.500000
v 2.451065 5.375970 0.500000
v 3.431490 5.375970 0.500000
v 4.411916 5.375970 0.500000
v 5.392339 5.375970 0.500000
v 6.372768 5.375970 0.500000
v 7.353194 5.375970 0.500000
v -7.353194 5.913336 0.500000
v -6.372768 5.913336 0.500000
v -5.392343 5.913336 0.500000
v -4.411917 5.913336 0.500000
v -3.431491 5.913336 0.500000
v -2.451065 5.913336 0.500000
v -1.470639 5.913336 0.500000
v -0.490213 5.913336 0.500000
v 0.490213 5.913336 0.500000
v 1.470639 5.913336 0.500000
v 2.451065 5.913336 0.500000
v 3.431490 5.913336 0.500000
v 4.411916 5.913336 0.500000
v 5.392339 5.913336 0.500000
v 6.372768 5.913336 0.500000
v 7.353194 5.913336 0.500000
v -7.353194 6.450701 0.500000
v -6.372768 6.450701 0.500000
v -5.392343 6.450701 0.500000
v -4.411917 6.450701 0.500000
v -3.431491 6.450701 0.500000
v -2.451065 6.450701 0.500000
v -1.470639 6.450701 0.500000
v -0.490213 6.450701 0.500000
v 0.490213 6.450701 0.500000
v 1.470639 6.450701 0.500000
v 2.451065 6.450701 0.500000
v 3.431490 6.450701 0.500000
v 4.411916 6.450701 0.500000
v 5.392339 6.450701 0.500000
v 6.372768 6.450701 0.500000
v 7.353194 6.450701 0.500000
v -7.353194 6.988066 0.500000
v -6.372768 6.988066 0.500000
v -5.392343 6.988066 0.500000
v -4.411917 6.988066 0.500000
v -3.431491 6.988066 0.500000
v -2.451065 6.988066 0.500000
v -1.470639 6.988066 0.500000
v -0.490213 6.988066 0.500000
v 0.490213 6.988066 0.500000
v 1.470639 6.988066 0.500000
v 2.451065 6.988066 0.500000
v 3.431490 6.988066 0.500000
v 4.411916 6.988066 0.500000
v 5.392339 6.988066 0.500000
v 6.372768 6.988066 0.500000
v 7.353194 6.988066 0.500000
v -7.353194 7.525432 0.500000
v -6.372768 7.525432 0.500000
v -5.392343 7.525432 0.500000
v -4.411917 7.525432 0.500000
v -3.431491 7.525432 0.500000
v -2.451065 7.525432 0.500000
v -1.470639 7.525432 0.500000
v -0.490213 7.525432 0.500000
v 0.490213 7.525432 0.500000
v 1.470639 7.525432 0.500000
v 2.451065 7.525432 0.500000
v 3.431490 7.525432 0.500000
v 4.411916 7.525432 0.500000
v 5.392339 7.525432 0.500000
v 6.372768 7.525432 0.500000
v 7.353194 7.525432 0.500000
v -7.353194 8.062797 0.500000
v -6.372768 8.062797 0.500000
v -5.392343 8.062797 0.500000
v -4.411917 8.062797 0.500000
v -3.431491 8.062797 0.500000
v -2.451065 8.062797 0.500000
v -1.470639 8.062797 0.500000
v -0.490213 8.062797 0.500000
v 0.490213 8.062797 0.500000
v 1.470639 8.062797 0.500000
v 2.451065 8.062797 0.500000
v 3.431490 8.062797 0.500000
v 4.411916 8.062797 0.500000
v 5.392339 8.062797 0.500000
v 6.372768 8.062797 0.500000
v 7.353194 8.062797 0.500000
v -7.353194 8.062797 -0.500000
v -6.372768 8.062797 -0.500000
v -5.392343 8.062797 -0.500000
v -4.411917 8.062797 -0.500000
v -3.431491 8.062797 -0.500000
v -2.451065 8.062797 -0.500000
v -1.470639 8.062797 -0.500000
v -0.490213 8.062797 -0.500000
v 0.490213 8.062797 -0.500000
v 1.470639 8.062797 -0.500000
v 2.451065 8.062797 -0.500000
v 3.431490 8.062797 -0.500000
v 4.411916 8.062797 -0.500000
v 5.392339 8.062797 -0.500000
v 6.372768 8.062797 -0.500000
v 7.353194 8.062797 -0.500000
v -7.353194 7.525434 -0.500000
v -6.372768 7.525434 -0.500000
v -5.392343 7.525434 -0.500000
v -4.411917 7.525434 -0.500000
v -3.431491 7.525434 -0.500000
v -2.451065 7.525434 -0.500000
v -1.470639 7.525434 -0.500000
v -0.490213 7.525434 -0.500000
v 0.490213 7.525434 -0.500000
v 1.470639 7.525434 -0.500000
v 2.451065 7.525434 -0.500000
v 3.431490 7.525434 -0.500000
v 4.411916 7.525434 -0.500000
v 5.392339 7.525434 -0.500000
v 6.372768 7.525434 -0.500000
v 7.353194 7.525434 -0.500000
v -7.353194 6.988067 -0.500000
v -6.372768 6.988067 -0.500000
v -5.392343 6.988067 -0.500000
v -4.411917 6.988067 -0.500000
v -3.431491 6.988067 -0.500000
v -2.451065 6.988067 -0.500000
v -1.470639 6.988067 -0.500000
v -0.490213 6.988067 -0.500000
v 0.490213 6.988067 -0.500000
v 1.470639 6.988067 -0.500000
v 2.451065 6.988067 -0.500000
v 3.431490 6.988067 -0.500000
v 4.411916 6.988067 -0.500000
v 5.392339 6.988067 -0.500000
v 6.372768 6.988067 -0.500000
v 7.353194 6.988067 -0.500000
v -7.353194 6.450701 -0.500000
v -6.372768 6.450701 -0.500000
v -5.392343 6.450701 -0.500000
v -4.411917 6.450701 -0.500000
v -3.431491 6.450701 -0.500000
v -2.451065 6.450701 -0.500000
v -1.470639 6.450701 -0.500000
v -0.490213 6.450701 -0.500000
v 0.490213 6.450701 -0.500000
v 1.470639 6.450701 -0.500000
v 2.451065 6.450701 -0.500000
v 3.431490 6.450701 -0.500000
v 4.411916 6.450701 -0.500000
v 5.392339 6.450701 -0.500000
v 6.372768 6.450701 -0.500000
v 7.353194 6.450701 -0.500000
v -7.353194 5.913336 -0.500000
v -6.372768 5.913336 -0.500000
v -5.392343 5.913336 -0.500000
v -4.411917 5.913336 -0.500000
v -3.431491 5.913336 -0.500000
v -2.451065 5.913336 -0.500000
v -1.470639 5.913336 -0.500000
v -0.490213 5.913336 -0.500000
v 0.490213 5.913336 -0.500000
v 1.470639 5.913336 -0.500000
v 2.451065 5.913336 -0.500000
v 3.431490 5.913336 -0.500000
v 4.411916 5.913336 -0.500000
v 5.392339 5.913336 -0.500000
v 6.372768 5.913336 -0.500000
v 7.353194 5.913336 -0.500000
v -7.353194 5.375971 -0.500000
v -6.372768 5.375971 -0.500000
v -5.392343 5.375971 -0.500000
v -4.411917 5.375971 -0.500000
v -3.431491 5.375971 -0.500000
v -2.451065 5.375971 -0.500000
v -1.470639 5.375971 -0.500000
v -0.490213 5.375971 -0.500000
v 0.490213 5.375971 -0.500000
v 1.470639 5.375971 -0.500000
v 2.451065 5.375971 -0.500000
v 3.431490 5.375971 -0.500000
v 4.411916 5.375971 -0.500000
v 5.392339 5.375971 -0.500000
v 6.372768 5.375971 -0.500000
v 7.353194 5.375971 -0.500000
v -7.353194 4.838605 -0.500000
v -6.372768 4.838605 -0.500000
v -5.392343 4.838605 -0.500000
v -4.411917 4.838605 -0.500000
v -3.431491 4.838605 -0.500000
v -2.451065 4.838605 -0.500000
v -1.470639 4.838605 -0.500000
v -0.490213 4.838605 -0.500000
v 0.490213 4.838605 -0.500000
v 1.470639 4.838605 -0.500000
v 2.451065 4.838605 -0.500000
v 3.431490 4.838605 -0.500000
v 4.411916 4.838605 -0.500000
v 5.392339 4.838605 -0.500000
v 6.372768 4.838605 -0.500000
v 7.353194 4.838605 -0.500000
v -7.353194 4.301240 -0.500000
v -6.372768 4.301240 -0.500000
v -5.392343 4.301240 -0.500000
v -4.411917 4.301240 -0.500000
v -3.431491 4.301240 -0.500000
v -2.451065 4.301240 -0.500000
v -1.470639 4.301240 -0.500000
v -0.490213 4.301240 -0.500000
v 0.490213 4.301240 -0.500000
v 1.470639 4.301240 -0.500000
v 2.451065 4.301240 -0.500000
v 3.431490 4.301240 -0.500000
v 4.411916 4.301240 -0.500000
v 5.392339 4.301240 -0.500000
v 6.372768 4.301240 -0.500000
v 7.353194 4.301240 -0.500000
v -7.353194 3.763875 -0.500000
v -6.372768 3.763875 -0.500000
v -5.392343 3.763875 -0.500000
v -4.411917 3.763875 -0.500000
v -3.431491 3.763875 -0.500000
v -2.451065 3.763875 -0.500000
v -1.470639 3.763875 -0.500000
v -0.490213 3.763875 -0.500000
v 0.490213 3.763875 -0.500000
v 1.470639 3.763875 -0.500000
v 2.451065 3.763875 -0.500000
v 3.431490 3.763875 -0.500000
v 4.411916 3.763875 -0.500000
v 5.392339 3.763875 -0.500000
v 6.372768 3.763875 -0.500000
v 7.353194 3.763875 -0.500000
v -7.353194 3.226509 -0.500000
v -6.372768 3.226509 -0.500000
v -5.392343 3.226509 -0.500000
v -4.411917 3.226509 -0.500000
v -3.431491 3.226509 -0.500000
v -2.451065 3.226509 -0.500000
v -1.470639 3.226509 -0.500000
v -0.490213 3.226509 -0.500000
v 0.490213 3.226509 -0.500000
v 1.470639 3.226509 -0.500000
v 2.451065 3.226509 -0.500000
v 3.431490 3.226509 -0.500000
v 4.411916 3.226509 -0.500000
v 5.392339 3.226509 -0.500000
v 6.372768 3.226509 -0.500000
v 7.353194 3.226509 -0.500000
v -7.353194 2.689144 -0.500000
v -6.372768 2.689144 -0.500000
v -5.392343 2.689144 -0.500000
v -4.411917 2.689144 -0.500000
v -3.431491 2.689144 -0.500000
v -2.451065 2.689144 -0.500000
v -1.470639 2.689144 -0.500000
v -0.490213 2.689144 -0.500000
v 0.490213 2.689144 -0.500000
v 1.470639 2.689144 -0.500000
v 2.451065 2.689144 -0.500000
v 3.431490 2.689144 -0.500000
v 4.411916 2.689144 -0.500000
v 5.392339 2.689144 -0.500000
v 6.372768 2.689144 -0.500000
v 7.353194 2.689144 -0.500000
v -7.353194 2.151779 -0.500000
v -6.372768 2.151779 -0.500000
v -5.392343 2.151779 -0.500000
v -4.411917 2.151779 -0.500000
v -3.431491 2.151779 -0.500000
v -2.451065 2.151779 -0.500000
v -1.470639 2.151779 -0.500000
v -0.490213 2.151779 -0.500000
v 0.490213 2.151779 -0.500000
v 1.470639 2.151779 -0.500000
v 2.451065 2.151779 -0.500000
v 3.431490 2.151779 -0.500000
v 4.411916 2.151779 -0.500000
v 5.392339 2.151779 -0.500000
v 6.372768 2.151779 -0.500000
v 7.353194 2.151779 -0.500000
v -7.353194 1.614413 -0.500000
v -6.372768 1.614413 -0.500000
v -5.392343 1.614413 -0.500000
v -4.411917 1.614413 -0.500000
v -3.431491 1.614413 -0.500000
v -2.451065 1.614413 -0.500000
v -1.470639 1.614413 -0.500000
v -0.490213 1.614413 -0.500000
v 0.490213 1.614413 -0.500000
v 1.470639 1.614413 -0.500000
v 2.451065 1.614413 -0.500000
v 3.431490 1.614413 -0.500000
v 4.411916 1.614413 -0.500000
v 5.392339 1.614413 -0.500000
v 6.372768 1.614413 -0.500000
v 7.353194 1.614413 -0.500000
v -7.353194 1.077048 -0.500000
v -6.372768 1.077048 -0.500000
v -5.392343 1.077048 -0.500000
v -4.411917 1.077048 -0.500000
v -3.431491 1.077048 -0.500000
v -2.451065 1.077048 -0.500000
v -1.470639 1.077048 -0.500000
v -0.490213 1.077048 -0.500000
v 0.490213 1.077048 -0.500000
v 1.470639 1.077048 -0.500000
v 2.451065 1.077048 -0.500000
v 3.431490 1.077048 -0.500000
v 4.411916 1.077048 -0.500000
v 5.392339 1.077048 -0.500000
v 6.372768 1.077048 -0.500000
v 7.353194 1.077048 -0.500000
v -7.353194 0.539683 -0.500000
v -6.372768 0.539683 -0.500000
v -5.392343 0.539683 -0.500000
v -4.411917 0.539683 -0.500000
v -3.431491 0.539683 -0.500000
v -2.451065 0.539683 -0.500000
v -1.470639 0.539683 -0.500000
v -0.490213 0.539683 -0.500000
v 0.490213 0.539683 -0.500000
v 1.470639 0.539683 -0.500000
v 2.451065 0.539683 -0.500000
v 3.431490 0.539683 -0.500000
v 4.411916 0.539683 -0.500000
v 5.392339 0.539683 -0.500000
v 6.372768 0.539683 -0.500000
v 7.353194 0.539683 -0.500000
v -7.353194 0.002317 -0.500000
v -6.372768 0.002317 -0.500000
v -5.392343 0.002317 -0.500000
v -4.411917 0.002317 -0.500000
v -3.431491 0.002317 -0.500000
v -2.451065 0.002317 -0.500000
v -1.470639 0.002317 -0.500000
v -0.490213 0.002317 -0.500000
v 0.490213 0.002317 -0.500000
v 1.470639 0.002317 -0.500000
v 2.451065 0.002317 -0.500000
v 3.431490 0.002317 -0.500000
v 4.411916 0.002317 -0.500000
v 5.392339 0.002317 -0.500000
v 6.372768 0.002317 -0.500000
v 7.353194 0.002317 -0.500000
vt 0.375000 0.000000
vt 0.391667 0.000000
vt 0.408333 0.000000
vt 0.425000 0.000000
vt 0.441667 0.000000
vt 0.458333 0.000000
vt 0.475000 0.000000
vt 0.491667 0.000000
vt 0.508333 0.000000
vt 0.525000 0.000000
vt 0.541667 0.000000
vt 0.558333 0.000000
vt 0.575000 0.000000
vt 0.591667 0.000000
vt 0.608333 0.000000
vt 0.625000 0.000000
vt 0.375000 0.016667
vt 0.391667 0.016667
vt 0.408333 0.016667
vt 0.425000 0.016667
vt 0.441667 0.016667
vt 0.458333 0.016667
vt 0.475000 0.016667
vt 0.491667 0.016667
vt 0.508333 0.016667
vt 0.525000 0.016667
vt 0.541667 0.016667
vt 0.558333 0.016667
vt 0.575000 0.016667
vt 0.591667 0.016667
vt 0.608333 0.016667
vt 0.625000 0.016667
vt 0.375000 0.033333
vt 0.391667 0.033333
vt 0.408333 0.033333
vt 0.425000 0.033333
vt 0.441667 0.033333
vt 0.458333 0.033333
vt 0.475000 0.033333
vt 0.491667 0.033333
vt 0.508333 0.033333
vt 0.525000 0.033333
vt 0.541667 0.033333
vt 0.558333 0.033333
vt 0.575000 0.033333
vt 0.591667 0.033333
vt 0.608333 0.033333
vt 0.625000 0.033333
vt 0.375000 0.050000
vt 0.391667 0.050000
vt 0.408333 0.050000
vt 0.425000 0.050000
vt 0.441667 0.050000
vt 0.458333 0.050000
vt 0.475000 0.050000
vt 0.491667 0.050000
vt 0.508333 0.050000
vt 0.525000 0.050000
vt 0.541667 0.050000
vt 0.558333 0.050000
vt 0.575000 0.050000
vt 0.591667 0.050000
vt 0.608333 0.050000
vt 0.625000 0.050000
vt 0.375000 0.066667
vt 0.391667 0.066667
vt 0.408333 0.066667
vt 0.425000 0.066667
vt 0.441667 0.066667
vt 0.458333 0.066667
vt 0.475000 0.066667
vt 0.491667 0.066667
vt 0.508333 0.066667
vt 0.525000 0.066667
vt 0.541667 0.066667
vt 0.558333 0.066667
vt 0.575000 0.066667
vt 0.591667 0.066667
vt 0.608333 0.066667
vt 0.625000 0.066667
vt 0.375000 0.083333
vt 0.391667 0.083333
vt 0.408333 0.083333
vt 0.425000 0.083333
vt 0.441667 0.083333
vt 0.458333 0.083333
vt 0.475000 0.083333
vt 0.491667 0.083333
vt 0.508333 0.083333
vt 0.525000 0.083333
vt 0.541667 0.083333
vt 0.558333 0.083333
vt 0.575000 0.083333
vt 0.591667 0.083333
vt 0.608333 0.083333
vt 0.625000 0.083333
vt 0.375000 0.100000
vt 0.391667 0.100000
vt 0.408333 0.100000
vt 0.425000 0.100000
vt 0.441667 0.100000
vt 0.458333 0.100000
vt 0.475000 0.100000
vt 0.491667 0.100000
vt 0.508333 0.100000
vt 0.525000 0.100000
vt 0.541667 0.100000
vt 0.558333 0.100000
vt 0.575000 0.100000
vt 0.591667 0.100000
vt 0.608333 0.100000
vt 0.625000 0.100000
vt 0.375000 0.116667
vt 0.391667 0.116667
vt 0.408333 0.116667
vt 0.425000 0.116667
vt 0.441667 0.116667
vt 0.458333 0.116667
vt 0.475000 0.116667
vt 0.491667 0.116667
vt 0.508333 0.116667
vt 0.525000 0.116667
vt 0.541667 0.116667
vt 0.558333 0.116667
vt 0.575000 0.116667
vt 0.591667 0.116667
vt 0.608333 0.116667
vt 0.625000 0.116667
vt 0.375000 0.133333
vt 0.391667 0.133333
vt 0.408333 0.133333
vt 0.425000 0.133333
vt 0.441667 0.133333
vt 0.458333 0.133333
vt 0.475000 0.133333
vt 0.491667 0.133333
vt 0.508333 0.133333
vt 0.525000 0.133333
vt 0.541667 0.133333
vt 0.558333 0.133333
vt 0.575000 0.133333
vt 0.591667 0.133333
vt 0.608333 0.133333
vt 0.625000 0.133333
vt 0.375000 0.150000
vt 0.391667 0.150000
vt 0.408333 0.150000
vt 0.425000 0.150000
vt 0.441667 0.150000
vt 0.458333 0.150000
vt 0.475000 0.150000
vt 0.491667 0.150000
vt 0.508333 0.150000
vt 0.525000 0.150000
vt 0.541667 0.150000
vt 0.558333 0.150000
vt 0.575000 0.150000
vt 0.591667 0.150000
vt 0.608333 0.150000
vt 0.625000 0.150000
vt 0.375000 0.166667
vt 0.391667 0.166667
vt 0.408333 0.166667
vt 0.425000 0.166667
vt 0.441667 0.166667
vt 0.458333 0.166667
vt 0.475000 0.166667
vt 0.491667 0.166667
vt 0.508333 0.166667
vt 0.525000 0.166667
vt 0.541667 0.166667
vt 0.558333 0.166667
vt 0.575000 0.166667
vt 0.591667 0.166667
vt 0.608333 0.166667
vt 0.625000 0.166667
vt 0.375000 0.183333
vt 0.391667 0.183333
vt 0.408333 0.183333
vt 0.425000 0.183333
vt 0.441667 0.183333
vt 0.458333 0.183333
vt 0.475000 0.183333
vt 0.491667 0.183333
vt 0.508333 0.183333
vt 0.525000 0.183333
vt 0.541667 0.183333
vt 0.558333 0.183333
vt 0.575000 0.183333
vt 0.591667 0.183333
vt 0.608333 0.183333
vt 0.625000 0.183333
vt 0.375000 0.200000
vt 0.391667 0.200000
vt 0.408333 0.200000
vt 0.425000 0.200000
vt 0.441667 0.200000
vt 0.458333 0.200000
vt 0.475000 0.200000
vt 0.491667 0.200000
vt 0.508333 0.200000
vt 0.525000 0.200000
vt 0.541667 0.200000
vt 0.558333 0.200000
vt 0.575000 0.200000
vt 0.591667 0.200000
vt 0.608333 0.200000
vt 0.625000 0.200000
vt 0.375000 0.216667
vt 0.391667 0.216667
vt 0.408333 0.216667
vt 0.425000 0.216667
vt 0.441667 0.216667
vt 0.458333 0.216667
vt 0.475000 0.216667
vt 0.491667 0.216667
vt 0.508333 0.216667
vt 0.525000 0.216667
vt 0.541667 0.216667
vt 0.558333 0.216667
vt 0.575000 0.216667
vt 0.591667 0.216667
vt 0.608333 0.216667
vt 0.625000 0.216667
vt 0.375000 0.233333
vt 0.391667 0.233333
vt 0.408333 0.233333
vt 0.425000 0.233333
vt 0.441667 0.233333
vt 0.458333 0.233333
vt 0.475000 0.233333
vt 0.491667 0.233333
vt 0.508333 0.233333
vt 0.525000 0.233333
vt 0.541667 0.233333
vt 0.558333 0.233333
vt 0.575000 0.233333
vt 0.591667 0.233333
vt 0.608333 0.233333
vt 0.625000 0.233333
vt 0.375000 0.250000
vt 0.391667 0.250000
vt 0.408333 0.250000
vt 0.425000 0.250000
vt 0.441667 0.250000
vt 0.458333 0.250000
vt 0.475000 0.250000
vt 0.491667 0.250000
vt 0.508333 0.250000
vt 0.525000 0.250000
vt 0.541667 0.250000
vt 0.558333 0.250000
vt 0.575000 0.250000
vt 0.591667 0.250000
vt 0.608333 0.250000
vt 0.625000 0.250000
vt 0.375000 0.500000
vt 0.391667 0.500000
vt 0.408333 0.500000
vt 0.425000 0.500000
vt 0.441667 0.500000
vt 0.458333 0.500000
vt 0.475000 0.500000
vt 0.491667 0.500000
vt 0.508333 0.500000
vt 0.525000 0.500000
vt 0.541667 0.500000
vt 0.558333 0.500000
vt 0.575000 0.500000
vt 0.591667 0.500000
vt 0.608333 0.500000
vt 0.625000 0.500000
vt 0.375000 0.516667
vt 0.391667 0.516667
vt 0.408333 0.516667
vt 0.425000 0.516667
vt 0.441667 0.516667
vt 0.458333 0.516667
vt 0.475000 0.516667
vt 0.491667 0.516667
vt 0.508333 0.516667
vt 0.525000 0.516667
vt 0.541667 0.516667
vt 0.558333 0.516667
vt 0.575000 0.516667
vt 0.591667 0.516667
vt 0.608333 0.516667
vt 0.625000 0.516667
vt 0.375000 0.533333
vt 0.391667 0.533333
vt 0.408333 0.533333
vt 0.425000 0.533333
vt 0.441667 0.533333
vt 0.458333 0.533333
vt 0.475000 0.533333
vt 0.491667 0.533333
vt 0.508333 0.533333
vt 0.525000 0.533333
vt 0.541667 0.533333
vt 0.558333 0.533333
vt 0.575000 0.533333
vt 0.591667 0.533333
vt 0.608333 0.533333
vt 0.625000 0.533333
vt 0.375000 0.550000
vt 0.391667 0.550000
vt 0.408333 0.550000
vt 0.425000 0.550000
vt 0.441667 0.550000
vt 0.458333 0.550000
vt 0.475000 0.550000
vt 0.491667 0.550000
vt 0.508333 0.550000
vt 0.525000 0.550000
vt 0.541667 0.550000
vt 0.558333 0.550000
vt 0.575000 0.550000
vt 0.591667 0.550000
vt 0.608333 0.550000
vt 0.625000 0.550000
vt 0.375000 0.566667
vt 0.391667 0.566667
vt 0.408333 0.566667
vt 0.425000 0.566667
vt 0.441667 0.566667
vt 0.458333 0.566667
vt 0.475000 0.566667
vt 0.491667 0.566667
vt 0.508333 0.566667
vt 0.525000 0.566667
vt 0.541667 0.566667
vt 0.558333 0.566667
vt 0.575000 0.566667
vt 0.591667 0.566667
vt 0.608333 0.566667
vt 0.625000 0.566667
vt 0.375000 0.583333
vt 0.391667 0.583333
vt 0.408333 0.583333
vt 0.425000 0.583333
vt 0.441667 0.583333
vt 0.458333 0.583333
vt 0.475000 0.583333
vt 0.491667 0.583333
vt 0.508333 0.583333
vt 0.525000 0.583333
vt 0.541667 0.583333
vt 0.558333 0.583333
vt 0.575000 0.583333
vt 0.591667 0.583333
vt 0.608333 0.583333
vt 0.625000 0.583333
vt 0.375000 0.600000
vt 0.391667 0.600000
vt 0.408333 0.600000
vt 0.425000 0.600000
vt 0.441667 0.600000
vt 0.458333 0.600000
vt 0.475000 0.600000
vt 0.491667 0.600000
vt 0.508333 0.600000
vt 0.525000 0.600000
vt 0.541667 0.600000
vt 0.558333 0.600000
vt 0.575000 0.600000
vt 0.591667 0.600000
vt 0.608333 0.600000
vt 0.625000 0.600000
vt 0.375000 0.616667
vt 0.391667 0.616667
vt 0.408333 0.616667
vt 0.425000 0.616667
vt 0.441667 0.616667
vt 0.458333 0.616667
vt 0.475000 0.616667
vt 0.491667 0.616667
vt 0.508333 0.616667
vt 0.525000 0.616667
vt 0.541667 0.616667
vt 0.558333 0.616667
vt 0.575000 0.616667
vt 0.591667 0.616667
vt 0.608333 0.616667
vt 0.625000 0.616667
vt 0.375000 0.633333
vt 0.391667 0.633333
vt 0.408333 0.633333
vt 0.425000 0.633333
vt 0.441667 0.633333
vt 0.458333 0.633333
vt 0.475000 0.633333
vt 0.491667 0.633333
vt 0.508333 0.633333
vt 0.525000 0.633333
vt 0.541667 0.633333
vt 0.558333 0.633333
vt 0.575000 0.633333
vt 0.591667 0.633333
vt 0.608333 0.633333
vt 0.625000 0.633333
vt 0.375000 0.650000
vt 0.391667 0.650000
vt 0.408333 0.650000
vt 0.425000 0.650000
vt 0.441667 0.650000
vt 0.458333 0.650000
vt 0.475000 0.650000
vt 0.491667 0.650000
vt 0.508333 0.650000
vt 0.525000 0.650000
vt 0.541667 0.650000
vt 0.558333 0.650000
vt 0.575000 0.650000
vt 0.591667 0.650000
vt 0.608333 0.650000
vt 0.625000 0.650000
vt 0.375000 0.666667
vt 0.391667 0.666667
vt 0.408333 0.666667
vt 0.425000 0.666667
vt 0.441667 0.666667
vt 0.458333 0.666667
vt 0.475000 0.666667
vt 0.491667 0.666667
vt 0.508333 0.666667
vt 0.525000 0.666667
vt 0.541667 0.666667
vt 0.558333 0.666667
vt 0.575000 0.666667
vt 0.591667 0.666667
vt 0.608333 0.666667
vt 0.625000 0.666667
vt 0.375000 0.683333
vt 0.391667 0.683333
vt 0.408333 0.683333
vt 0.425000 0.683333
vt 0.441667 0.683333
vt 0.458333 0.683333
vt 0.475000 0.683333
vt 0.491667 0.683333
vt 0.508333 0.683333
vt 0.525000 0.683333
vt 0.541667 0.683333
vt 0.558333 0.683333
vt 0.575000 0.683333
vt 0.591667 0.683333
vt 0.608333 0.683333
vt 0.625000 0.683333
vt 0.375000 0.700000
vt 0.391667 0.700000
vt 0.408333 0.700000
vt 0.425000 0.700000
vt 0.441667 0.700000
vt 0.458333 0.700000
vt 0.475000 0.700000
vt 0.491667 0.700000
vt 0.508333 0.700000
vt 0.525000 0.700000
vt 0.541667 0.700000
vt 0.558333 0.700000
vt 0.575000 0.700000
vt 0.591667 0.700000
vt 0.608333 0.700000
vt 0.625000 0.700000
vt 0.375000 0.716666
vt 0.391667 0.716666
vt 0.408333 0.716666
vt 0.425000 0.716666
vt 0.441667 0.716666
vt 0.458333 0.716666
vt 0.475000 0.716666
vt 0.491667 0.716666
vt 0.508333 0.716666
vt 0.525000 0.716666
vt 0.541667 0.716666
vt 0.558333 0.716666
vt 0.575000 0.716666
vt 0.591667 0.716666
vt 0.608333 0.716666
vt 0.625000 0.716666
vt 0.375000 0.733333
vt 0.391667 0.733333
vt 0.408333 0.733333
vt 0.425000 0.733333
vt 0.441667 0.733333
vt 0.458333 0.733333
vt 0.475000 0.733333
vt 0.491667 0.733333
vt 0.508333 0.733333
vt 0.525000 0.733333
vt 0.541667 0.733333
vt 0.558333 0.733333
vt 0.575000 0.733333
vt 0.591667 0.733333
vt 0.608333 0.733333
vt 0.625000 0.733333
vt 0.375000 0.750000
vt 0.391667 0.750000
vt 0.408333 0.750000
vt 0.425000 0.750000
vt 0.441667 0.750000
vt 0.458333 0.750000
vt 0.475000 0.750000
vt 0.491667 0.750000
vt 0.508333 0.750000
vt 0.525000 0.750000
vt 0.541667 0.750000
vt 0.558333 0.750000
vt 0.575000 0.750000
vt 0.591667 0.750000
vt 0.608333 0.750000
vt 0.625000 0.750000
vt 0.375000 1.000000
vt 0.391667 1.000000
vt 0.408333 1.000000
vt 0.425000 1.000000
vt 0.441667 1.000000
vt 0.458333 1.000000
vt 0.475000 1.000000
vt 0.491667 1.000000
vt 0.508333 1.000000
vt 0.525000 1.000000
vt 0.541667 1.000000
vt 0.558333 1.000000
vt 0.575000 1.000000
vt 0.591667 1.000000
vt 0.608333 1.000000
vt 0.625000 1.000000
vt 0.875000 0.000000
vt 0.875000 0.016667
vt 0.875000 0.033333
vt 0.875000 0.050000
vt 0.875000 0.066667
vt 0.875000 0.083333
vt 0.875000 0.100000
vt 0.875000 0.116667
vt 0.875000 0.133333
vt 0.875000 0.150000
vt 0.875000 0.166667
vt 0.875000 0.183333
vt 0.875000 0.200000
vt 0.875000 0.216667
vt 0.875000 0.233333
vt 0.875000 0.250000
vt 0.125000 0.000000
vt 0.125000 0.016667
vt 0.125000 0.033333
vt 0.125000 0.050000
vt 0.125000 0.066667
vt 0.125000 0.083333
vt 0.125000 0.100000
vt 0.125000 0.116667
vt 0.125000 0.133333
vt 0.125000 0.150000
vt 0.125000 0.166667
vt 0.125000 0.183333
vt 0.125000 0.200000
vt 0.125000 0.216667
vt 0.125000 0.233333
vt 0.125000 0.250000
vn 0.000000 0.000000 1.000000
vn 0.000000 0.000000 1.000000
vn 0.000000 0.000000 1.000000
vn 0.000000 0.000000 1.000000
vn 0.000000 0.000000 1.000000
vn 0.000000 0.000000 1.000000
vn 0.000000 0.000000 1.000000
vn 0.000000 0.000000 1.000000
vn 0.000000 0.000000 1.000000
vn 0.000000 0.000000 1.000000
vn 0.000000 0.000000 1.000000
vn 0.000000 0.000000 1.000000
vn 0.000000 0.000000 1.000000
vn 0.000000 0.000000 1.000000
vn 0.000000 0.000000 1.000000
vn 0.000000 0.000000 1.000000
vn 0.000000 0.000000 1.000000
vn 0.000000 0.000000 1.000000
vn 0.000000 0.000000 1.000000
vn 0.000000 0.000000 1.000000
vn 0.000000 0.000000 1.000000
vn 0.000000 0.000000 1.000000
vn 0.000000 0.000000 1.000000
vn 0.000000 0.000000 1.000000
vn 0.000000 0.000000 1.000000
vn 0.000000 0.000000 1.000000
vn 0.000000 0.000000 1.000000
vn 0.000000 0.000000 1.000000
vn 0.000000 0.000000 1.000000
vn 0.000000 0.000000 1.000000
vn 0.000000 0.000000 1.000000
vn 0.000000 0.000000 1.000000
vn 0.000000 0.000000 1.000000
vn 0.000000 0.000000 1.000000
vn 0.000000 0.000000 1.000000
vn 0.000000 0.000000 1.000000
vn 0.000000 0.000000 1.000000
vn 0.000000 0.000000 1.000000
vn 0.000000 0.000000 1.000000
vn 0.000000 0.000000 1.000000
vn 0.000000 0.000000 1.000000
vn 0.000000 0.000000 1.000000
vn 0.000000 0.000000 1.000000
vn 0.000000 0.000000 1.000000
vn 0.000000 0.000000 1.000000
vn 0.000000 0.000000 1.000000
vn 0.000000 0.000000 1.000000
vn 0.000000 0.000000 1.000000
vn 0.000000 0.000000 1.000000
vn 0.000000 0.000000 1.000000
vn 0.000000 0.000000 1.000000
vn 0.000000 0.000000 1.000000
vn 0.000000 0.000000 1.000000
vn 0.000000 0.000000 1.000000
vn 0.000000 0.000000 1.000000
vn 0.000000 0.000000 1.000000
vn 0.000000 0.000000 1.000000
vn 0.000000 0.000000 1.000000
vn 0.000000 0.000000 1.000000
vn 0.000000 0.000000 1.000000
vn 0.000000 0.000000 1.000000
vn 0.000000 0.000000 1.000000
vn 0.000000 0.000000 1.000000
vn 0.000000 0.000000 1.000000
vn 0.000000 0.000000 1.000000
vn 0.000000 0.000000 1.000000
vn 0.000000 0.000000 1.000000
vn 0.000000 0.000000 1.000000
vn 0.000000 0.000000 1.000000
vn 0.000000 0.000000 1.000000
vn 0.000000 0.000000 1.000000
vn 0.000000 0.000000 1.000000
vn 0.000000 0.000000 1.000000
vn 0.000000 0.000000 1.000000
vn 0.000000 0.000000 1.000000
vn 0.000000 0.000000 1.000000
vn 0.000000 0.000000 1.000000
vn 0.000000 0.000000 1.000000
vn 0.000000 0.000000 1.000000
vn 0.000000 0.000000 1.000000
vn 0.000000 0.000000 1.000000
vn 0.000000 0.000000 1.000000
vn 0.000000 0.000000 1.000000
vn 0.000000 0.000000 1.000000
vn 0.000000 0.000000 1.000000
vn 0.000000 0.000000 1.000000
vn 0.000000 0.000000 1.000000
vn 0.000000 0.000000 1.000000
vn 0.000000 0.000000 1.000000
vn 0.000000 0.000000 1.000000
vn 0.000000 0.000000 1.000000
vn 0.000000 0.000000 1.000000
vn 0.000000 0.000000 1.000000
vn 0.000000 0.000000 1.000000
vn 0.000000 0.000000 1.000000
vn 0.000000 0.000000 1.000000
vn 0.000000 0.000000 1.000000
vn 0.000000 0.000000 1.000000
vn 0.000000 0.000000 1.000000
vn 0.000000 0.000000 1.000000
vn 0.000000 0.000000 1.000000
vn 0.000000 0.000000 1.000000
vn 0.000000 0.000000 1.000000
vn 0.000000 0.000000 1.000000
vn 0.000000 0.000000 1.000000
vn 0.000000 0.000000 1.000000
vn 0.000000 0.000000 1.000000
vn 0.000000 0.000000 1.000000
vn 0.000000 0.000000 1.000000
vn 0.000000 0.000000 1.000000
vn 0.000000 0.000000 1.000000
vn 0.000000 0.000000 1.000000
vn 0.000000 0.000000 1.000000
vn 0.000000 0.000000 1.000000
vn 0.000000 0.000000 1.000000
vn 0.000000 0.000000 1.000000
vn 0.000000 0.000000 1.000000
vn 0.000000 0.000000 1.000000
vn 0.000000 0.000000 1.000000
vn 0.000000 0.000000 1.000000
vn 0.000000 0.000000 1.000000
vn 0.000000 0.000000 1.000000
vn 0.000000 0.000000 1.000000
vn 0.000000 0.000000 1.000000
vn 0.000000 0.000000 1.000000
vn 0.000000 0.000000 1.000000
vn 0.000000 0.000000 1.000000
vn 0.000000 0.000000 1.000000
vn 0.000000 0.000000 1.000000
vn 0.000000 0.000000 1.000000
vn 0.000000 0.000000 1.000000
vn 0.000000 0.000000 1.000000
vn 0.000000 0.000000 1.000000
vn 0.000000 0.000000 1.000000
vn 0.000000 0.000000 1.000000
vn 0.000000 0.000000 1.000000
vn 0.000000 0.000000 1.000000
vn 0.000000 0.000000 1.000000
vn 0.000000 0.000000 1.000000
vn 0.000000 0.000000 1.000000
vn 0.000000 0.000000 1.000000
vn 0.000000 0.000000 1.000000
vn 0.000000 0.000000 1.000000
vn 0.000000 0.000000 1.000000
vn 0.000000 0.000000 1.000000
vn 0.000000 0.000000 1.000000
vn 0.000000 0.000000 1.000000
vn 0.000000 0.000000 1.000000
vn 0.000000 0.000000 1.000000
vn 0.000000 0.000000 1.000000
vn 0.000000 0.000000 1.000000
vn 0.000000 0.000000 1.000000
vn 0.000000 0.000000 1.000000
vn 0.000000 0.000000 1.000000
vn 0.000000 0.000000 1.000000
vn 0.000000 0.000000 1.000000
vn 0.000000 0.000000 1.000000
vn 0.000000 0.000000 1.000000
vn 0.000000 0.000000 1.000000
vn 0.000000 0.000000 1.000000
vn 0.000000 0.000000 1.000000
vn 0.000000 0.000000 1.000000
vn 0.000000 0.000000 1.000000
vn 0.000000 0.000000 1.000000
vn 0.000000 0.000000 1.000000
vn 0.000000 0.000000 1.000000
vn 0.000000 0.000000 1.000000
vn 0.000000 0.000000 1.000000
vn 0.000000 0.000000 1.000000
vn 0.000000 0.000000 1.000000
vn 0.000000 0.000000 1.000000
vn 0.000000 0.000000 1.000000
vn 0.000000 0.000000 1.000000
vn 0.000000 0.000000 1.000000
vn 0.000000 0.000000 1.000000
vn 0.000000 0.000000 1.000000
vn 0.000000 0.000000 1.000000
vn 0.000000 0.000000 1.000000
vn 0.000000 0.000000 1.000000
vn 0.000000 0.000000 1.000000
vn 0.000000 0.000000 1.000000
vn 0.000000 0.000000 1.000000
vn 0.000000 0.000000 1.000000
vn 0.000000 0.000000 1.000000
vn 0.000000 0.000000 1.000000
vn 0.000000 0.000000 1.000000
vn 0.000000 0.000000 1.000000
vn 0.000000 0.000000 1.000000
vn 0.000000 0.000000 1.000000
vn 0.000000 0.000000 1.000000
vn 0.000000 0.000000 1.000000
vn 0.000000 0.000000 1.000000
vn 0.000000 0.000000 1.000000
vn 0.000000 0.000000 1.000000
vn 0.000000 0.000000 1.000000
vn 0.000000 0.000000 1.000000
vn 0.000000 0.000000 1.000000
vn 0.000000 0.000000 1.000000
vn 0.000000 0.000000 1.000000
vn 0.000000 0.000000 1.000000
vn 0.000000 0.000000 1.000000
vn 0.000000 0.000000 1.000000
vn 0.000000 0.000000 1.000000
vn 0.000000 0.000000 1.000000
vn 0.000000 0.000000 1.000000
vn 0.000000 0.000000 1.000000
vn 0.000000 0.000000 1.000000
vn 0.000000 0.000000 1.000000
vn 0.000000 0.000000 1.000000
vn 0.000000 0.000000 1.000000
vn 0.000000 0.000000 1.000000
vn 0.000000 0.000000 1.000000
vn 0.000000 0.000000 1.000000
vn 0.000000 0.000000 1.000000
vn 0.000000 0.000000 1.000000
vn 0.000000 0.000000 1.000000
vn 0.000000 0.000000 1.000000
vn 0.000000 0.000000 1.000000
vn 0.000000 0.000000 1.000000
vn 0.000000 0.000000 1.000000
vn 0.000000 0.000000 1.000000
vn 0.000000 0.000000 1.000000
vn 0.000000 0.000000 1.000000
vn 0.000000 0.000000 1.000000
vn 0.000000 0.000000 1.000000
vn 0.000000 0.000000 1.000000
vn 0.000000 0.000000 1.000000
vn 0.000000 0.000000 1.000000
vn 0.000000 0.000000 1.000000
vn 0.000000 0.000000 1.000000
vn 0.000000 0.000000 1.000000
vn 0.000000 0.000000 1.000000
vn 0.000000 0.000000 1.000000
vn 0.000000 0.000000 1.000000
vn 0.000000 0.000000 1.000000
vn 0.000000 0.000000 1.000000
vn 0.000000 0.000000 1.000000
vn 0.000000 0.000000 1.000000
vn 0.000000 0.000000 1.000000
vn 0.000000 0.000000 1.000000
vn 0.000000 0.000000 1.000000
vn 0.000000 0.000000 1.000000
vn 0.000000 0.000000 1.000000
vn 0.000000 0.000000 1.000000
vn 0.000000 0.000000 1.000000
vn 0.000000 0.000000 1.000000
vn 0.000000 0.000000 1.000000
vn 0.000000 0.000000 1.000000
vn 0.000000 0.000000 1.000000
vn 0.000000 0.000000 1.000000
vn 0.000000 0.000000 1.000000
vn 0.000000 0.000000 1.000000
vn 0.000000 0.000000 1.000000
vn 0.000000 0.000000 1.000000
vn 0.000000 0.000000 1.000000
vn 0.000000 0.000000 1.000000
vn 0.000000 1.000000 0.000000
vn 0.000000 1.000000 0.000000
vn 0.000000 1.000000 0.000000
vn 0.000000 1.000000 0.000000
vn 0.000000 1.000000 0.000000
vn 0.000000 1.000000 0.000000
vn 0.000000 1.000000 0.000000
vn 0.000000 1.000000 0.000000
vn 0.000000 1.000000 0.000000
vn 0.000000 1.000000 0.000000
vn 0.000000 1.000000 0.000000
vn 0.000000 1.000000 0.000000
vn 0.000000 1.000000 0.000000
vn 0.000000 1.000000 0.000000
vn 0.000000 1.000000 0.000000
vn 0.000000 1.000000 0.000000
vn 0.000000 1.000000 0.000000
vn 0.000000 1.000000 0.000000
vn 0.000000 1.000000 0.000000
vn 0.000000 1.000000 0.000000
vn 0.000000 1.000000 0.000000
vn 0.000000 1.000000 0.000000
vn 0.000000 1.000000 0.000000
vn 0.000000 1.000000 0.000000
vn 0.000000 1.000000 0.000000
vn 0.000000 1.000000 0.000000
vn 0.000000 1.000000 0.000000
vn 0.000000 1.000000 0.000000
vn 0.000000 1.000000 0.000000
vn 0.000000 1.000000 0.000000
vn 0.000000 1.000000 0.000000
vn 0.000000 1.000000 0.000000
vn 0.000000 0.000000 -1.000000
vn 0.000000 0.000000 -1.000000
vn 0.000000 0.000000 -1.000000
vn 0.000000 0.000000 -1.000000
vn 0.000000 0.000000 -1.000000
vn 0.000000 0.000000 -1.000000
vn 0.000000 0.000000 -1.000000
vn 0.000000 0.000000 -1.000000
vn 0.000000 0.000000 -1.000000
vn 0.000000 0.000000 -1.000000
vn 0.000000 0.000000 -1.000000
vn 0.000000 0.000000 -1.000000
vn 0.000000 0.000000 -1.000000
vn 0.000000 0.000000 -1.000000
vn 0.000000 0.000000 -1.000000
vn 0.000000 0.000000 -1.000000
vn 0.000000 0.000000 -1.000000
vn 0.000000 0.000000 -1.000000
vn 0.000000 0.000000 -1.000000
vn 0.000000 0.000000 -1.000000
vn 0.000000 0.000000 -1.000000
vn 0.000000 0.000000 -1.000000
vn 0.000000 0.000000 -1.000000
vn 0.000000 0.000000 -1.000000
vn 0.000000 0.000000 -1.000000
vn 0.000000 0.000000 -1.000000
vn 0.000000 0.000000 -1.000000
vn 0.000000 0.000000 -1.000000
vn 0.000000 0.000000 -1.000000
vn 0.000000 0.000000 -1.000000
vn 0.000000 0.000000 -1.000000
vn 0.000000 0.000000 -1.000000
vn 0.000000 0.000000 -1.000000
vn 0.000000 0.000000 -1.000000
vn 0.000000 0.000000 -1.000000
vn 0.000000 0.000000 -1.000000
vn 0.000000 0.000000 -1.000000
vn 0.000000 0.000000 -1.000000
vn 0.000000 0.000000 -1.000000
vn 0.000000 0.000000 -1.000000
vn 0.000000 0.000000 -1.000000
vn 0.000000 0.000000 -1.000000
vn 0.000000 0.000000 -1.000000
vn 0.000000 0.000000 -1.000000
vn 0.000000 0.000000 -1.000000
vn 0.000000 0.000000 -1.000000
vn 0.000000 0.000000 -1.000000
vn 0.000000 0.000000 -1.000000
vn 0.000000 0.000000 -1.000000
vn 0.000000 0.000000 -1.000000
vn 0.000000 0.000000 -1.000000
vn 0.000000 0.000000 -1.000000
vn 0.000000 0.000000 -1.000000
vn 0.000000 0.000000 -1.000000
vn 0.000000 0.000000 -1.000000
vn 0.000000 0.000000 -1.000000
vn 0.000000 0.000000 -1.000000
vn 0.000000 0.000000 -1.000000
vn 0.000000 0.000000 -1.000000
vn 0.000000 0.000000 -1.000000
vn 0.000000 0.000000 -1.000000
vn 0.000000 0.000000 -1.000000
vn 0.000000 0.000000 -1.000000
vn 0.000000 0.000000 -1.000000
vn 0.000000 0.000000 -1.000000
vn 0.000000 0.000000 -1.000000
vn 0.000000 0.000000 -1.000000
vn 0.000000 0.000000 -1.000000
vn 0.000000 0.000000 -1.000000
vn 0.000000 0.000000 -1.000000
vn 0.000000 0.000000 -1.000000
vn 0.000000 0.000000 -1.000000
vn 0.000000 0.000000 -1.000000
vn 0.000000 0.000000 -1.000000
vn 0.000000 0.000000 -1.000000
vn 0.000000 0.000000 -1.000000
vn 0.000000 0.000000 -1.000000
vn 0.000000 0.000000 -1.000000
vn 0.000000 0.000000 -1.000000
vn 0.000000 0.000000 -1.000000
vn 0.000000 0.000000 -1.000000
vn 0.000000 0.000000 -1.000000
vn 0.000000 0.000000 -1.000000
vn 0.000000 0.000000 -1.000000
vn 0.000000 0.000000 -1.000000
vn 0.000000 0.000000 -1.000000
vn 0.000000 0.000000 -1.000000
vn 0.000000 0.000000 -1.000000
vn 0.000000 0.000000 -1.000000
vn 0.000000 0.000000 -1.000000
vn 0.000000 0.000000 -1.000000
vn 0.000000 0.000000 -1.000000
vn 0.000000 0.000000 -1.000000
vn 0.000000 0.000000 -1.000000
vn 0.000000 0.000000 -1.000000
vn 0.000000 0.000000 -1.000000
vn 0.000000 0.000000 -1.000000
vn 0.000000 0.000000 -1.000000
vn 0.000000 0.000000 -1.000000
vn 0.000000 0.000000 -1.000000
vn 0.000000 0.000000 -1.000000
vn 0.000000 0.000000 -1.000000
vn 0.000000 0.000000 -1.000000
vn 0.000000 0.000000 -1.000000
vn 0.000000 0.000000 -1.000000
vn 0.000000 0.000000 -1.000000
vn 0.000000 0.000000 -1.000000
vn 0.000000 0.000000 -1.000000
vn 0.000000 0.000000 -1.000000
vn 0.000000 0.000000 -1.000000
vn 0.000000 0.000000 -1.000000
vn 0.000000 0.000000 -1.000000
vn 0.000000 0.000000 -1.000000
vn 0.000000 0.000000 -1.000000
vn 0.000000 0.000000 -1.000000
vn 0.000000 0.000000 -1.000000
vn 0.000000 0.000000 -1.000000
vn 0.000000 0.000000 -1.000000
vn 0.000000 0.000000 -1.000000
vn 0.000000 0.000000 -1.000000
vn 0.000000 0.000000 -1.000000
vn 0.000000 0.000000 -1.000000
vn 0.000000 0.000000 -1.000000
vn 0.000000 0.000000 -1.000000
vn 0.000000 0.000000 -1.000000
vn 0.000000 0.000000 -1.000000
vn 0.000000 0.000000 -1.000000
vn 0.000000 0.000000 -1.000000
vn 0.000000 0.000000 -1.000000
vn 0.000000 0.000000 -1.000000
vn 0.000000 0.000000 -1.000000
vn 0.000000 0.000000 -1.000000
vn 0.000000 0.000000 -1.000000
vn 0.000000 0.000000 -1.000000
vn 0.000000 0.000000 -1.000000
vn 0.000000 0.000000 -1.000000
vn 0.000000 0.000000 -1.000000
vn 0.000000 0.000000 -1.000000
vn 0.000000 0.000000 -1.000000
vn 0.000000 0.000000 -1.000000
vn 0.000000 0.000000 -1.000000
vn 0.000000 0.000000 -1.000000
vn 0.000000 0.000000 -1.000000
vn 0.000000 0.000000 -1.000000
vn 0.000000 0.000000 -1.000000
vn 0.000000 0.000000 -1.000000
vn 0.000000 0.000000 -1.000000
vn 0.000000 0.000000 -1.000000
vn 0.000000 0.000000 -1.000000
vn 0.000000 0.000000 -1.000000
vn 0.000000 0.000000 -1.000000
vn 0.000000 0.000000 -1.000000
vn 0.000000 0.000000 -1.000000
vn 0.000000 0.000000 -1.000000
vn 0.000000 0.000000 -1.000000
vn 0.000000 0.000000 -1.000000
vn 0.000000 0.000000 -1.000000
vn 0.000000 0.000000 -1.000000
vn 0.000000 0.000000 -1.000000
vn 0.000000 0.000000 -1.000000
vn 0.000000 0.000000 -1.000000
vn 0.000000 0.000000 -1.000000
vn 0.000000 0.000000 -1.000000
vn 0.000000 0.000000 -1.000000
vn 0.000000 0.000000 -1.000000
vn 0.000000 0.000000 -1.000000
vn 0.000000 0.000000 -1.000000
vn 0.000000 0.000000 -1.000000
vn 0.000000 0.000000 -1.000000
vn 0.000000 0.000000 -1.000000
vn 0.000000 0.000000 -1.000000
vn 0.000000 0.000000 -1.000000
vn 0.000000 0.000000 -1.000000
vn 0.000000 0.000000 -1.000000
vn 0.000000 0.000000 -1.000000
vn 0.000000 0.000000 -1.000000
vn 0.000000 0.000000 -1.000000
vn 0.000000 0.000000 -1.000000
vn 0.000000 0.000000 -1.000000
vn 0.000000 0.000000 -1.000000
vn 0.000000 0.000000 -1.000000
vn 0.000000 0.000000 -1.000000
vn 0.000000 0.000000 -1.000000
vn 0.000000 0.000000 -1.000000
vn 0.000000 0.000000 -1.000000
vn 0.000000 0.000000 -1.000000
vn 0.000000 0.000000 -1.000000
vn 0.000000 0.000000 -1.000000
vn 0.000000 0.000000 -1.000000
vn 0.000000 0.000000 -1.000000
vn 0.000000 0.000000 -1.000000
vn 0.000000 0.000000 -1.000000
vn 0.000000 0.000000 -1.000000
vn 0.000000 0.000000 -1.000000
vn 0.000000 0.000000 -1.000000
vn 0.000000 0.000000 -1.000000
vn 0.000000 0.000000 -1.000000
vn 0.000000 0.000000 -1.000000
vn 0.000000 0.000000 -1.000000
vn 0.000000 0.000000 -1.000000
vn 0.000000 0.000000 -1.000000
vn 0.000000 0.000000 -1.000000
vn 0.000000 0.000000 -1.000000
vn 0.000000 0.000000 -1.000000
vn 0.000000 0.000000 -1.000000
vn 0.000000 0.000000 -1.000000
vn 0.000000 0.000000 -1.000000
vn 0.000000 0.000000 -1.000000
vn 0.000000 0.000000 -1.000000
vn 0.000000 0.000000 -1.000000
vn 0.000000 0.000000 -1.000000
vn 0.000000 0.000000 -1.000000
vn 0.000000 0.000000 -1.000000
vn 0.000000 0.000000 -1.000000
vn 0.000000 0.000000 -1.000000
vn 0.000000 0.000000 -1.000000
vn 0.000000 0.000000 -1.000000
vn 0.000000 0.000000 -1.000000
vn 0.000000 0.000000 -1.000000
vn 0.000000 0.000000 -1.000000
vn 0.000000 0.000000 -1.000000
vn 0.000000 0.000000 -1.000000
vn 0.000000 0.000000 -1.000000
vn 0.000000 0.000000 -1.000000
vn 0.000000 0.000000 -1.000000
vn 0.000000 0.000000 -1.000000
vn 0.000000 0.000000 -1.000000
vn 0.000000 0.000000 -1.000000
vn 0.000000 0.000000 -1.000000
vn 0.000000 0.000000 -1.000000
vn 0.000000 0.000000 -1.000000
vn 0.000000 0.000000 -1.000000
vn 0.000000 0.000000 -1.000000
vn 0.000000 0.000000 -1.000000
vn 0.000000 0.000000 -1.000000
vn 0.000000 0.000000 -1.000000
vn 0.000000 0.000000 -1.000000
vn 0.000000 0.000000 -1.000000
vn 0.000000 0.000000 -1.000000
vn 0.000000 0.000000 -1.000000
vn 0.000000 0.000000 -1.000000
vn 0.000000 0.000000 -1.000000
vn 0.000000 0.000000 -1.000000
vn 0.000000 0.000000 -1.000000
vn 0.000000 0.000000 -1.000000
vn 0.000000 0.000000 -1.000000
vn 0.000000 0.000000 -1.000000
vn 0.000000 0.000000 -1.000000
vn 0.000000 0.000000 -1.000000
vn 0.000000 0.000000 -1.000000
vn 0.000000 0.000000 -1.000000
vn 0.000000 0.000000 -1.000000
vn 0.000000 0.000000 -1.000000
vn 0.000000 0.000000 -1.000000
vn 0.000000 0.000000 -1.000000
vn 0.000000 0.000000 -1.000000
vn 0.000000 -1.000000 0.000000
vn 0.000000 -1.000000 0.000000
vn 0.000000 -1.000000 0.000000
vn 0.000000 -1.000000 0.000000
vn 0.000000 -1.000000 0.000000
vn 0.000000 -1.000000 0.000000
vn 0.000000 -1.000000 0.000000
vn 0.000000 -1.000000 0.000000
vn 0.000000 -1.000000 0.000000
vn 0.000000 -1.000000 0.000000
vn 0.000000 -1.000000 0.000000
vn 0.000000 -1.000000 0.000000
vn 0.000000 -1.000000 0.000000
vn 0.000000 -1.000000 0.000000
vn 0.000000 -1.000000 0.000000
vn 0.000000 -1.000000 0.000000
vn 0.000000 -1.000000 0.000000
vn 0.000000 -1.000000 0.000000
vn 0.000000 -1.000000 0.000000
vn 0.000000 -1.000000 0.000000
vn 0.000000 -1.000000 0.000000
vn 0.000000 -1.000000 0.000000
vn 0.000000 -1.000000 0.000000
vn 0.000000 -1.000000 0.000000
vn 0.000000 -1.000000 0.000000
vn 0.000000 -1.000000 0.000000
vn 0.000000 -1.000000 0.000000
vn 0.000000 -1.000000 0.000000
vn 0.000000 -1.000000 0.000000
vn 0.000000 -1.000000 0.000000
vn 0.000000 -1.000000 0.000000
vn 0.000000 -1.000000 0.000000
vn 1.000000 0.000000 0.000000
vn 1.000000 0.000000 0.000000
vn 1.000000 0.000000 0.000000
vn 1.000000 0.000000 0.000000
vn 1.000000 0.000000 0.000000
vn 1.000000 0.000000 0.000000
vn 1.000000 0.000000 0.000000
vn 1.000000 0.000000 0.000000
vn 1.000000 0.000000 0.000000
vn 1.000000 0.000000 0.000000
vn 1.000000 0.000000 0.000000
vn 1.000000 0.000000 0.000000
vn 1.000000 0.000000 0.000000
vn 1.000000 0.000000 0.000000
vn 1.000000 0.000000 0.000000
vn 1.000000 0.000000 0.000000
vn 1.000000 0.000000 0.000000
vn 1.000000 0.000000 0.000000
vn 1.000000 0.000000 0.000000
vn 1.000000 0.000000 0.000000
vn 1.000000 0.000000 0.000000
vn 1.000000 0.000000 0.000000
vn 1.000000 0.000000 0.000000
vn 1.000000 0.000000 0.000000
vn 1.000000 0.000000 0.000000
vn 1.000000 0.000000 0.000000
vn 1.000000 0.000000 0.000000
vn 1.000000 0.000000 0.000000
vn 1.000000 0.000000 0.000000
vn 1.000000 0.000000 0.000000
vn 1.000000 0.000000 0.000000
vn 1.000000 0.000000 0.000000
vn -1.000000 0.000000 0.000000
vn -1.000000 0.000000 0.000000
vn -1.000000 0.000000 0.000000
vn -1.000000 0.000000 0.000000
vn -1.000000 0.000000 0.000000
vn -1.000000 0.000000 0.000000
vn -1.000000 0.000000 0.000000
vn -1.000000 0.000000 0.000000
vn -1.000000 0.000000 0.000000
vn -1.000000 0.000000 0.000000
vn -1.000000 0.000000 0.000000
vn -1.000000 0.000000 0.000000
vn -1.000000 0.000000 0.000000
vn -1.000000 0.000000 0.000000
vn -1.000000 0.000000 0.000000
vn -1.000000 0.000000 0.000000
vn -1.000000 0.000000 0.000000
vn -1.000000 0.000000 0.000000
vn -1.000000 0.000000 0.000000
vn -1.000000 0.000000 0.000000
vn -1.000000 0.000000 0.000000
vn -1.000000 0.000000 0.000000
vn -1.000000 0.000000 0.000000
vn -1.000000 0.000000 0.000000
vn -1.000000 0.000000 0.000000
vn -1.000000 0.000000 0.000000
vn -1.000000 0.000000 0.000000
vn -1.000000 0.000000 0.000000
vn -1.000000 0.000000 0.000000
vn -1.000000 0.000000 0.000000
vn -1.000000 0.000000 0.000000
vn -1.000000 0.000000 0.000000
s 1
g pCube1
usemtl initialShadingGroup
f 1/1/1 2/2/2 18/18/3 17/17/4
f 2/2/2 3/3/5 19/19/6 18/18/3
f 3/3/5 4/4/7 20/20/8 19/19/6
f 4/4/7 5/5/9 21/21/10 20/20/8
f 5/5/9 6/6/11 22/22/12 21/21/10
f 6/6/11 7/7/13 23/23/14 22/22/12
f 7/7/13 8/8/15 24/24/16 23/23/14
f 8/8/15 9/9/17 25/25/18 24/24/16
f 9/9/17 10/10/19 26/26/20 25/25/18
f 10/10/19 11/11/21 27/27/22 26/26/20
f 11/11/21 12/12/23 28/28/24 27/27/22
f 12/12/23 13/13/25 29/29/26 28/28/24
f 13/13/25 14/14/27 30/30/28 29/29/26
f 14/14/27 15/15/29 31/31/30 30/30/28
f 15/15/29 16/16/31 32/32/32 31/31/30
f 17/17/4 18/18/3 34/34/33 33/33/34
f 18/18/3 19/19/6 35/35/35 34/34/33
f 19/19/6 20/20/8 36/36/36 35/35/35
f 20/20/8 21/21/10 37/37/37 36/36/36
f 21/21/10 22/22/12 38/38/38 37/37/37
f 22/22/12 23/23/14 39/39/39 38/38/38
f 23/23/14 24/24/16 40/40/40 39/39/39
f 24/24/16 25/25/18 41/41/41 40/40/40
f 25/25/18 26/26/20 42/42/42 41/41/41
f 26/26/20 27/27/22 43/43/43 42/42/42
f 27/27/22 28/28/24 44/44/44 43/43/43
f 28/28/24 29/29/26 45/45/45 44/44/44
f 29/29/26 30/30/28 46/46/46 45/45/45
f 30/30/28 31/31/30 47/47/47 46/46/46
f 31/31/30 32/32/32 48/48/48 47/47/47
f 33/33/34 34/34/33 50/50/49 49/49/50
f 34/34/33 35/35/35 51/51/51 50/50/49
f 35/35/35 36/36/36 52/52/52 51/51/51
f 36/36/36 37/37/37 53/53/53 52/52/52
f 37/37/37 38/38/38 54/54/54 53/53/53
f 38/38/38 39/39/39 55/55/55 54/54/54
f 39/39/39 40/40/40 56/56/56 55/55/55
f 40/40/40 41/41/41 57/57/57 56/56/56
f 41/41/41 42/42/42 58/58/58 57/57/57
f 42/42/42 43/43/43 59/59/59 58/58/58
f 43/43/43 44/44/44 60/60/60 59/59/59
f 44/44/44 45/45/45 61/61/61 60/60/60
f 45/45/45 46/46/46 62/62/62 61/61/61
f 46/46/46 47/47/47 63/63/63 62/62/62
f 47/47/47 48/48/48 64/64/64 63/63/63
f 49/49/50 50/50/49 66/66/65 65/65/66
f 50/50/49 51/51/51 67/67/67 66/66/65
f 51/51/51 52/52/52 68/68/68 67/67/67
f 52/52/52 53/53/53 69/69/69 68/68/68
f 53/53/53 54/54/54 70/70/70 69/69/69
f 54/54/54 55/55/55 71/71/71 70/70/70
f 55/55/55 56/56/56 72/72/72 71/71/71
f 56/56/56 57/57/57 73/73/73 72/72/72
f 57/57/57 58/58/58 74/74/74 73/73/73
f 58/58/58 59/59/59 75/75/75 74/74/74
f 59/59/59 60/60/60 76/76/76 75/75/75
f 60/60/60 61/61/61 77/77/77 76/76/76
f 61/61/61 62/62/62 78/78/78 77/77/77
f 62/62/62 63/63/63 79/79/79 78/78/78
f 63/63/63 64/64/64 80/80/80 79/79/79
f 65/65/66 66/66/65 82/82/81 81/81/82
f 66/66/65 67/67/67 83/83/83 82/82/81
f 67/67/67 68/68/68 84/84/84 83/83/83
f 68/68/68 69/69/69 85/85/85 84/84/84
f 69/69/69 70/70/70 86/86/86 85/85/85
f 70/70/70 71/71/71 87/87/87 86/86/86
f 71/71/71 72/72/72 88/88/88 87/87/87
f 72/72/72 73/73/73 89/89/89 88/88/88
f 73/73/73 74/74/74 90/90/90 89/89/89
f 74/74/74 75/75/75 91/91/91 90/90/90
f 75/75/75 76/76/76 92/92/92 91/91/91
f 76/76/76 77/77/77 93/93/93 92/92/92
f 77/77/77 78/78/78 94/94/94 93/93/93
f 78/78/78 79/79/79 95/95/95 94/94/94
f 79/79/79 80/80/80 96/96/96 95/95/95
f 81/81/82 82/82/81 98/98/97 97/97/98
f 82/82/81 83/83/83 99/99/99 98/98/97
f 83/83/83 84/84/84 100/100/100 99/99/99
f 84/84/84 85/85/85 101/101/101 100/100/100
f 85/85/85 86/86/86 102/102/102 101/101/101
f 86/86/86 87/87/87 103/103/103 102/102/102
f 87/87/87 88/88/88 104/104/104 103/103/103
f 88/88/88 89/89/89 105/105/105 104/104/104
f 89/89/89 90/90/90 106/106/106 105/105/105
f 90/90/90 91/91/91 107/107/107 106/106/106
f 91/91/91 92/92/92 108/108/108 107/107/107
f 92/92/92 93/93/93 109/109/109 108/108/108
f 93/93/93 94/94/94 110/110/110 109/109/109
f 94/94/94 95/95/95 111/111/111 110/110/110
f 95/95/95 96/96/96 112/112/112 111/111/111
f 97/97/98 98/98/97 114/114/113 113/113/114
f 98/98/97 99/99/99 115/115/115 114/114/113
f 99/99/99 100/100/100 116/116/116 115/115/115
f 100/100/100 101/101/101 117/117/117 116/116/116
f 101/101/101 102/102/102 118/118/118 117/117/117
f 102/102/102 103/103/103 119/119/119 118/118/118
f 103/103/103 104/104/104 120/120/120 119/119/119
f 104/104/104 105/105/105 121/121/121 120/120/120
f 105/105/105 106/106/106 122/122/122 121/121/121
f 106/106/106 107/107/107 123/123/123 122/122/122
f 107/107/107 108/108/108 124/124/124 123/123/123
f 108/108/108 109/109/109 125/125/125 124/124/124
f 109/109/109 110/110/110 126/126/126 125/125/125
f 110/110/110 111/111/111 127/127/127 126/126/126
f 111/111/111 112/112/112 128/128/128 127/127/127
f 113/113/114 114/114/113 130/130/129 129/129/130
f 114/114/113 115/115/115 131/131/131 130/130/129
f 115/115/115 116/116/116 132/132/132 131/131/131
f 116/116/116 117/117/117 133/133/133 132/132/132
f 117/117/117 118/118/118 134/134/134 133/133/133
f 118/118/118 119/119/119 135/135/135 134/134/134
f 119/119/119 120/120/120 136/136/136 135/135/135
f 120/120/120 121/121/121 137/137/137 136/136/136
f 121/121/121 122/122/122 138/138/138 137/137/137
f 122/122/122 123/123/123 139/139/139 138/138/138
f 123/123/123 124/124/124 140/140/140 139/139/139
f 124/124/124 125/125/125 141/141/141 140/140/140
f 125/125/125 126/126/126 142/142/142 141/141/141
f 126/126/126 127/127/127 143/143/143 142/142/142
f 127/127/127 128/128/128 144/144/144 143/143/143
f 129/129/130 130/130/129 146/146/145 145/145/146
f 130/130/129 131/131/131 147/147/147 146/146/145
f 131/131/131 132/132/132 148/148/148 147/147/147
f 132/132/132 133/133/133 149/149/149 148/148/148
f 133/133/133 134/134/134 150/150/150 149/149/149
f 134/134/134 135/135/135 151/151/151 150/150/150
f 135/135/135 136/136/136 152/152/152 151/151/151
f 136/136/136 137/137/137 153/153/153 152/152/152
f 137/137/137 138/138/138 154/154/154 153/153/153
f 138/138/138 139/139/139 155/155/155 154/154/154
f 139/139/139 140/140/140 156/156/156 155/155/155
f 140/140/140 141/141/141 157/157/157 156/156/156
f 141/141/141 142/142/142 158/158/158 157/157/157
f 142/142/142 143/143/143 159/159/159 158/158/158
f 143/143/143 144/144/144 160/160/160 159/159/159
f 145/145/146 146/146/145 162/162/161 161/161/162
f 146/146/145 147/147/147 163/163/163 162/162/161
f 147/147/147 148/148/148 164/164/164 163/163/163
f 148/148/148 149/149/149 165/165/165 164/164/164
f 149/149/149 150/150/150 166/166/166 165/165/165
f 150/150/150 151/151/151 167/167/167 166/166/166
f 151/151/151 152/152/152 168/168/168 167/167/167
f 152/152/152 153/153/153 169/169/169 168/168/168
f 153/153/153 154/154/154 170/170/170 169/169/169
f 154/154/154 155/155/155 171/171/171 170/170/170
f 155/155/155 156/156/156 172/172/172 171/171/171
f 156/156/156 157/157/157 173/173/173 172/172/172
f 157/157/157 158/158/158 174/174/174 173/173/173
f 158/158/158 159/159/159 175/175/175 174/174/174
f 159/159/159 160/160/160 176/176/176 175/175/175
f 161/161/162 162/162/161 178/178/177 177/177/178
f 162/162/161 163/163/163 179/179/179 178/178/177
f 163/163/163 164/164/164 180/180/180 179/179/179
f 164/164/164 165/165/165 181/181/181 180/180/180
f 165/165/165 166/166/166 182/182/182 181/181/181
f 166/166/166 167/167/167 183/183/183 182/182/182
f 167/167/167 168/168/168 184/184/184 183/183/183
f 168/168/168 169/169/169 185/185/185 184/184/184
f 169/169/169 170/170/170 186/186/186 185/185/185
f 170/170/170 171/171/171 187/187/187 186/186/186
f 171/171/171 172/172/172 188/188/188 187/187/187
f 172/172/172 173/173/173 189/189/189 188/188/188
f 173/173/173 174/174/174 190/190/190 189/189/189
f 174/174/174 175/175/175 191/191/191 190/190/190
f 175/175/175 176/176/176 192/192/192 191/191/191
f 177/177/178 178/178/177 194/194/193 193/193/194
f 178/178/177 179/179/179 195/195/195 194/194/193
f 179/179/179 180/180/180 196/196/196 195/195/195
f 180/180/180 181/181/181 197/197/197 196/196/196
f 181/181/181 182/182/182 198/198/198 197/197/197
f 182/182/182 183/183/183 199/199/199 198/198/198
f 183/183/183 184/184/184 200/200/200 199/199/199
f 184/184/184 185/185/185 201/201/201 200/200/200
f 185/185/185 186/186/186 202/202/202 201/201/201
f 186/186/186 187/187/187 203/203/203 202/202/202
f 187/187/187 188/188/188 204/204/204 203/203/203
f 188/188/188 189/189/189 205/205/205 204/204/204
f 189/189/189 190/190/190 206/206/206 205/205/205
f 190/190/190 191/191/191 207/207/207 206/206/206
f 191/191/191 192/192/192 208/208/208 207/207/207
f 193/193/194 194/194/193 210/210/209 209/209/210
f 194/194/193 195/195/195 211/211/211 210/210/209
f 195/195/195 196/196/196 212/212/212 211/211/211
f 196/196/196 197/197/197 213/213/213 212/212/212
f 197/197/197 198/198/198 214/214/214 213/213/213
f 198/198/198 199/199/199 215/215/215 214/214/214
f 199/199/199 200/200/200 216/216/216 215/215/215
f 200/200/200 201/201/201 217/217/217 216/216/216
f 201/201/201 202/202/202 218/218/218 217/217/217
f 202/202/202 203/203/203 219/219/219 218/218/218
f 203/203/203 204/204/204 220/220/220 219/219/219
f 204/204/204 205/205/205 221/221/221 220/220/220
f 205/205/205 206/206/206 222/222/222 221/221/221
f 206/206/206 207/207/207 223/223/223 222/222/222
f 207/207/207 208/208/208 224/224/224 223/223/223
f 209/209/210 210/210/209 226/226/225 225/225/226
f 210/210/209 211/211/211 227/227/227 226/226/225
f 211/211/211 212/212/212 228/228/228 227/227/227
f 212/212/212 213/213/213 229/229/229 228/228/228
f 213/213/213 214/214/214 230/230/230 229/229/229
f 214/214/214 215/215/215 231/231/231 230/230/230
f 215/215/215 216/216/216 232/232/232 231/231/231
f 216/216/216 217/217/217 233/233/233 232/232/232
f 217/217/217 218/218/218 234/234/234 233/233/233
f 218/218/218 219/219/219 235/235/235 234/234/234
f 219/219/219 220/220/220 236/236/236 235/235/235
f 220/220/220 221/221/221 237/237/237 236/236/236
f 221/221/221 222/222/222 238/238/238 237/237/237
f 222/222/222 223/223/223 239/239/239 238/238/238
f 223/223/223 224/224/224 240/240/240 239/239/239
f 225/225/226 226/226/225 242/242/241 241/241/242
f 226/226/225 227/227/227 243/243/243 242/242/241
f 227/227/227 228/228/228 244/244/244 243/243/243
f 228/228/228 229/229/229 245/245/245 244/244/244
f 229/229/229 230/230/230 246/246/246 245/245/245
f 230/230/230 231/231/231 247/247/247 246/246/246
f 231/231/231 232/232/232 248/248/248 247/247/247
f 232/232/232 233/233/233 249/249/249 248/248/248
f 233/233/233 234/234/234 250/250/250 249/249/249
f 234/234/234 235/235/235 251/251/251 250/250/250
f 235/235/235 236/236/236 252/252/252 251/251/251
f 236/236/236 237/237/237 253/253/253 252/252/252
f 237/237/237 238/238/238 254/254/254 253/253/253
f 238/238/238 239/239/239 255/255/255 254/254/254
f 239/239/239 240/240/240 256/256/256 255/255/255
s 2
f 241/241/257 242/242/258 258/258/259 257/257/260
f 242/242/258 243/243/261 259/259/262 258/258/259
f 243/243/261 244/244/263 260/260/264 259/259/262
f 244/244/263 245/245/265 261/261/266 260/260/264
f 245/245/265 246/246/267 262/262/268 261/261/266
f 246/246/267 247/247/269 263/263/270 262/262/268
f 247/247/269 248/248/271 264/264/272 263/263/270
f 248/248/271 249/249/273 265/265/274 264/264/272
f 249/249/273 250/250/275 266/266/276 265/265/274
f 250/250/275 251/251/277 267/267/278 266/266/276
f 251/251/277 252/252/279 268/268/280 267/267/278
f 252/252/279 253/253/281 269/269/282 268/268/280
f 253/253/281 254/254/283 270/270/284 269/269/282
f 254/254/283 255/255/285 271/271/286 270/270/284
f 255/255/285 256/256/287 272/272/288 271/271/286
s 3
f 257/257/289 258/258/290 274/274/291 273/273/292
f 258/258/290 259/259/293 275/275/294 274/274/291
f 259/259/293 260/260/295 276/276/296 275/275/294
f 260/260/295 261/261/297 277/277/298 276/276/296
f 261/261/297 262/262/299 278/278/300 277/277/298
f 262/262/299 263/263/301 279/279/302 278/278/300
f 263/263/301 264/264/303 280/280/304 279/279/302
f 264/264/303 265/265/305 281/281/306 280/280/304
f 265/265/305 266/266/307 282/282/308 281/281/306
f 266/266/307 267/267/309 283/283/310 282/282/308
f 267/267/309 268/268/311 284/284/312 283/283/310
f 268/268/311 269/269/313 285/285/314 284/284/312
f 269/269/313 270/270/315 286/286/316 285/285/314
f 270/270/315 271/271/317 287/287/318 286/286/316
f 271/271/317 272/272/319 288/288/320 287/287/318
f 273/273/292 274/274/291 290/290/321 289/289/322
f 274/274/291 275/275/294 291/291/323 290/290/321
f 275/275/294 276/276/296 292/292/324 291/291/323
f 276/276/296 277/277/298 293/293/325 292/292/324
f 277/277/298 278/278/300 294/294/326 293/293/325
f 278/278/300 279/279/302 295/295/327 294/294/326
f 279/279/302 280/280/304 296/296/328 295/295/327
f 280/280/304 281/281/306 297/297/329 296/296/328
f 281/281/306 282/282/308 298/298/330 297/297/329
f 282/282/308 283/283/310 299/299/331 298/298/330
f 283/283/310 284/284/312 300/300/332 299/299/331
f 284/284/312 285/285/314 301/301/333 300/300/332
f 285/285/314 286/286/316 302/302/334 301/301/333
f 286/286/316 287/287/318 303/303/335 302/302/334
f 287/287/318 288/288/320 304/304/336 303/303/335
f 289/289/322 290/290/321 306/306/337 305/305/338
f 290/290/321 291/291/323 307/307/339 306/306/337
f 291/291/323 292/292/324 308/308/340 307/307/339
f 292/292/324 293/293/325 309/309/341 308/308/340
f 293/293/325 294/294/326 310/310/342 309/309/341
f 294/294/326 295/295/327 311/311/343 310/310/342
f 295/295/327 296/296/328 312/312/344 311/311/343
f 296/296/328 297/297/329 313/313/345 312/312/344
f 297/297/329 298/298/330 314/314/346 313/313/345
f 298/298/330 299/299/331 315/315/347 314/314/346
f 299/299/331 300/300/332 316/316/348 315/315/347
f 300/300/332 301/301/333 317/317/349 316/316/348
f 301/301/333 302/302/334 318/318/350 317/317/349
f 302/302/334 303/303/335 319/319/351 318/318/350
f 303/303/335 304/304/336 320/320/352 319/319/351
f 305/305/338 306/306/337 322/322/353 321/321/354
f 306/306/337 307/307/339 323/323/355 322/322/353
f 307/307/339 308/308/340 324/324/356 323/323/355
f 308/308/340 309/309/341 325/325/357 324/324/356
f 309/309/341 310/310/342 326/326/358 325/325/357
f 310/310/342 311/311/343 327/327/359 326/326/358
f 311/311/343 312/312/344 328/328/360 327/327/359
f 312/312/344 313/313/345 329/329/361 328/328/360
f 313/313/345 314/314/346 330/330/362 329/329/361
f 314/314/346 315/315/347 331/331/363 330/330/362
f 315/315/347 316/316/348 332/332/364 331/331/363
f 316/316/348 317/317/349 333/333/365 332/332/364
f 317/317/349 318/318/350 334/334/366 333/333/365
f 318/318/350 319/319/351 335/335/367 334/334/366
f 319/319/351 320/320/352 336/336/368 335/335/367
f 321/321/354 322/322/353 338/338/369 337/337/370
f 322/322/353 323/323/355 339/339/371 338/338/369
f 323/323/355 324/324/356 340/340/372 339/339/371
f 324/324/356 325/325/357 341/341/373 340/340/372
f 325/325/357 326/326/358 342/342/374 341/341/373
f 326/326/358 327/327/359 343/343/375 342/342/374
f 327/327/359 328/328/360 344/344/376 343/343/375
f 328/328/360 329/329/361 345/345/377 344/344/376
f 329/329/361 330/330/362 346/346/378 345/345/377
f 330/330/362 331/331/363 347/347/379 346/346/378
f 331/331/363 332/332/364 348/348/380 347/347/379
f 332/332/364 333/333/365 349/349/381 348/348/380
f 333/333/365 334/334/366 350/350/382 349/349/381
f 334/334/366 335/335/367 351/351/383 350/350/382
f 335/335/367 336/336/368 352/352/384 351/351/383
f 337/337/370 338/338/369 354/354/385 353/353/386
f 338/338/369 339/339/371 355/355/387 354/354/385
f 339/339/371 340/340/372 356/356/388 355/355/387
f 340/340/372 341/341/373 357/357/389 356/356/388
f 341/341/373 342/342/374 358/358/390 357/357/389
f 342/342/374 343/343/375 359/359/391 358/358/390
f 343/343/375 344/344/376 360/360/392 359/359/391
f 344/344/376 345/345/377 361/361/393 360/360/392
f 345/345/377 346/346/378 362/362/394 361/361/393
f 346/346/378 347/347/379 363/363/395 362/362/394
f 347/347/379 348/348/380 364/364/396 363/363/395
f 348/348/380 349/349/381 365/365/397 364/364/396
f 349/349/381 350/350/382 366/366/398 365/365/397
f 350/350/382 351/351/383 367/367/399 366/366/398
f 351/351/383 352/352/384 368/368/400 367/367/399
f 353/353/386 354/354/385 370/370/401 369/369/402
f 354/354/385 355/355/387 371/371/403 370/370/401
f 355/355/387 356/356/388 372/372/404 371/371/403
f 356/356/388 357/357/389 373/373/405 372/372/404
f 357/357/389 358/358/390 374/374/406 373/373/405
f 358/358/390 359/359/391 375/375/407 374/374/406
f 359/359/391 360/360/392 376/376/408 375/375/407
f 360/360/392 361/361/393 377/377/409 376/376/408
f 361/361/393 362/362/394 378/378/410 377/377/409
f 362/362/394 363/363/395 379/379/411 378/378/410
f 363/363/395 364/364/396 380/380/412 379/379/411
f 364/364/396 365/365/397 381/381/413 380/380/412
f 365/365/397 366/366/398 382/382/414 381/381/413
f 366/366/398 367/367/399 383/383/415 382/382/414
f 367/367/399 368/368/400 384/384/416 383/383/415
f 369/369/402 370/370/401 386/386/417 385/385/418
f 370/370/401 371/371/403 387/387/419 386/386/417
f 371/371/403 372/372/404 388/388/420 387/387/419
f 372/372/404 373/373/405 389/389/421 388/388/420
f 373/373/405 374/374/406 390/390/422 389/389/421
f 374/374/406 375/375/407 391/391/423 390/390/422
f 375/375/407 376/376/408 392/392/424 391/391/423
f 376/376/408 377/377/409 393/393/425 392/392/424
f 377/377/409 378/378/410 394/394/426 393/393/425
f 378/378/410 379/379/411 395/395/427 394/394/426
f 379/379/411 380/380/412 396/396/428 395/395/427
f 380/380/412 381/381/413 397/397/429 396/396/428
f 381/381/413 382/382/414 398/398/430 397/397/429
f 382/382/414 383/383/415 399/399/431 398/398/430
f 383/383/415 384/384/416 400/400/432 399/399/431
f 385/385/418 386/386/417 402/402/433 401/401/434
f 386/386/417 387/387/419 403/403/435 402/402/433
f 387/387/419 388/388/420 404/404/436 403/403/435
f 388/388/420 389/389/421 405/405/437 404/404/436
f 389/389/421 390/390/422 406/406/438 405/405/437
f 390/390/422 391/391/423 407/407/439 406/406/438
f 391/391/423 392/392/424 408/408/440 407/407/439
f 392/392/424 393/393/425 409/409/441 408/408/440
f 393/393/425 394/394/426 410/410/442 409/409/441
f 394/394/426 395/395/427 411/411/443 410/410/442
f 395/395/427 396/396/428 412/412/444 411/411/443
f 396/396/428 397/397/429 413/413/445 412/412/444
f 397/397/429 398/398/430 414/414/446 413/413/445
f 398/398/430 399/399/431 415/415/447 414/414/446
f 399/399/431 400/400/432 416/416/448 415/415/447
f 401/401/434 402/402/433 418/418/449 417/417/450
f 402/402/433 403/403/435 419/419/451 418/418/449
f 403/403/435 404/404/436 420/420/452 419/419/451
f 404/404/436 405/405/437 421/421/453 420/420/452
f 405/405/437 406/406/438 422/422/454 421/421/453
f 406/406/438 407/407/439 423/423/455 422/422/454
f 407/407/439 408/408/440 424/424/456 423/423/455
f 408/408/440 409/409/441 425/425/457 424/424/456
f 409/409/441 410/410/442 426/426/458 425/425/457
f 410/410/442 411/411/443 427/427/459 426/426/458
f 411/411/443 412/412/444 428/428/460 427/427/459
f 412/412/444 413/413/445 429/429/461 428/428/460
f 413/413/445 414/414/446 430/430/462 429/429/461
f 414/414/446 415/415/447 431/431/463 430/430/462
f 415/415/447 416/416/448 432/432/464 431/431/463
f 417/417/450 418/418/449 434/434/465 433/433/466
f 418/418/449 419/419/451 435/435/467 434/434/465
f 419/419/451 420/420/452 436/436/468 435/435/467
f 420/420/452 421/421/453 437/437/469 436/436/468
f 421/421/453 422/422/454 438/438/470 437/437/469
f 422/422/454 423/423/455 439/439/471 438/438/470
f 423/423/455 424/424/456 440/440/472 439/439/471
f 424/424/456 425/425/457 441/441/473 440/440/472
f 425/425/457 426/426/458 442/442/474 441/441/473
f 426/426/458 427/427/459 443/443/475 442/442/474
f 427/427/459 428/428/460 444/444/476 443/443/475
f 428/428/460 429/429/461 445/445/477 444/444/476
f 429/429/461 430/430/462 446/446/478 445/445/477
f 430/430/462 431/431/463 447/447/479 446/446/478
f 431/431/463 432/432/464 448/448/480 447/447/479
f 433/433/466 434/434/465 450/450/481 449/449/482
f 434/434/465 435/435/467 451/451/483 450/450/481
f 435/435/467 436/436/468 452/452/484 451/451/483
f 436/436/468 437/437/469 453/453/485 452/452/484
f 437/437/469 438/438/470 454/454/486 453/453/485
f 438/438/470 439/439/471 455/455/487 454/454/486
f 439/439/471 440/440/472 456/456/488 455/455/487
f 440/440/472 441/441/473 457/457/489 456/456/488
f 441/441/473 442/442/474 458/458/490 457/457/489
f 442/442/474 443/443/475 459/459/491 458/458/490
f 443/443/475 444/444/476 460/460/492 459/459/491
f 444/444/476 445/445/477 461/461/493 460/460/492
f 445/445/477 446/446/478 462/462/494 461/461/493
f 446/446/478 447/447/479 463/463/495 462/462/494
f 447/447/479 448/448/480 464/464/496 463/463/495
f 449/449/482 450/450/481 466/466/497 465/465/498
f 450/450/481 451/451/483 467/467/499 466/466/497
f 451/451/483 452/452/484 468/468/500 467/467/499
f 452/452/484 453/453/485 469/469/501 468/468/500
f 453/453/485 454/454/486 470/470/502 469/469/501
f 454/454/486 455/455/487 471/471/503 470/470/502
f 455/455/487 456/456/488 472/472/504 471/471/503
f 456/456/488 457/457/489 473/473/505 472/472/504
f 457/457/489 458/458/490 474/474/506 473/473/505
f 458/458/490 459/459/491 475/475/507 474/474/506
f 459/459/491 460/460/492 476/476/508 475/475/507
f 460/460/492 461/461/493 477/477/509 476/476/508
f 461/461/493 462/462/494 478/478/510 477/477/509
f 462/462/494 463/463/495 479/479/511 478/478/510
f 463/463/495 464/464/496 480/480/512 479/479/511
f 465/465/498 466/466/497 482/482/513 481/481/514
f 466/466/497 467/467/499 483/483/515 482/482/513
f 467/467/499 468/468/500 484/484/516 483/483/515
f 468/468/500 469/469/501 485/485/517 484/484/516
f 469/469/501 470/470/502 486/486/518 485/485/517
f 470/470/502 471/471/503 487/487/519 486/486/518
f 471/471/503 472/472/504 488/488/520 487/487/519
f 472/472/504 473/473/505 489/489/521 488/488/520
f 473/473/505 474/474/506 490/490/522 489/489/521
f 474/474/506 475/475/507 491/491/523 490/490/522
f 475/475/507 476/476/508 492/492/524 491/491/523
f 476/476/508 477/477/509 493/493/525 492/492/524
f 477/477/509 478/478/510 494/494/526 493/493/525
f 478/478/510 479/479/511 495/495/527 494/494/526
f 479/479/511 480/480/512 496/496/528 495/495/527
f 481/481/514 482/482/513 498/498/529 497/497/530
f 482/482/513 483/483/515 499/499/531 498/498/529
f 483/483/515 484/484/516 500/500/532 499/499/531
f 484/484/516 485/485/517 501/501/533 500/500/532
f 485/485/517 486/486/518 502/502/534 501/501/533
f 486/486/518 487/487/519 503/503/535 502/502/534
f 487/487/519 488/488/520 504/504/536 503/503/535
f 488/488/520 489/489/521 505/505/537 504/504/536
f 489/489/521 490/490/522 506/506/538 505/505/537
f 490/490/522 491/491/523 507/507/539 506/506/538
f 491/491/523 492/492/524 508/508/540 507/507/539
f 492/492/524 493/493/525 509/509/541 508/508/540
f 493/493/525 494/494/526 510/510/542 509/509/541
f 494/494/526 495/495/527 511/511/543 510/510/542
f 495/495/527 496/496/528 512/512/544 511/511/543
s 4
f 497/497/545 498/498/546 2/514/547 1/513/548
f 498/498/546 499/499/549 3/515/550 2/514/547
f 499/499/549 500/500/551 4/516/552 3/515/550
f 500/500/551 501/501/553 5/517/554 4/516/552
f 501/501/553 502/502/555 6/518/556 5/517/554
f 502/502/555 503/503/557 7/519/558 6/518/556
f 503/503/557 504/504/559 8/520/560 7/519/558
f 504/504/559 505/505/561 9/521/562 8/520/560
f 505/505/561 506/506/563 10/522/564 9/521/562
f 506/506/563 507/507/565 11/523/566 10/522/564
f 507/507/565 508/508/567 12/524/568 11/523/566
f 508/508/567 509/509/569 13/525/570 12/524/568
f 509/509/569 510/510/571 14/526/572 13/525/570
f 510/510/571 511/511/573 15/527/574 14/526/572
f 511/511/573 512/512/575 16/528/576 15/527/574
s 5
f 16/16/577 512/529/578 496/530/579 32/32/580
f 32/32/580 496/530/579 480/531/581 48/48/582
f 48/48/582 480/531/581 464/532/583 64/64/584
f 64/64/584 464/532/583 448/533/585 80/80/586
f 80/80/586 448/533/585 432/534/587 96/96/588
f 96/96/588 432/534/587 416/535/589 112/112/590
f 112/112/590 416/535/589 400/536/591 128/128/592
f 128/128/592 400/536/591 384/537/593 144/144/594
f 144/144/594 384/537/593 368/538/595 160/160/596
f 160/160/596 368/538/595 352/539/597 176/176/598
f 176/176/598 352/539/597 336/540/599 192/192/600
f 192/192/600 336/540/599 320/541/601 208/208/602
f 208/208/602 320/541/601 304/542/603 224/224/604
f 224/224/604 304/542/603 288/543/605 240/240/606
f 240/240/606 288/543/605 272/544/607 256/256/608
s 6
f 497/545/609 1/1/610 17/17/611 481/546/612
f 481/546/612 17/17/611 33/33/613 465/547/614
f 465/547/614 33/33/613 49/49/615 449/548/616
f 449/548/616 49/49/615 65/65/617 433/549/618
f 433/549/618 65/65/617 81/81/619 417/550/620
f 417/550/620 81/81/619 97/97/621 401/551/622
f 401/551/622 97/97/621 113/113/623 385/552/624
f 385/552/624 113/113/623 129/129/625 369/553/626
f 369/553/626 129/129/625 145/145/627 353/554/628
f 353/554/628 145/145/627 161/161/629 337/555/630
f 337/555/630 161/161/629 177/177/631 321/556/632
f 321/556/632 177/177/631 193/193/633 305/557/634
f 305/557/634 193/193/633 209/209/635 289/558/636
f 289/558/636 209/209/635 225/225/637 273/559/638
f 273/559/638 225/225/637 241/241/639 257/560/640
g default
v 5.753349 4.417414 -0.042792
v 5.536327 4.579842 0.023472
v 5.533718 4.581796 0.024269
v 5.313938 4.307080 0.115309
v 5.743668 4.340451 -0.035247
v 5.611576 3.290510 0.067690
v 5.737400 4.290637 -0.030363
v 5.440323 2.842327 0.151387
v 5.576626 3.012698 0.094926
v 5.556324 2.851335 0.110746
v 5.490200 2.325761 0.162274
v 5.549961 2.800749 0.115706
v 5.487053 2.300744 0.164726
v 5.334377 1.087164 0.283706
v 4.812225 0.434490 0.500000
v 4.831905 0.309486 0.500000
v 4.880268 0.002319 0.500000
v 5.197891 0.002319 0.390064
v 5.306557 0.866034 0.305385
v 5.362518 1.310863 0.261774
v 5.368980 1.362219 0.256739
v 4.674648 1.308302 0.500000
v 4.711056 1.077047 0.500000
v 4.739307 0.897604 0.500000
v 4.795662 0.539679 0.500000
v 5.459064 2.078271 0.186538
v 5.459717 2.083449 0.186030
v 5.472340 2.183779 0.176194
v 4.598743 1.790380 0.500000
v 4.626450 1.614412 0.500000
v 4.646713 1.485722 0.500000
v 4.457237 2.689144 0.500000
v 4.461517 2.661957 0.500000
v 4.541843 2.151779 0.500000
v 4.554115 2.073839 0.500000
v 4.445286 2.765057 0.500000
v 4.411915 2.976999 0.500000
v 4.385265 3.146267 0.500000
v 4.276325 3.838191 0.500000
v 4.288025 3.763874 0.500000
v 4.368923 3.250074 0.500000
v 4.372631 3.226509 0.500000
v 4.215927 4.221814 0.500000
v 3.986565 5.678574 0.500000
v 4.060608 5.684323 0.474058
v 3.975647 5.747912 0.500000
v 4.701160 5.204910 0.278476
v 4.154118 5.614338 0.445507
v 3.998535 5.602542 0.500000
v 4.034206 5.375970 0.500000
v 4.091133 5.014425 0.500000
v 4.118813 4.838605 0.500000
v 4.171787 4.502157 0.500000
v 4.721703 5.189536 0.272204
v 4.183727 4.426308 0.500000
v 4.203419 4.301240 0.500000
v 5.273426 4.776606 0.103745
v 5.524582 4.588632 0.027058
v 5.507275 4.601585 0.032343
v 3.539177 0.480658 0.500000
v 3.571434 0.002319 0.500000
v 4.411915 0.002319 0.500000
v 4.411915 0.539679 0.500000
v 3.535585 0.533907 0.500000
v 3.535196 0.539679 0.500000
v 3.501549 1.038649 0.500000
v 3.500086 1.060347 0.500000
v 4.411915 1.077047 0.500000
v 3.498960 1.077047 0.500000
v 3.463923 1.596638 0.500000
v 3.462725 1.614412 0.500000
v 4.411915 1.614412 0.500000
v 3.427137 2.142164 0.500000
v 3.431490 2.077585 0.500000
v 3.431490 2.151779 0.500000
v 3.426489 2.151779 0.500000
v 3.434845 2.027863 0.500000
v 4.411915 2.151779 0.500000
v 3.426296 2.154625 0.500000
v 3.422943 2.204357 0.500000
v 3.431490 2.689144 0.500000
v 3.390253 2.689144 0.500000
v 4.411915 2.689144 0.500000
v 3.388670 2.712614 0.500000
v 3.354187 3.223982 0.500000
v 3.431490 3.226509 0.500000
v 3.354015 3.226509 0.500000
v 3.351044 3.270602 0.500000
v 3.317780 3.763874 0.500000
v 3.431490 3.763874 0.500000
v 3.313416 3.828590 0.500000
v 3.310301 3.874809 0.500000
v 3.431490 4.301240 0.500000
v 3.281546 4.301240 0.500000
v 3.281237 4.305800 0.500000
v 3.275791 4.386578 0.500000
v 3.245310 4.838605 0.500000
v 3.431490 4.838605 0.500000
v 3.238163 4.944567 0.500000
v 3.227823 5.097896 0.500000
v 3.431490 5.375970 0.500000
v 3.209072 5.375970 0.500000
v 3.208286 5.387618 0.500000
v 3.200537 5.502555 0.500000
v 3.197657 5.545260 0.500000
v 3.431490 5.913336 0.500000
v 3.172836 5.913336 0.500000
v 3.868893 5.810963 0.500000
v 3.695560 5.913336 0.500000
v 3.162910 6.060543 0.500000
v 3.431490 6.069300 0.500000
v 3.151155 6.234869 0.500000
v 3.560932 5.992849 0.500000
v 2.906803 5.862307 -0.500000
v 3.114536 5.739615 -0.500000
v 2.860151 5.600188 -0.500000
v 2.839808 5.901875 -0.500000
v 3.431490 5.552418 -0.500000
v 3.431490 5.375971 -0.500000
v 2.875271 5.375971 -0.500000
v 3.572918 5.468889 -0.500000
v 3.586445 5.460899 -0.500000
v 3.730240 5.375971 -0.500000
v 2.895096 5.081976 -0.500000
v 2.896933 5.054732 -0.500000
v 3.431490 4.838605 -0.500000
v 2.911507 4.838605 -0.500000
v 4.058353 5.182184 -0.500000
v 4.147354 5.129619 -0.500000
v 4.411915 4.973363 -0.500000
v 4.411915 4.838605 -0.500000
v 4.470753 4.938615 -0.500000
v 4.530258 4.903468 -0.500000
v 4.640083 4.838605 -0.500000
v 2.930040 4.563764 -0.500000
v 2.939425 4.424602 -0.500000
v 3.431490 4.301240 -0.500000
v 2.947742 4.301240 -0.500000
v 4.411915 4.301240 -0.500000
v 4.798409 4.745094 -0.500000
v 4.695942 4.456914 -0.500000
v 4.640591 4.301240 -0.500000
v 2.964985 4.045551 -0.500000
v 2.969883 3.972915 -0.500000
v 3.431490 3.763875 -0.500000
v 2.983978 3.763875 -0.500000
v 4.411915 3.763875 -0.500000
v 4.614315 4.227341 -0.500000
v 4.585014 4.144938 -0.500000
v 4.570427 4.103901 -0.500000
v 4.458630 3.789477 -0.500000
v 4.449524 3.763875 -0.500000
v 2.999929 3.527338 -0.500000
v 3.020214 3.226509 -0.500000
v 3.431490 3.226509 -0.500000
v 4.411915 3.658103 -0.500000
v 4.258457 3.226509 -0.500000
v 3.025860 3.142786 -0.500000
v 3.034874 3.009126 -0.500000
v 3.052067 2.754148 -0.500000
v 3.042831 2.891096 -0.500000
v 3.431490 2.689144 -0.500000
v 3.056450 2.689144 -0.500000
v 4.221313 3.122041 -0.500000
v 4.217594 3.111576 -0.500000
v 4.067390 2.689144 -0.500000
v 3.069818 2.490913 -0.500000
v 3.092686 2.151779 -0.500000
v 3.431490 2.151779 -0.500000
v 4.020027 2.555934 -0.500000
v 3.983997 2.454604 -0.500000
v 3.876324 2.151779 -0.500000
v 3.104761 1.972700 -0.500000
v 3.115782 1.809278 -0.500000
v 3.431490 1.614414 -0.500000
v 3.128922 1.614414 -0.500000
v 3.850170 2.078217 -0.500000
v 3.746681 1.787169 -0.500000
v 3.685257 1.614414 -0.500000
v 3.139706 1.454489 -0.500000
v 3.164709 1.083698 -0.500000
v 3.431490 1.077047 -0.500000
v 3.165157 1.077047 -0.500000
v 3.509367 1.119732 -0.500000
v 3.509083 1.118931 -0.500000
v 3.494190 1.077047 -0.500000
v 3.174650 0.936275 -0.500000
v 3.431490 0.900709 -0.500000
v 3.303123 0.539682 -0.500000
v 3.201395 0.539682 -0.500000
v 3.188732 0.727463 -0.500000
v 3.469627 1.007969 -0.500000
v 3.482744 1.044857 -0.500000
v 3.272051 0.452293 -0.500000
v 3.209595 0.418064 -0.500000
v 3.217611 0.299187 -0.500000
v 3.258488 0.002319 -0.437516
v 3.337269 0.002319 -0.403898
v 3.286869 0.002319 -0.352491
v 3.431490 0.002319 -0.363692
v 3.431490 0.002319 0.080767
v 3.603386 0.002319 -0.290342
v 4.028507 0.002319 -0.108934
v 3.535889 0.002319 0.393518
v 4.411915 0.002319 0.054674
v 4.719742 0.002319 0.186028
v 4.735310 0.002319 0.192672
v 4.971134 0.002319 0.293303
v 3.314390 0.861811 -0.096412
v 3.129210 4.143260 0.011723
v 2.907940 5.974743 -0.281173
v 3.239700 0.138767 -0.466235
v 4.624016 4.112476 -0.478433
v 4.926949 4.700987 -0.438458
v 5.462723 4.517140 -0.181938
v 5.595623 4.471538 -0.118310
v 4.745667 2.672049 -0.207974
v 4.867317 1.231623 0.062485
v 3.517801 1.015676 -0.480613
v 5.519817 4.583124 0.010956
v 3.765594 5.691577 0.150994
vt 0.575000 0.000000
vt 0.575000 0.016667
vt 0.575000 0.033333
vt 0.575000 0.050000
vt 0.558333 0.066667
vt 0.575000 0.066667
vt 0.558333 0.083333
vt 0.575000 0.083333
vt 0.558333 0.100000
vt 0.558333 0.116667
vt 0.558333 0.133333
vt 0.558333 0.150000
vt 0.558333 0.166667
vt 0.558333 0.183333
vt 0.558333 0.583333
vt 0.558333 0.600000
vt 0.575000 0.600000
vt 0.558333 0.616667
vt 0.575000 0.616667
vt 0.558333 0.633333
vt 0.575000 0.633333
vt 0.558333 0.650000
vt 0.558333 0.666667
vt 0.558333 0.683333
vt 0.558333 0.700000
vt 0.558333 0.716666
vt 0.575000 1.000000
vt 0.500000 0.500000
vt 0.550000 0.525000
vt 0.550000 0.537166
vt 0.550797 0.537599
vt 0.557956 0.541495
vt 0.558832 0.539799
vt 0.561405 0.534820
vt 0.564970 0.527922
vt 0.555331 0.519669
vt 0.559962 0.522188
vt 0.558142 0.521198
vt 0.550000 0.516768
vt 0.555331 0.519669
vt 0.552206 0.517968
vt 0.550099 0.516822
vt 0.506760 0.493240
vt 0.519184 0.500000
vt 0.517931 0.499318
vt 0.513428 0.496868
vt 0.509888 0.494942
vt 0.500000 0.489562
vt 0.506760 0.493240
vt 0.505673 0.492649
vt 0.501846 0.490566
vt 0.475000 0.496357
vt 0.467288 0.492161
vt 0.469491 0.493360
vt 0.477359 0.497641
vt 0.490569 0.484431
vt 0.490162 0.484209
vt 0.485762 0.481815
vt 0.482406 0.479989
vt 0.475000 0.496357
vt 0.475639 0.496705
vt 0.481695 0.500000
vt 0.500000 0.489562
vt 0.497917 0.488429
vt 0.493804 0.486191
vt 0.490569 0.484431
vt 0.477359 0.497641
vt 0.477534 0.497736
vt 0.493550 0.506450
vt 0.481695 0.500000
vt 0.483990 0.501249
vt 0.485576 0.502111
vt 0.492341 0.505792
vt 0.500000 0.509960
vt 0.493550 0.506450
vt 0.493618 0.506487
vt 0.509740 0.515260
vt 0.522950 0.502050
vt 0.521184 0.501088
vt 0.519184 0.500000
vt 0.500000 0.509960
vt 0.500692 0.510336
vt 0.501660 0.510863
vt 0.509043 0.514880
vt 0.509703 0.515239
vt 0.525000 0.523563
vt 0.525000 0.503165
vt 0.522950 0.502050
vt 0.509740 0.515260
vt 0.517393 0.519424
vt 0.517745 0.519615
vt 0.525931 0.524069
vt 0.539141 0.510859
vt 0.536695 0.509528
vt 0.534015 0.508070
vt 0.528940 0.505308
vt 0.525973 0.503694
vt 0.525000 0.503165
vt 0.525000 0.523563
vt 0.525744 0.523968
vt 0.525787 0.523991
vt 0.527641 0.525000
vt 0.550000 0.516768
vt 0.544451 0.513748
vt 0.542057 0.512446
vt 0.539141 0.510859
vt 0.525931 0.524069
vt 0.526897 0.524595
vt 0.542121 0.532879
vt 0.527641 0.525000
vt 0.533829 0.528367
vt 0.534095 0.528512
vt 0.541871 0.532743
vt 0.542446 0.533055
vt 0.549914 0.537119
vt 0.550000 0.537166
vt 0.542121 0.532879
vt 0.560108 0.973379
vt 0.560712 1.000000
vt 0.558333 0.895191
vt 0.560108 0.973379
vt 0.555875 0.786877
vt 0.558333 0.895191
vt 0.555875 0.786877
vt 0.554561 0.737105
vt 0.554422 0.733333
vt 0.554561 0.737105
vt 0.554422 0.733333
vt 0.553967 0.721033
vt 0.554207 0.727509
vt 0.553806 0.716666
vt 0.553967 0.721033
vt 0.553806 0.716666
vt 0.553373 0.704960
vt 0.553798 0.716460
vt 0.553190 0.700000
vt 0.553373 0.704960
vt 0.553190 0.700000
vt 0.552779 0.688887
vt 0.552967 0.693956
vt 0.552574 0.683333
vt 0.552779 0.688887
vt 0.552185 0.672815
vt 0.552574 0.683333
vt 0.551958 0.666667
vt 0.552185 0.672815
vt 0.551958 0.666667
vt 0.551591 0.656742
vt 0.551726 0.660403
vt 0.551883 0.664650
vt 0.551591 0.656742
vt 0.551342 0.650000
vt 0.551438 0.652597
vt 0.550997 0.640670
vt 0.551342 0.650000
vt 0.550726 0.633333
vt 0.550997 0.640670
vt 0.550726 0.633333
vt 0.550403 0.624597
vt 0.550486 0.626850
vt 0.550110 0.616667
vt 0.550403 0.624597
vt 0.550110 0.616667
vt 0.549809 0.608524
vt 0.549969 0.612840
vt 0.549494 0.600000
vt 0.549809 0.608524
vt 0.549494 0.600000
vt 0.549215 0.592452
vt 0.549246 0.593297
vt 0.548878 0.583333
vt 0.549215 0.592452
vt 0.548621 0.576379
vt 0.548878 0.583333
vt 0.548621 0.576379
vt 0.553768 0.187899
vt 0.553936 0.183333
vt 0.553768 0.187899
vt 0.553936 0.183333
vt 0.554407 0.170593
vt 0.554358 0.171917
vt 0.554407 0.170593
vt 0.554552 0.166667
vt 0.554539 0.167028
vt 0.554552 0.166667
vt 0.555047 0.153286
vt 0.554871 0.158042
vt 0.555168 0.150000
vt 0.555047 0.153286
vt 0.555687 0.135980
vt 0.555168 0.150000
vt 0.555687 0.135980
vt 0.555784 0.133333
vt 0.555779 0.133475
vt 0.555784 0.133333
vt 0.556326 0.118674
vt 0.556273 0.120107
vt 0.556400 0.116667
vt 0.556326 0.118674
vt 0.556966 0.101368
vt 0.556400 0.116667
vt 0.557016 0.100000
vt 0.556966 0.101368
vt 0.557016 0.100000
vt 0.557605 0.084061
vt 0.557019 0.099922
vt 0.557632 0.083333
vt 0.557605 0.084061
vt 0.557632 0.083333
vt 0.558245 0.066755
vt 0.558188 0.068297
vt 0.558248 0.066667
vt 0.558245 0.066755
vt 0.558333 0.064366
vt 0.558864 0.050000
vt 0.558390 0.062823
vt 0.558248 0.066667
vt 0.558333 0.064366
vt 0.558259 0.066368
vt 0.558885 0.049449
vt 0.558864 0.050000
vt 0.559480 0.033333
vt 0.558885 0.049449
vt 0.559480 0.033333
vt 0.559524 0.032142
vt 0.559499 0.032815
vt 0.560096 0.016667
vt 0.559524 0.032142
vt 0.560164 0.014836
vt 0.560103 0.016488
vt 0.560096 0.016667
vt 0.560712 0.000000
vt 0.560164 0.014836
vt 0.450000 0.450000
vt 0.450000 0.475000
vt 0.475000 0.475000
vt 0.500000 0.475000
vt 0.500663 0.474337
vt 0.501994 0.475000
vt 0.500000 0.474007
vt 0.500663 0.474337
vt 0.494922 0.471478
vt 0.494509 0.471273
vt 0.492800 0.470422
vt 0.485830 0.466951
vt 0.484143 0.466110
vt 0.483974 0.466026
vt 0.500000 0.474007
vt 0.477151 0.462629
vt 0.475000 0.461557
vt 0.483974 0.466026
vt 0.473364 0.460742
vt 0.468473 0.458307
vt 0.467285 0.457715
vt 0.475000 0.461557
vt 0.462584 0.455374
vt 0.459794 0.453985
vt 0.451805 0.450006
vt 0.451792 0.450000
vt 0.467285 0.457715
vt 0.451116 0.449663
vt 0.450596 0.449404
vt 0.451792 0.450000
vt 0.450000 0.449108
vt 0.450596 0.449404
vt 0.448268 0.448245
vt 0.442437 0.445341
vt 0.441026 0.444638
vt 0.438553 0.443407
vt 0.435745 0.443563
vt 0.433357 0.443696
vt 0.433141 0.445136
vt 0.432883 0.446858
vt 0.432412 0.450000
vt 0.450000 0.449108
vt 0.431247 0.457770
vt 0.430197 0.464779
vt 0.429353 0.470405
vt 0.429311 0.470690
vt 0.432412 0.450000
vt 0.428664 0.475000
vt 0.429310 0.470690
vt 0.428664 0.475000
vt 0.505701 0.476846
vt 0.503187 0.475594
vt 0.501994 0.475000
vt 0.565670 0.526568
vt 0.563864 0.525000
vt 0.563864 0.525000
vt 0.561741 0.523156
vt 0.584507 0.948325
vt 0.580498 0.923168
vt 0.580233 0.921507
vt 0.580233 0.921507
vt 0.575000 0.888668
vt 0.575000 0.888668
vt 0.568482 0.847766
vt 0.568482 0.847766
vt 0.561256 0.802414
vt 0.558333 0.784077
vt 0.558333 0.784077
vt 0.556732 0.774025
vt 0.556732 0.774025
vt 0.555392 0.765621
vt 0.554698 0.740792
vt 0.555623 0.736043
vt 0.555623 0.736044
vt 0.556151 0.733333
vt 0.559205 0.717665
vt 0.559399 0.716667
vt 0.558333 0.722136
vt 0.558982 0.718809
vt 0.556151 0.733333
vt 0.558333 0.722136
vt 0.559399 0.716667
vt 0.559652 0.715367
vt 0.559657 0.715343
vt 0.559657 0.715343
vt 0.562647 0.700000
vt 0.562647 0.700000
vt 0.563691 0.694642
vt 0.563691 0.694642
vt 0.565451 0.685615
vt 0.565895 0.683333
vt 0.565895 0.683333
vt 0.567726 0.673941
vt 0.567726 0.673941
vt 0.568338 0.670798
vt 0.569143 0.666667
vt 0.569143 0.666667
vt 0.571697 0.653565
vt 0.571760 0.653240
vt 0.571760 0.653240
vt 0.572391 0.650000
vt 0.575000 0.636614
vt 0.575639 0.633333
vt 0.572391 0.650000
vt 0.575000 0.636614
vt 0.575639 0.633333
vt 0.575794 0.632539
vt 0.575794 0.632539
vt 0.577695 0.622787
vt 0.577943 0.621514
vt 0.578441 0.618959
vt 0.578887 0.616667
vt 0.578887 0.616667
vt 0.579828 0.611838
vt 0.579828 0.611838
vt 0.500000 0.500000
vt 0.525000 0.525000
vt 0.520396 0.529604
vt 0.522987 0.531839
vt 0.525000 0.533575
vt 0.520396 0.529604
vt 0.526935 0.535244
vt 0.531127 0.538859
vt 0.541612 0.528707
vt 0.544550 0.525864
vt 0.543548 0.525000
vt 0.525000 0.533575
vt 0.535703 0.518235
vt 0.533589 0.516411
vt 0.543548 0.525000
vt 0.540442 0.522322
vt 0.533386 0.516237
vt 0.531236 0.514383
vt 0.526331 0.510153
vt 0.525000 0.509005
vt 0.533589 0.516411
vt 0.525000 0.509005
vt 0.521044 0.505594
vt 0.520165 0.504835
vt 0.502545 0.497455
vt 0.512805 0.500000
vt 0.500000 0.496824
vt 0.502545 0.497455
vt 0.500000 0.496824
vt 0.520165 0.504835
vt 0.519275 0.504068
vt 0.517633 0.502652
vt 0.515266 0.500611
vt 0.512805 0.500000
vt 0.509248 0.481446
vt 0.510355 0.479164
vt 0.503486 0.493313
vt 0.504631 0.490955
vt 0.475000 0.480423
vt 0.464679 0.490741
vt 0.477891 0.477532
vt 0.475000 0.480423
vt 0.581570 0.602900
vt 0.578879 0.600000
vt 0.578879 0.600000
vt 0.577012 0.597988
vt 0.577012 0.597988
vt 0.576000 0.596898
vt 0.575000 0.595820
vt 0.575000 0.595820
vt 0.570503 0.590974
vt 0.568990 0.589344
vt 0.568990 0.589344
vt 0.563412 0.583333
vt 0.563412 0.583333
vt 0.560968 0.580699
vt 0.560968 0.580699
vt 0.560738 0.580451
vt 0.558333 0.577861
vt 0.558333 0.577861
vt 0.552945 0.572055
vt 0.548275 0.567022
vt 0.552945 0.572055
vt 0.549414 0.568249
vt 0.562822 0.183333
vt 0.558333 0.188171
vt 0.560534 0.185799
vt 0.553568 0.193306
vt 0.558333 0.188171
vt 0.562822 0.183333
vt 0.565769 0.180158
vt 0.475000 0.500000
vt 0.500000 0.500000
vt 0.500000 0.492239
vt 0.504368 0.495632
vt 0.504332 0.495588
vt 0.501292 0.491946
vt 0.477709 0.497291
vt 0.500000 0.492239
vt 0.499164 0.492428
vt 0.482373 0.496234
vt 0.475000 0.497905
vt 0.477709 0.497291
vt 0.465756 0.500000
vt 0.475000 0.497905
vt 0.474151 0.498097
vt 0.466176 0.499905
vt 0.441670 0.505459
vt 0.427169 0.508746
vt 0.427588 0.514444
vt 0.432859 0.514836
vt 0.435004 0.514996
vt 0.445382 0.504618
vt 0.445382 0.504618
vt 0.435004 0.514996
vt 0.436809 0.515130
vt 0.442952 0.515587
vt 0.446031 0.515816
vt 0.450000 0.516111
vt 0.450000 0.503571
vt 0.449138 0.503767
vt 0.450000 0.503571
vt 0.450000 0.516111
vt 0.453045 0.516338
vt 0.455253 0.516502
vt 0.458273 0.516727
vt 0.465756 0.500000
vt 0.463793 0.500445
vt 0.462108 0.500827
vt 0.462021 0.500847
vt 0.475000 0.517971
vt 0.458273 0.516727
vt 0.463138 0.517089
vt 0.464475 0.517188
vt 0.473231 0.517840
vt 0.473697 0.517874
vt 0.481542 0.518458
vt 0.475000 0.517971
vt 0.478637 0.518242
vt 0.500000 0.519831
vt 0.481542 0.518458
vt 0.482919 0.518560
vt 0.483324 0.518590
vt 0.492141 0.519246
vt 0.493417 0.519341
vt 0.526190 0.521779
vt 0.525000 0.520353
vt 0.525000 0.521691
vt 0.515741 0.509259
vt 0.504811 0.520189
vt 0.510585 0.520618
vt 0.513602 0.520843
vt 0.519807 0.521305
vt 0.523695 0.521594
vt 0.525000 0.521691
vt 0.525000 0.520354
vt 0.523690 0.518784
vt 0.516029 0.509604
vt 0.508014 0.500000
vt 0.500000 0.519831
vt 0.501363 0.519932
vt 0.503509 0.520092
vt 0.504811 0.520189
vt 0.515741 0.509259
vt 0.504739 0.496076
vt 0.504496 0.495785
vt 0.504368 0.495632
vt 0.508014 0.500000
vt 0.582140 0.009527
vt 0.582962 0.000000
vt 0.582140 0.009527
vt 0.581524 0.016667
vt 0.581805 0.013404
vt 0.580566 0.027768
vt 0.581524 0.016667
vt 0.580085 0.033333
vt 0.580566 0.027768
vt 0.580085 0.033333
vt 0.578991 0.046009
vt 0.579466 0.040506
vt 0.578647 0.050000
vt 0.578991 0.046009
vt 0.578647 0.050000
vt 0.577417 0.064249
vt 0.578176 0.055458
vt 0.577209 0.066667
vt 0.577417 0.064249
vt 0.575843 0.082490
vt 0.577209 0.066667
vt 0.575770 0.083333
vt 0.575843 0.082490
vt 0.575000 0.092261
vt 0.574332 0.100000
vt 0.574547 0.097511
vt 0.575770 0.083333
vt 0.575000 0.092261
vt 0.575567 0.085688
vt 0.574269 0.100731
vt 0.574332 0.100000
vt 0.572894 0.116667
vt 0.574269 0.100731
vt 0.572695 0.118972
vt 0.572894 0.116667
vt 0.572695 0.118972
vt 0.571456 0.133333
vt 0.571668 0.130870
vt 0.571121 0.137212
vt 0.571456 0.133333
vt 0.571121 0.137212
vt 0.570017 0.150000
vt 0.570918 0.139565
vt 0.569547 0.155453
vt 0.570018 0.150000
vt 0.568579 0.166667
vt 0.569547 0.155453
vt 0.567973 0.173694
vt 0.568579 0.166667
vt 0.567584 0.178203
vt 0.567769 0.176052
vt 0.567973 0.173694
vt 0.582962 1.000000
vt 0.588361 0.972516
vt 0.502127 0.496113
vt 0.500000 0.495626
vt 0.500836 0.495817
vt 0.483218 0.491782
vt 0.500000 0.495626
vt 0.467030 0.488074
vt 0.475000 0.489900
vt 0.467030 0.488074
vt 0.464647 0.487529
vt 0.466610 0.487978
vt 0.462964 0.487143
vt 0.464647 0.487529
vt 0.462877 0.487123
vt 0.462964 0.487143
vt 0.462877 0.487123
vt 0.450000 0.484174
vt 0.450862 0.484371
vt 0.450000 0.484174
vt 0.442536 0.482464
vt 0.446246 0.483314
vt 0.428043 0.479145
vt 0.442536 0.482464
vt 0.483218 0.491782
vt 0.475000 0.489900
vt 0.475849 0.490094
vt 0.478556 0.490714
vt 0.509642 0.514734
vt 0.509894 0.515106
vt 0.500000 0.500525
vt 0.502870 0.504755
vt 0.499788 0.500212
vt 0.500000 0.500525
vt 0.499643 0.500000
vt 0.499675 0.500047
vt 0.499788 0.500212
vt 0.496980 0.496075
vt 0.499643 0.500000
vt 0.509894 0.515106
vt 0.516609 0.525000
vt 0.518799 0.528228
vt 0.516609 0.525000
vt 0.517757 0.526691
vn 0.326642 0.051427 0.943748
vn 0.326649 0.051430 0.943745
vn 0.326651 0.051427 0.943745
vn 0.326648 0.051431 0.943746
vn 0.326647 0.051432 0.943746
vn 0.326649 0.051429 0.943746
vn 0.326644 0.051429 0.943747
vn 0.326650 0.051430 0.943745
vn 0.326649 0.051430 0.943746
vn 0.326644 0.051429 0.943747
vn 0.326649 0.051430 0.943746
vn 0.326655 0.051430 0.943743
vn 0.326641 0.051429 0.943748
vn 0.326649 0.051430 0.943746
vn 0.274407 0.043204 0.960643
vn 0.326649 0.051429 0.943745
vn 0.326649 0.051429 0.943745
vn 0.092555 0.014572 0.995601
vn 0.154414 0.024312 0.987707
vn 0.195338 0.030756 0.980254
vn 0.194167 0.030571 0.980492
vn 0.326649 0.051430 0.943746
vn 0.233701 0.036795 0.971612
vn 0.326650 0.051431 0.943745
vn 0.229374 0.036112 0.972668
vn 0.284787 0.044839 0.957542
vn 0.326647 0.051433 0.943746
vn 0.326650 0.051424 0.943745
vn 0.326649 0.051430 0.943746
vn 0.259402 0.040844 0.964905
vn 0.190325 0.029968 0.981264
vn 0.266070 0.041890 0.963043
vn 0.287048 0.045195 0.956849
vn 0.310753 0.048927 0.949231
vn 0.314611 0.049532 0.947927
vn 0.304372 0.047923 0.951347
vn 0.156419 0.024627 0.987384
vn 0.277429 0.043680 0.959753
vn 0.196721 0.030972 0.979970
vn 0.154354 0.024301 0.987717
vn 0.197129 0.031038 0.979886
vn 0.178990 0.028180 0.983447
vn 0.204822 0.032249 0.978268
vn 0.146735 0.023103 0.988906
vn 0.326652 0.051433 0.943744
vn 0.074296 0.011698 0.997168
vn 0.228052 0.035905 0.972987
vn 0.326649 0.051430 0.943745
vn 0.168914 0.026595 0.985272
vn 0.326648 0.051431 0.943746
vn 0.153073 0.024101 0.987921
vn 0.164806 0.025949 0.985985
vn 0.042441 0.006682 0.999077
vn 0.326649 0.051429 0.943746
vn 0.326649 0.051430 0.943745
vn 0.201296 0.031697 0.979018
vn 0.150979 0.023770 0.988251
vn 0.326629 0.051445 0.943752
vn 0.326649 0.051430 0.943745
vn 0.000000 -0.000001 1.000000
vn 0.000000 0.000000 1.000000
vn 0.000000 0.000000 1.000000
vn 0.000000 -0.000000 1.000000
vn 0.000001 0.000001 1.000000
vn 0.000000 0.000001 1.000000
vn 0.000000 0.000000 1.000000
vn 0.000000 0.000000 1.000000
vn 0.000000 0.000000 1.000000
vn 0.000000 0.000000 1.000000
vn 0.000000 0.000000 1.000000
vn 0.000000 0.000000 1.000000
vn 0.000000 0.000000 1.000000
vn 0.000000 0.000000 1.000000
vn 0.000000 0.000000 1.000000
vn 0.000000 0.000000 1.000000
vn 0.000000 0.000000 1.000000
vn 0.000000 0.000000 1.000000
vn 0.000000 0.000000 1.000000
vn 0.000000 0.000000 1.000000
vn 0.000000 0.000000 1.000000
vn 0.000000 0.000000 1.000000
vn 0.000000 0.000000 1.000000
vn 0.000000 0.000000 1.000000
vn 0.000001 -0.000000 1.000000
vn 0.000000 -0.000000 1.000000
vn 0.000000 0.000009 1.000000
vn 0.000006 0.000000 1.000000
vn 0.000000 0.000000 1.000000
vn 0.000000 0.000000 1.000000
vn 0.000000 0.000000 1.000000
vn 0.000000 0.000000 1.000000
vn 0.000000 0.000000 1.000000
vn 0.000000 0.000000 1.000000
vn 0.000000 0.000000 1.000000
vn 0.000000 0.000000 1.000000
vn 0.000000 0.000000 1.000000
vn 0.000000 0.000000 1.000000
vn 0.000000 0.000000 1.000000
vn 0.000000 0.000000 1.000000
vn 0.000000 0.000000 1.000000
vn 0.000000 0.000000 1.000000
vn 0.000000 0.000000 1.000000
vn 0.000000 0.000000 1.000000
vn 0.000000 0.000000 1.000000
vn 0.000000 0.000000 1.000000
vn 0.000000 0.000000 1.000000
vn 0.000000 0.000000 1.000000
vn 0.000000 0.000000 1.000000
vn 0.000000 0.000000 1.000000
vn 0.000000 0.000000 1.000000
vn 0.000000 0.000000 1.000000
vn 0.000000 0.000000 1.000000
vn 0.000000 0.000000 1.000000
vn 0.000000 0.000000 -1.000000
vn 0.000000 0.000000 -1.000000
vn 0.000000 0.000000 -1.000000
vn 0.000000 0.000000 -1.000000
vn 0.000000 0.000000 -1.000000
vn 0.000000 0.000000 -1.000000
vn 0.000000 0.000000 -1.000000
vn 0.000000 0.000000 -1.000000
vn 0.000000 0.000000 -1.000000
vn 0.000000 0.000000 -1.000000
vn 0.000000 0.000000 -1.000000
vn 0.000000 0.000000 -1.000000
vn 0.000000 0.000000 -1.000000
vn 0.000000 0.000000 -1.000000
vn 0.000000 0.000000 -1.000000
vn 0.000000 0.000000 -1.000000
vn 0.000000 0.000000 -1.000000
vn 0.000000 0.000000 -1.000000
vn 0.000000 0.000000 -1.000000
vn 0.000000 0.000000 -1.000000
vn 0.000000 0.000000 -1.000000
vn 0.000000 0.000000 -1.000000
vn 0.000000 0.000000 -1.000000
vn 0.000000 0.000000 -1.000000
vn 0.000000 0.000000 -1.000000
vn 0.000000 0.000000 -1.000000
vn 0.294805 -0.104821 -0.949791
vn 0.330832 -0.117632 -0.936330
vn 0.323136 -0.114895 -0.939352
vn 0.000000 0.000000 -1.000000
vn 0.000000 0.000000 -1.000000
vn 0.000000 0.000000 -1.000000
vn 0.000000 0.000000 -1.000000
vn 0.000000 0.000000 -1.000000
vn 0.345711 -0.122922 -0.930255
vn 0.241870 -0.085997 -0.966490
vn 0.087106 -0.030971 -0.995718
vn 0.334411 -0.118903 -0.934897
vn 0.366025 -0.130163 -0.921457
vn 0.000000 0.000000 -1.000000
vn 0.000000 0.000000 -1.000000
vn 0.000000 0.000000 -1.000000
vn 0.182939 -0.065047 -0.980970
vn 0.193558 -0.068821 -0.978672
vn 0.000000 0.000000 -1.000000
vn 0.000000 0.000000 -1.000000
vn 0.000000 0.000000 -1.000000
vn 0.000000 0.000000 -1.000000
vn 0.000000 0.000000 -1.000000
vn 0.000000 0.000000 -1.000000
vn 0.107548 -0.038238 -0.993464
vn 0.260965 -0.092790 -0.960879
vn 0.194705 -0.069230 -0.978416
vn 0.000000 0.000000 -1.000000
vn 0.000000 0.000000 -1.000000
vn 0.000000 0.000000 -1.000000
vn 0.246098 -0.087504 -0.965287
vn 0.339429 -0.120688 -0.932857
vn 0.302945 -0.107715 -0.946901
vn 0.000000 0.000000 -1.000000
vn 0.000000 0.000000 -1.000000
vn 0.000000 0.000000 -1.000000
vn 0.000000 0.000000 -1.000000
vn 0.288515 -0.102586 -0.951964
vn 0.297652 -0.105833 -0.948790
vn 0.339881 -0.120849 -0.932672
vn 0.000000 0.000000 -1.000000
vn 0.000000 0.000000 -1.000000
vn 0.000000 0.000000 -1.000000
vn 0.000000 0.000000 -1.000000
vn 0.336411 -0.119614 -0.934088
vn 0.385644 -0.137125 -0.912401
vn 0.179849 -0.063949 -0.981614
vn 0.000000 0.000000 -1.000000
vn 0.000000 0.000000 -1.000000
vn 0.209449 -0.074472 -0.974980
vn 0.000000 0.000000 -1.000000
vn 0.312644 -0.111164 -0.943343
vn 0.173813 -0.061805 -0.982837
vn 0.336909 -0.119792 -0.933886
vn 0.321167 -0.114196 -0.940112
vn 0.000000 0.000000 -1.000000
vn 0.380269 -0.135211 -0.914939
vn 0.000000 -1.000000 0.000000
vn 0.000000 -1.000000 0.000000
vn 0.000000 -1.000000 0.000000
vn 0.000000 -1.000000 0.000000
vn 0.000000 -1.000000 0.000000
vn 0.000000 -1.000000 0.000000
vn 0.000000 -1.000000 0.000000
vn 0.000000 -1.000000 0.000000
vn 0.000000 -1.000000 0.000000
vn 0.000000 -1.000000 0.000000
vn 0.000000 -1.000000 0.000000
vn 0.000000 -1.000000 0.000000
vn 0.000000 -1.000000 0.000000
vn 0.000000 -1.000000 0.000000
vn 0.000000 -1.000000 0.000000
vn 0.000000 -1.000000 0.000000
vn -0.946615 -0.063836 0.315982
vn -0.946615 -0.063834 0.315982
vn -0.946615 -0.063833 0.315982
vn -0.946621 -0.063794 0.315973
vn -0.946616 -0.063833 0.315982
vn -0.946615 -0.063838 0.315984
vn -0.946616 -0.063831 0.315982
vn -0.946617 -0.063830 0.315979
vn -0.946615 -0.063833 0.315983
vn -0.946615 -0.063833 0.315983
vn -0.946615 -0.063832 0.315983
vn -0.946615 -0.063833 0.315983
vn -0.946615 -0.063832 0.315983
vn -0.946617 -0.063827 0.315979
vn -0.946618 -0.063817 0.315978
vn -0.946613 -0.063899 0.315976
vn -0.946615 -0.063838 0.315982
vn -0.946615 -0.063829 0.315983
vn -0.946615 -0.063831 0.315983
vn -0.946615 -0.063834 0.315984
vn -0.946616 -0.063834 0.315982
vn -0.946615 -0.063835 0.315982
vn -0.946615 -0.063834 0.315983
vn -0.946615 -0.063833 0.315983
vn -0.946615 -0.063835 0.315983
vn -0.946616 -0.063831 0.315982
vn -0.946615 -0.063835 0.315983
vn -0.946615 -0.063833 0.315983
vn -0.946615 -0.063835 0.315982
vn -0.946615 -0.063836 0.315983
vn -0.946618 -0.063813 0.315980
vn -0.946622 -0.063809 0.315967
vn -0.946615 -0.063831 0.315982
vn -0.946615 -0.063833 0.315983
vn -0.946616 -0.063830 0.315981
vn -0.946614 -0.063837 0.315985
vn -0.946616 -0.063826 0.315982
vn -0.946616 -0.063833 0.315982
vn -0.946614 -0.063838 0.315987
vn -0.946611 -0.063840 0.315993
vn -0.946615 -0.063831 0.315984
vn -0.946616 -0.063835 0.315981
vn -0.946616 -0.063831 0.315981
vn -0.946616 -0.063833 0.315981
vn -0.946616 -0.063832 0.315981
vn -0.946615 -0.063834 0.315982
vn -0.946616 -0.063829 0.315981
vn -0.946616 -0.063832 0.315981
vn -0.946616 -0.063833 0.315982
vn -0.946616 -0.063830 0.315981
vn -0.946615 -0.063833 0.315982
vn -0.946616 -0.063833 0.315982
vn -0.946615 -0.063832 0.315982
vn -0.946616 -0.063827 0.315982
vn -0.946616 -0.063831 0.315981
vn -0.946616 -0.063833 0.315980
vn -0.946616 -0.063831 0.315981
vn -0.946615 -0.063832 0.315982
vn -0.946616 -0.063830 0.315980
vn -0.946616 -0.063835 0.315981
vn -0.946616 -0.063831 0.315981
vn -0.946617 -0.063832 0.315979
vn -0.946615 -0.063834 0.315983
vn -0.946615 -0.063832 0.315984
vn -0.946615 -0.063837 0.315982
vn -0.946616 -0.063836 0.315981
vn -0.946616 -0.063833 0.315982
vn -0.946614 -0.063836 0.315986
vn -0.946615 -0.063835 0.315982
vn -0.946618 -0.063826 0.315976
vn -0.946611 -0.063835 0.315995
vn -0.946614 -0.063838 0.315985
vn -0.946613 -0.063835 0.315988
vn -0.946616 -0.063829 0.315981
vn -0.946616 -0.063827 0.315980
vn -0.946616 -0.063829 0.315981
vn 0.388713 -0.138211 -0.910934
vn 0.388712 -0.138211 -0.910934
vn 0.388700 -0.138227 -0.910937
vn 0.388715 -0.138208 -0.910933
vn 0.388703 -0.138232 -0.910935
vn 0.388714 -0.138212 -0.910933
vn 0.388717 -0.138210 -0.910932
vn 0.388712 -0.138211 -0.910934
vn 0.388712 -0.138212 -0.910934
vn 0.388712 -0.138214 -0.910934
vn 0.388712 -0.138211 -0.910934
vn 0.388716 -0.138204 -0.910933
vn 0.388713 -0.138211 -0.910934
vn 0.388706 -0.138217 -0.910936
vn 0.388713 -0.138211 -0.910934
vn 0.388712 -0.138212 -0.910934
vn 0.388714 -0.138212 -0.910933
vn 0.388712 -0.138211 -0.910934
vn 0.388711 -0.138212 -0.910934
vn 0.388712 -0.138209 -0.910934
vn 0.388712 -0.138213 -0.910934
vn 0.388712 -0.138212 -0.910934
vn 0.388712 -0.138213 -0.910934
vn 0.388712 -0.138212 -0.910934
vn 0.388715 -0.138211 -0.910933
vn 0.388710 -0.138213 -0.910934
vn 0.388714 -0.138210 -0.910933
vn 0.388711 -0.138211 -0.910934
vn 0.388709 -0.138211 -0.910935
vn 0.388717 -0.138207 -0.910932
vn 0.388714 -0.138211 -0.910933
vn 0.388718 -0.138210 -0.910932
vn 0.388716 -0.138209 -0.910933
vn 0.388711 -0.138212 -0.910935
vn 0.464608 0.786647 -0.406603
vn 0.464607 0.786648 -0.406602
vn 0.464604 0.786650 -0.406602
vn 0.464607 0.786648 -0.406602
vn 0.464613 0.786639 -0.406613
vn 0.464603 0.786651 -0.406601
vn 0.464611 0.786642 -0.406609
vn 0.464604 0.786651 -0.406600
vn 0.464604 0.786650 -0.406602
vn 0.464605 0.786650 -0.406601
vn 0.464582 0.786688 -0.406554
vn 0.464613 0.786647 -0.406598
vn 0.464619 0.786627 -0.406628
vn 0.464606 0.786651 -0.406598
vn 0.464612 0.786649 -0.406594
vn 0.464607 0.786646 -0.406605
vn 0.464606 0.786648 -0.406604
vn 0.464606 0.786648 -0.406603
vn 0.464608 0.786647 -0.406603
vn 0.464606 0.786648 -0.406603
vn 0.464604 0.786649 -0.406603
vn 0.464604 0.786649 -0.406605
vn 0.464606 0.786648 -0.406604
vn 0.464613 0.786644 -0.406604
vn 0.464607 0.786647 -0.406604
vn 0.464607 0.786646 -0.406606
vn 0.464605 0.786649 -0.406602
vn 0.464600 0.786651 -0.406605
vn 0.464607 0.786648 -0.406603
vn 0.464607 0.786647 -0.406604
vn 0.464605 0.786649 -0.406602
vn 0.464605 0.786649 -0.406602
vn 0.464606 0.786646 -0.406606
vn 0.464606 0.786648 -0.406604
vn 0.464607 0.786647 -0.406605
vn 0.464608 0.786645 -0.406606
s 1
g shard1 solidShatter1
usemtl shatterInteriorSG1
f 515/983/641 516/981/642 514/984/643
f 514/984/643 516/981/642 513/985/644
f 513/985/644 516/981/642 517/982/645
f 520/980/646 521/986/647 516/981/642
f 521/986/647 518/989/648 516/981/642
f 517/987/645 516/981/642 519/988/649
f 518/989/648 519/988/649 516/981/642
f 521/991/647 520/980/646 522/990/650
f 525/992/651 523/995/652 520/980/646
f 522/993/650 520/980/646 524/994/653
f 523/995/652 524/994/653 520/980/646
f 526/1001/654 527/1000/655 531/996/656
f 531/996/656 527/1000/655 530/997/657
f 527/1000/655 528/999/658 530/997/657
f 528/999/658 529/998/659 530/997/657
f 527/1003/655 526/1002/654 537/1004/660
f 537/1004/660 526/1002/654 536/1005/661
f 533/1008/662 534/1007/663 532/1009/664
f 532/1009/664 534/1007/663 526/1002/654
f 534/1007/663 535/1006/665 526/1002/654
f 535/1006/665 536/1005/661 526/1002/654
f 520/980/646 541/1014/666 525/1015/651
f 525/1015/651 541/1014/666 540/1016/667
f 540/1016/667 541/1014/666 539/1017/668
f 539/1017/668 541/1014/666 538/1018/669
f 538/1018/669 541/1014/666 533/1010/662
f 541/1014/666 542/1013/670 533/1010/662
f 542/1013/670 543/1012/671 533/1010/662
f 543/1012/671 534/1011/663 533/1010/662
f 541/1020/666 520/980/646 547/1021/672
f 547/1021/672 520/980/646 546/1022/673
f 548/1019/674 544/1024/675 520/980/646
f 544/1024/675 545/1023/676 520/980/646
f 545/1023/676 546/1022/673 520/980/646
f 548/1026/674 520/980/646 549/1027/677
f 549/1027/677 520/980/646 550/1025/678
f 520/980/646 516/981/642 550/1025/678
f 550/1029/678 516/981/642 554/1030/679
f 554/1030/679 516/981/642 553/1031/680
f 553/1031/680 516/981/642 552/1032/681
f 552/1032/681 516/981/642 551/1033/682
f 551/1033/682 516/981/642 555/1028/683
f 556/1036/684 557/1035/685 558/1034/686
f 565/1038/687 566/1037/688 564/1039/689
f 566/1037/688 559/1046/690 564/1039/689
f 564/1039/689 559/1046/690 563/1040/691
f 563/1040/691 559/1046/690 562/1041/692
f 556/1043/684 561/1042/693 557/1044/685
f 557/1044/685 561/1042/693 560/1045/694
f 561/1042/693 562/1041/692 560/1045/694
f 559/1046/690 560/1045/694 562/1041/692
f 516/981/642 569/1047/695 555/1048/683
f 555/1048/683 569/1047/695 568/1049/696
f 568/1049/696 569/1047/695 567/1050/697
f 567/1050/697 569/1047/695 565/1051/687
f 566/1052/688 565/1051/687 569/1047/695
f 515/1055/641 570/1054/698 516/981/642
f 570/1054/698 571/1053/699 516/981/642
f 569/1056/695 516/981/642 571/1053/699
usemtl initialShadingGroup
f 572/793/700 573/792/701 574/561/702
f 572/789/700 574/561/702 575/562/703
f 576/790/704 572/789/700 575/562/703
f 577/791/705 576/790/704 575/562/703
f 529/1058/659 528/1057/658 574/561/702
f 574/561/702 528/1057/658 575/562/703
f 528/1059/658 527/1061/655 575/562/703
f 527/1061/655 537/1060/660 575/562/703
f 578/788/706 577/787/705 575/562/703
f 581/784/707 579/786/708 580/563/709
f 579/786/708 578/785/706 580/563/709
f 578/785/706 575/562/703 580/563/709
f 537/1063/660 536/1062/661 575/562/703
f 575/562/703 536/1062/661 580/563/709
f 536/1065/661 535/1064/665 580/563/709
f 582/783/710 581/782/707 580/563/709
f 583/781/711 582/780/710 584/564/712
f 582/780/710 580/563/709 584/564/712
f 584/564/712 580/563/709 543/1067/671
f 543/1067/671 580/563/709 534/1068/663
f 534/1068/663 580/563/709 535/1066/665
f 543/1070/671 542/1069/670 584/564/712
f 586/778/713 587/565/714 585/779/715
f 585/779/715 587/565/714 588/777/716
f 587/565/714 586/774/713 584/564/712
f 586/774/713 589/776/717 584/564/712
f 589/776/717 583/775/711 584/564/712
f 587/565/714 584/564/712 590/566/718
f 590/566/718 584/564/712 547/1072/672
f 547/1072/672 584/564/712 541/1073/666
f 541/1073/666 584/564/712 542/1071/670
f 547/1075/672 546/1074/673 590/566/718
f 591/773/719 588/772/716 587/565/714
f 587/565/714 593/567/720 591/770/719
f 591/770/719 593/567/720 592/771/721
f 592/771/721 593/567/720 594/769/722
f 587/565/714 590/566/718 593/567/720
f 593/567/720 590/566/718 595/568/723
f 546/1077/673 545/1076/676 590/566/718
f 590/566/718 545/1076/676 595/568/723
f 545/1079/676 544/1078/675 595/568/723
f 596/768/724 594/767/722 593/567/720
f 593/567/720 598/569/725 596/765/724
f 599/764/726 597/766/727 598/569/725
f 597/766/727 596/765/724 598/569/725
f 593/567/720 595/568/723 598/569/725
f 595/568/723 549/1080/677 598/569/725
f 549/1080/677 550/1082/678 598/569/725
f 550/1082/678 554/1081/679 598/569/725
f 549/1084/677 595/568/723 548/1085/674
f 548/1085/674 595/568/723 544/1083/675
f 600/763/728 599/762/726 598/569/725
f 601/761/729 600/760/728 602/570/730
f 602/570/730 600/760/728 598/569/725
f 554/1087/679 553/1086/680 598/569/725
f 553/1086/680 602/570/730 598/569/725
f 553/1089/680 552/1088/681 602/570/730
f 603/759/731 601/758/729 602/570/730
f 602/570/730 605/571/732 603/756/731
f 603/756/731 605/571/732 604/757/733
f 604/757/733 605/571/732 606/755/734
f 552/1091/681 551/1090/682 602/570/730
f 551/1090/682 605/571/732 602/570/730
f 568/1093/696 605/571/732 555/1094/683
f 555/1094/683 605/571/732 551/1092/682
f 606/753/734 605/571/732 607/754/735
f 607/754/735 605/571/732 608/752/736
f 609/751/737 608/750/736 610/572/738
f 610/572/738 608/750/736 605/571/732
f 568/1096/696 567/1095/697 605/571/732
f 605/571/732 567/1095/697 610/572/738
f 567/1097/697 565/1099/687 610/572/738
f 565/1099/687 564/1098/689 610/572/738
f 611/749/739 609/748/737 610/572/738
f 610/572/738 613/573/740 611/746/739
f 611/746/739 613/573/740 612/747/741
f 612/747/741 613/573/740 614/745/742
f 564/1101/689 563/1100/691 610/572/738
f 610/572/738 563/1100/691 613/573/740
f 563/1103/691 562/1102/692 613/573/740
f 614/743/742 613/573/740 615/744/743
f 615/744/743 613/573/740 616/742/744
f 613/573/740 618/574/745 616/740/744
f 616/740/744 618/574/745 617/741/746
f 617/741/746 618/574/745 619/739/747
f 562/1105/692 561/1104/693 613/573/740
f 613/573/740 561/1104/693 618/574/745
f 618/574/745 561/1108/693 621/978/748
f 621/978/748 561/1108/693 620/979/749
f 561/1108/693 556/1107/684 620/979/749
f 556/1107/684 558/1106/686 620/979/749
f 622/738/750 619/737/747 618/574/745
f 624/976/751 622/736/750 623/977/752
f 623/977/752 622/736/750 618/574/745
f 623/974/752 618/574/745 625/975/753
f 625/975/753 618/574/745 621/973/748
s 12
f 627/971/754 628/735/755 626/972/756
f 626/972/756 628/735/755 629/970/757
f 631/575/758 632/734/759 630/968/760
f 630/968/760 632/734/759 627/969/754
f 627/969/754 632/734/759 628/733/755
f 634/965/761 631/575/758 633/966/762
f 630/967/760 633/966/762 631/575/758
f 634/964/761 635/963/763 631/575/758
f 636/732/764 632/731/759 631/575/758
f 631/575/758 638/576/765 636/729/764
f 636/729/764 638/576/765 637/730/766
f 637/730/766 638/576/765 639/728/767
f 640/961/768 638/576/765 635/962/763
f 635/962/763 638/576/765 631/575/758
f 643/577/769 638/576/765 642/958/770
f 642/958/770 638/576/765 641/959/771
f 640/960/768 641/959/771 638/576/765
f 642/957/770 644/956/772 643/577/769
f 643/577/769 644/956/772 645/955/773
f 645/954/773 646/953/774 643/577/769
f 647/727/775 639/726/767 638/576/765
f 638/576/765 649/578/776 647/724/775
f 647/724/775 649/578/776 648/725/777
f 648/725/777 649/578/776 650/723/778
f 638/576/765 643/577/769 649/578/776
f 649/578/776 643/577/769 651/579/779
f 643/577/769 646/952/774 651/579/779
f 651/579/779 646/952/774 653/908/780
f 646/952/774 652/951/781 653/908/780
f 653/907/780 654/906/782 651/579/779
f 655/722/783 650/721/778 649/578/776
f 649/578/776 657/580/784 655/719/783
f 655/719/783 657/580/784 656/720/785
f 656/720/785 657/580/784 658/718/786
f 649/578/776 651/579/779 657/580/784
f 657/580/784 651/579/779 659/581/787
f 659/581/787 651/579/779 663/901/788
f 663/901/788 651/579/779 662/902/789
f 662/902/789 651/579/779 661/903/790
f 661/903/790 651/579/779 660/904/791
f 654/905/782 660/904/791 651/579/779
f 663/900/788 664/899/792 659/581/787
f 665/717/793 658/716/786 657/580/784
f 666/715/794 665/714/793 667/582/795
f 667/582/795 665/714/793 657/580/784
f 657/580/784 659/581/787 667/582/795
f 659/581/787 668/898/796 667/582/795
f 668/898/796 669/897/797 667/582/795
f 664/896/792 668/895/796 659/581/787
f 671/711/798 670/713/799 667/582/795
f 670/713/799 666/712/794 667/582/795
f 667/582/795 674/583/800 671/708/798
f 671/708/798 674/583/800 673/709/801
f 673/709/801 674/583/800 672/710/802
f 672/710/802 674/583/800 675/707/803
f 669/894/797 676/893/804 667/582/795
f 667/582/795 676/893/804 674/583/800
f 676/892/804 677/891/805 674/583/800
f 677/891/805 678/890/806 674/583/800
f 679/706/807 675/705/803 674/583/800
f 680/704/808 679/703/807 681/584/809
f 681/584/809 679/703/807 674/583/800
f 681/584/809 674/583/800 683/887/810
f 678/889/806 682/888/811 674/583/800
f 682/888/811 683/887/810 674/583/800
f 683/886/810 684/885/812 681/584/809
f 685/702/813 680/701/808 681/584/809
f 681/584/809 687/585/814 685/699/813
f 685/699/813 687/585/814 686/700/815
f 686/700/815 687/585/814 688/698/816
f 687/585/814 681/584/809 690/882/817
f 684/884/812 689/883/818 681/584/809
f 689/883/818 690/882/817 681/584/809
f 690/881/817 691/880/819 687/585/814
f 692/697/820 688/696/816 687/585/814
f 687/585/814 694/586/821 692/694/820
f 695/693/822 693/695/823 694/586/821
f 693/695/823 692/694/820 694/586/821
f 691/879/819 696/878/824 687/585/814
f 687/585/814 696/878/824 694/586/821
f 696/877/824 697/876/825 694/586/821
f 697/876/825 698/875/826 694/586/821
f 699/692/827 695/691/822 694/586/821
f 699/689/827 694/586/821 703/690/828
f 694/586/821 700/874/829 703/690/828
f 702/688/830 703/690/828 701/873/831
f 700/874/829 701/873/831 703/690/828
f 698/870/826 705/869/832 694/586/821
f 700/871/829 694/586/821 704/872/833
f 704/872/833 694/586/821 705/869/832
f 701/868/831 706/867/834 702/686/830
f 702/686/830 706/867/834 707/687/835
f 706/866/834 708/865/836 707/685/835
s 17
f 709/864/837 710/863/838 711/684/839
f 710/862/838 712/861/840 711/682/839
f 712/861/840 713/683/841 711/682/839
f 716/681/842 713/680/841 715/858/843
f 715/858/843 713/680/841 714/859/844
f 712/860/840 714/859/844 713/680/841
f 574/587/845 573/679/846 717/856/847
f 573/679/846 716/678/842 717/856/847
f 715/857/843 717/856/847 716/678/842
f 717/855/847 718/854/848 574/587/845
f 530/1110/849 529/1109/850 720/851/851
f 574/587/845 718/853/848 529/1109/850
f 718/853/848 719/852/852 529/1109/850
f 529/1109/850 719/852/852 720/851/851
s 21
usemtl shatterInteriorSG1
f 576/676/853 577/675/854 721/589/855
f 579/677/856 721/589/855 578/674/857
f 721/589/855 577/675/854 578/674/857
f 589/670/858 721/589/855 583/671/859
f 583/671/859 721/589/855 582/672/860
f 579/669/856 581/673/861 721/589/855
f 581/673/861 582/672/860 721/589/855
f 686/666/862 688/665/863 589/662/858
f 692/664/864 589/662/858 688/665/863
f 693/663/865 589/662/858 692/664/864
f 721/589/855 589/662/858 693/663/865
f 586/668/866 686/666/862 589/662/858
f 585/667/867 686/666/862 586/668/866
f 588/661/868 591/660/869 680/655/870
f 585/652/867 588/661/868 680/655/870
f 592/659/871 680/655/870 591/660/869
f 685/654/872 585/652/867 680/655/870
f 686/653/862 585/652/867 685/654/872
f 679/656/873 680/655/870 592/659/871
f 675/657/874 679/656/873 592/659/871
f 672/658/875 675/657/874 592/659/871
f 592/646/871 594/651/876 672/647/875
f 597/649/877 673/648/878 596/650/879
f 594/651/876 596/650/879 672/647/875
f 596/650/879 673/648/878 672/647/875
f 600/644/880 601/643/881 670/640/882
f 599/645/883 600/644/880 670/640/882
f 597/637/877 599/645/883 670/640/882
f 603/642/884 670/640/882 601/643/881
f 604/641/885 670/640/882 603/642/884
f 722/588/886 670/640/882 604/641/885
f 671/639/887 597/637/877 670/640/882
f 673/638/878 597/637/877 671/639/887
f 606/636/888 722/588/886 604/634/885
f 607/635/889 722/588/886 606/636/888
f 612/630/890 722/588/886 611/631/891
f 611/631/891 722/588/886 609/632/892
f 607/629/889 608/633/893 722/588/886
f 608/633/893 609/632/892 722/588/886
f 647/624/894 648/623/895 722/588/886
f 639/625/896 647/624/894 722/588/886
f 637/626/897 639/625/896 722/588/886
f 612/622/890 637/626/897 722/588/886
f 614/628/898 637/626/897 612/622/890
f 615/627/899 637/626/897 614/628/898
f 637/616/897 615/615/899 636/617/900
f 636/617/900 615/615/899 632/618/901
f 615/615/899 616/621/902 632/618/901
f 632/618/901 616/621/902 628/619/903
f 616/621/902 617/620/904 628/619/903
f 628/619/903 617/620/904 629/949/905
f 723/950/906 629/949/905 617/620/904
f 617/612/904 619/614/907 723/947/906
f 624/948/908 723/947/906 622/613/909
f 723/947/906 619/614/907 622/613/909
f 648/608/895 650/611/910 722/588/886
f 656/609/911 722/588/886 655/610/912
f 650/611/910 655/610/912 722/588/886
f 670/604/882 722/588/886 666/605/913
f 666/605/913 722/588/886 665/606/914
f 665/606/914 722/588/886 658/607/915
f 658/607/915 722/588/886 656/603/911
f 693/599/865 695/602/916 721/589/855
f 695/602/916 699/601/917 721/589/855
f 699/601/917 703/600/918 721/589/855
f 724/849/919 721/589/855 708/850/920
f 708/850/920 721/589/855 707/597/921
f 707/597/921 721/589/855 702/598/922
f 721/589/855 703/596/918 702/598/922
f 573/592/923 572/591/924 716/593/925
f 721/589/855 724/848/919 576/590/853
f 576/590/853 724/848/919 572/591/924
f 724/848/919 709/847/926 572/591/924
f 709/847/926 711/595/927 572/591/924
f 711/595/927 713/594/928 572/591/924
f 713/594/928 716/593/925 572/591/924
s 12
f 725/797/929 660/846/791 519/1112/930
f 660/846/791 654/845/782 519/1112/930
f 654/845/782 653/844/780 519/1112/930
f 653/844/780 652/944/781 519/1112/930
f 652/944/781 726/943/931 519/1112/930
f 726/943/931 727/946/932 519/1112/930
f 727/946/932 728/945/933 519/1112/930
f 519/1112/930 728/945/933 517/1113/934
f 517/1113/934 728/945/933 513/1111/935
f 519/1115/930 518/1114/936 725/797/929
f 524/1117/937 523/1116/938 729/796/939
f 523/1118/938 525/1120/940 729/796/939
f 525/1120/940 540/1119/941 729/796/939
f 540/1122/941 539/1121/942 729/796/939
f 539/1124/942 538/1123/943 729/796/939
f 729/796/939 538/1125/943 730/795/944
f 532/1126/945 730/795/944 533/1127/946
f 533/1127/946 730/795/944 538/1125/943
f 531/1129/947 730/795/944 526/1130/948
f 526/1130/948 730/795/944 532/1128/945
f 530/1131/949 720/843/950 531/1132/947
f 531/1132/947 720/843/950 730/795/944
f 731/794/951 730/795/944 719/842/952
f 719/842/952 730/795/944 720/841/950
f 719/839/952 718/838/953 731/794/951
f 718/838/953 717/837/954 731/794/951
f 717/837/954 715/836/955 731/794/951
f 714/840/956 731/794/951 715/836/955
f 714/834/956 712/833/957 731/794/951
f 731/794/951 712/833/957 704/835/833
f 704/835/833 712/833/957 700/826/829
f 700/826/829 712/833/957 701/827/831
f 701/827/831 712/833/957 706/828/834
f 706/828/834 712/833/957 708/829/836
f 708/829/836 712/833/957 724/830/958
f 712/833/957 710/832/959 724/830/958
f 710/832/959 709/831/960 724/830/958
f 705/825/832 731/794/951 704/824/833
f 697/823/825 731/794/951 698/821/826
f 698/821/826 731/794/951 705/822/832
f 689/820/818 730/795/944 690/816/817
f 690/816/817 730/795/944 691/817/819
f 731/794/951 697/819/825 730/795/944
f 697/819/825 696/818/824 730/795/944
f 730/795/944 696/818/824 691/817/819
f 729/796/939 730/795/944 682/815/811
f 682/815/811 730/795/944 683/812/810
f 689/814/818 684/813/812 730/795/944
f 730/795/944 684/813/812 683/812/810
f 682/810/811 678/809/806 729/796/939
f 677/811/805 729/796/939 678/809/806
f 725/797/929 729/796/939 662/808/789
f 662/808/789 729/796/939 663/802/788
f 663/802/788 729/796/939 664/803/792
f 664/803/792 729/796/939 668/804/796
f 677/807/805 676/806/804 729/796/939
f 676/806/804 669/805/797 729/796/939
f 729/796/939 669/805/797 668/804/796
f 661/801/790 725/797/929 662/800/789
f 660/799/791 725/797/929 661/798/790
f 729/796/939 725/797/929 524/1134/937
f 524/1134/937 725/797/929 522/1135/961
f 522/1135/961 725/797/929 521/1136/962
f 521/1136/962 725/797/929 518/1133/936
s 36
f 559/1138/963 566/1137/964 644/938/965
f 566/1137/964 569/1140/966 644/938/965
f 644/938/965 569/1140/966 645/939/967
f 645/939/967 569/1140/966 646/940/968
f 646/940/968 569/1140/966 652/941/969
f 652/941/969 569/1140/966 726/942/970
f 732/909/971 726/942/970 571/1139/972
f 569/1140/966 571/1139/972 726/942/970
f 571/1142/972 570/1141/973 732/909/971
f 514/1143/974 732/909/971 515/1144/975
f 570/1145/973 515/1144/975 732/909/971
f 732/909/971 514/1147/974 728/937/976
f 514/1147/974 513/1146/977 728/937/976
f 727/936/978 732/909/971 728/935/976
f 726/934/970 732/909/971 727/933/978
f 733/910/979 560/1149/980 641/930/981
f 560/1149/980 559/1148/963 641/930/981
f 644/932/965 642/931/982 559/1148/963
f 559/1148/963 642/931/982 641/930/981
f 641/928/981 640/927/983 733/910/979
f 640/927/983 635/926/984 733/910/979
f 633/929/985 733/910/979 634/925/986
f 733/910/979 635/926/984 634/925/986
f 626/923/987 733/910/979 627/924/988
f 627/924/988 733/910/979 630/921/989
f 733/910/979 633/922/985 630/921/989
f 629/918/990 723/917/991 626/919/987
f 626/919/987 723/917/991 733/910/979
f 733/910/979 723/917/991 625/920/992
f 625/920/992 723/917/991 623/915/993
f 723/917/991 624/916/994 623/915/993
f 625/913/992 621/912/995 733/910/979
f 620/914/996 733/910/979 621/912/995
f 560/1151/980 733/910/979 557/1152/997
f 557/1152/997 733/910/979 558/1150/998
f 733/910/979 620/911/996 558/1150/998
g default
v -6.372768 7.558788 -0.500000
v -6.344124 7.541136 -0.500000
v -6.318649 7.525436 -0.500000
v -6.071354 7.373039 -0.500000
v -6.347340 7.561754 0.368416
v -6.684387 7.750824 -0.500000
v -7.190636 8.062798 -0.500000
v -6.805641 7.825546 -0.500000
v -7.173325 8.062798 -0.002968
v -7.184647 8.062798 -0.328086
v -6.389160 7.590347 0.500000
v -7.155807 8.062798 0.500000
v -6.296272 7.533106 0.500000
v -6.372768 7.580248 0.500000
v -6.054691 7.384232 0.500000
v -6.283821 7.525433 0.500000
v -5.568520 7.084627 0.500000
v -5.882607 7.256723 -0.500000
v -5.715549 7.153776 -0.500000
v -5.327435 6.936058 0.500000
v -5.392342 6.976059 0.500000
v -5.411827 6.988066 0.500000
v -4.763588 6.569397 -0.394299
v -5.047806 6.763737 0.500000
v -5.446651 6.988066 -0.500000
v -5.421085 6.972313 -0.500000
v -5.392342 6.954599 -0.500000
v -5.030632 6.731693 -0.500000
v -4.873184 6.636003 -0.437678
v -4.695179 6.527821 -0.367220
v -4.358597 6.339010 0.500000
v -4.411915 6.371870 0.500000
v -4.539837 6.450701 0.500000
v -2.504255 5.196270 0.500000
v -2.566130 5.234400 0.500000
v -3.021326 5.510523 0.295331
v -2.927473 5.453484 0.332480
v -3.188023 5.611835 0.229349
v -2.795858 5.375970 0.500000
v -3.389759 5.741963 0.500000
v -3.550488 5.832125 0.085876
v -3.472059 5.784460 0.116920
v -3.706448 5.937122 0.500000
v -3.572113 5.845268 0.077316
v -3.431492 5.767680 0.500000
v -3.667847 5.913336 0.500000
v -4.030602 6.123919 -0.104165
v -4.542957 6.435307 -0.306967
v -3.001984 7.827385 0.500000
v -3.046516 8.062798 0.500000
v -3.431492 8.062798 0.500000
v -2.888571 7.227859 0.500000
v -2.944862 7.525433 0.500000
v -3.431492 7.525433 0.500000
v -2.775158 6.628334 0.500000
v -2.843208 6.988066 0.500000
v -3.431492 6.988066 0.500000
v -2.661747 6.028809 0.500000
v -2.741556 6.450701 0.500000
v -3.431492 6.450701 0.500000
v -2.576595 5.578675 0.500000
v -2.639902 5.913336 0.500000
v -3.431492 5.913336 0.500000
v -2.548334 5.429282 0.500000
v -2.538248 5.375970 0.500000
v -3.183420 8.062798 0.438770
v -3.431492 8.062798 0.327823
v -2.852726 7.038372 0.500000
v -2.765705 6.578362 0.500000
v -3.732121 8.062798 0.193368
v -4.411915 8.062798 0.500000
v -4.411915 7.525433 0.500000
v -4.411915 6.988066 0.500000
v -4.411915 6.450701 0.500000
v -4.217758 8.062798 -0.023830
v -4.249752 8.062798 -0.038139
v -4.348793 8.062798 -0.082434
v -4.411915 8.062798 -0.110666
v -5.108555 7.143610 -0.500000
v -5.079128 6.988066 -0.500000
v -5.392342 6.988066 -0.500000
v -5.200657 7.630497 -0.500000
v -5.180782 7.525436 -0.500000
v -5.392342 7.525436 -0.500000
v -5.282436 8.062798 -0.500000
v -5.392342 8.062798 -0.500000
v -5.392342 8.062798 0.500000
v -5.392342 7.525433 0.500000
v -5.392342 6.988066 0.500000
v -5.223404 7.750740 -0.500000
v -6.372768 8.062798 -0.500000
v -6.372768 8.062798 0.500000
v -3.774788 6.709385 0.059780
vt 0.441667 0.183333
vt 0.425000 0.200000
vt 0.441667 0.200000
vt 0.408333 0.216667
vt 0.425000 0.216667
vt 0.441667 0.216667
vt 0.408333 0.233333
vt 0.425000 0.233333
vt 0.441667 0.233333
vt 0.391667 0.250000
vt 0.408333 0.250000
vt 0.425000 0.250000
vt 0.441667 0.250000
vt 0.391667 0.500000
vt 0.408333 0.500000
vt 0.408333 0.516667
vt 0.408333 0.533333
vt 0.500000 0.525000
vt 0.485822 0.496528
vt 0.485691 0.497441
vt 0.485326 0.500000
vt 0.482879 0.517121
vt 0.485325 0.500000
vt 0.484506 0.505732
vt 0.484224 0.507709
vt 0.483191 0.514935
vt 0.481753 0.525000
vt 0.482879 0.517121
vt 0.482756 0.517977
vt 0.481876 0.524138
vt 0.479245 0.542545
vt 0.481671 0.543329
vt 0.481753 0.525000
vt 0.481289 0.528245
vt 0.480560 0.533342
vt 0.479821 0.538513
vt 0.486067 0.544749
vt 0.491394 0.546470
vt 0.500000 0.549250
vt 0.481671 0.543329
vt 0.503441 0.550361
vt 0.518867 0.555345
vt 0.519630 0.550000
vt 0.502322 0.550000
vt 0.502322 0.550000
vt 0.519630 0.550000
vt 0.519925 0.547941
vt 0.520182 0.546141
vt 0.521116 0.539602
vt 0.521497 0.536938
vt 0.500567 0.549433
vt 0.500567 0.549433
vt 0.500000 0.549250
vt 0.410202 0.500000
vt 0.411592 0.513408
vt 0.411205 0.509679
vt 0.413158 0.528509
vt 0.411930 0.516667
vt 0.413658 0.533333
vt 0.410202 0.500000
vt 0.425000 0.402667
vt 0.411930 0.516667
vt 0.411592 0.513408
vt 0.413658 0.533333
vt 0.413158 0.528509
vt 0.425000 0.402667
vt 0.426073 0.395609
vt 0.427757 0.384535
vt 0.428301 0.380958
vt 0.436556 0.326658
vt 0.436556 0.326658
vt 0.441667 0.293044
vt 0.456680 0.168320
vt 0.456851 0.166667
vt 0.454752 0.186915
vt 0.455123 0.183333
vt 0.453395 0.200000
vt 0.452824 0.205509
vt 0.452985 0.203959
vt 0.451667 0.216667
vt 0.450896 0.224104
vt 0.451505 0.218227
vt 0.448968 0.242699
vt 0.449939 0.233333
vt 0.441667 0.293044
vt 0.445884 0.265307
vt 0.448211 0.250000
vt 0.456851 0.166667
vt 0.456680 0.168320
vt 0.455123 0.183333
vt 0.456199 0.172954
vt 0.453395 0.200000
vt 0.454752 0.186915
vt 0.451667 0.216667
vt 0.452824 0.205509
vt 0.449939 0.233333
vt 0.450896 0.224104
vt 0.448211 0.250000
vt 0.448968 0.242699
vt 0.525000 0.550000
vt 0.513574 0.561426
vt 0.509181 0.550000
vt 0.510953 0.554609
vt 0.511136 0.555084
vt 0.511341 0.555618
vt 0.519899 0.569731
vt 0.525000 0.567594
vt 0.513574 0.561426
vt 0.514443 0.563686
vt 0.517202 0.570861
vt 0.532891 0.564289
vt 0.527397 0.550000
vt 0.525000 0.567594
vt 0.527279 0.549694
vt 0.526731 0.548269
vt 0.527397 0.550000
vt 0.526642 0.548037
vt 0.525000 0.543766
vt 0.526731 0.548269
vt 0.520393 0.531785
vt 0.520253 0.531421
vt 0.519788 0.530212
vt 0.506631 0.543369
vt 0.507829 0.546482
vt 0.509181 0.550000
vt 0.525000 0.543766
vt 0.521516 0.534705
vt 0.501588 0.527300
vt 0.501723 0.530603
vt 0.504315 0.537345
vt 0.504521 0.537880
vt 0.504704 0.538357
vt 0.506631 0.543369
vt 0.519788 0.530212
vt 0.517784 0.525000
vt 0.501494 0.525000
vt 0.501494 0.525000
vt 0.517784 0.525000
vt 0.514144 0.515533
vt 0.513227 0.513148
vt 0.512845 0.512155
vt 0.501435 0.523565
vt 0.499919 0.486474
vt 0.500000 0.488443
vt 0.500000 0.478747
vt 0.499557 0.477594
vt 0.500386 0.497901
vt 0.500454 0.499546
vt 0.505902 0.494098
vt 0.501646 0.483029
vt 0.500000 0.478747
vt 0.500000 0.488443
vt 0.500143 0.491941
vt 0.507895 0.499281
vt 0.506202 0.494875
vt 0.505902 0.494098
vt 0.500454 0.499546
vt 0.500472 0.500000
vt 0.508172 0.500000
vt 0.501305 0.520371
vt 0.501435 0.523565
vt 0.512845 0.512155
vt 0.508172 0.500000
vt 0.500472 0.500000
vt 0.500865 0.509620
vt 0.452472 0.166667
vt 0.457429 0.161093
vt 0.456377 0.162276
vt 0.452472 0.166667
vt 0.442376 0.178018
vt 0.441667 0.178816
vt 0.441667 0.178816
vt 0.437649 0.183333
vt 0.437649 0.183333
vt 0.436993 0.184071
vt 0.425906 0.196536
vt 0.425000 0.197555
vt 0.425000 0.197555
vt 0.422825 0.200000
vt 0.408333 0.534371
vt 0.414482 0.541285
vt 0.422825 0.200000
vt 0.414190 0.209709
vt 0.409437 0.215054
vt 0.408333 0.216294
vt 0.407845 0.533822
vt 0.408333 0.534371
vt 0.407410 0.533333
vt 0.399999 0.525001
vt 0.402839 0.528194
vt 0.392154 0.516180
vt 0.392587 0.516667
vt 0.393179 0.233333
vt 0.405338 0.219662
vt 0.397074 0.228954
vt 0.408333 0.216294
vt 0.408002 0.216667
vt 0.407410 0.533333
vt 0.407845 0.533822
vt 0.399999 0.525001
vt 0.392587 0.516667
vt 0.396791 0.521393
vt 0.391667 0.515632
vt 0.392154 0.516180
vt 0.393179 0.233333
vt 0.392967 0.233571
vt 0.391667 0.235033
vt 0.408002 0.216667
vt 0.405338 0.219662
vt 0.391667 0.515632
vt 0.384308 0.507359
vt 0.386369 0.509676
vt 0.377865 0.457022
vt 0.377763 0.500000
vt 0.391667 0.235033
vt 0.391388 0.235347
vt 0.378355 0.250000
vt 0.377763 0.500000
vt 0.384308 0.507359
vt 0.377865 0.457022
vt 0.378355 0.250000
vt 0.378058 0.375742
vt 0.515202 0.525000
vt 0.507929 0.517071
vt 0.515202 0.525000
vt 0.519890 0.530110
vt 0.518334 0.528414
vt 0.517363 0.527356
vt 0.522125 0.532547
vt 0.519890 0.530110
vt 0.500000 0.508428
vt 0.495968 0.504032
vt 0.495968 0.504032
vt 0.493602 0.501452
vt 0.492269 0.500000
vt 0.492269 0.500000
vt 0.486262 0.493451
vt 0.500000 0.508428
vt 0.507929 0.517071
vt 0.501420 0.509976
vt 0.501113 0.509641
vn -0.524545 -0.851187 0.018266
vn -0.524546 -0.851186 0.018268
vn -0.524547 -0.851186 0.018265
vn -0.524546 -0.851186 0.018268
vn -0.524548 -0.851185 0.018268
vn -0.524555 -0.851181 0.018267
vn -0.524545 -0.851187 0.018267
vn -0.524542 -0.851188 0.018270
vn -0.524542 -0.851188 0.018267
vn -0.524542 -0.851188 0.018271
vn -0.524545 -0.851187 0.018269
vn -0.524547 -0.851186 0.018243
vn -0.524536 -0.851192 0.018270
vn -0.524552 -0.851182 0.018262
vn -0.524544 -0.851188 0.018255
vn -0.524547 -0.851186 0.018266
vn -0.524548 -0.851185 0.018267
vn -0.524554 -0.851181 0.018268
vn -0.524545 -0.851187 0.018267
vn -0.524537 -0.851192 0.018264
vn -0.524545 -0.851187 0.018266
vn -0.524541 -0.851189 0.018268
vn -0.524544 -0.851187 0.018266
vn -0.524518 -0.851203 0.018261
vn -0.524549 -0.851185 0.018265
vn -0.524547 -0.851186 0.018266
vn -0.524544 -0.851187 0.018266
vn -0.524543 -0.851188 0.018267
vn -0.524543 -0.851188 0.018266
vn -0.524547 -0.851185 0.018265
vn -0.524553 -0.851182 0.018270
vn -0.524545 -0.851187 0.018266
vn -0.524543 -0.851188 0.018266
vn -0.524542 -0.851189 0.018248
vn -0.524543 -0.851189 0.018251
vn -0.524509 -0.851211 0.018191
vn -0.524546 -0.851186 0.018267
vn -0.524545 -0.851187 0.018262
vn -0.524544 -0.851188 0.018266
vn -0.524546 -0.851186 0.018265
vn -0.524549 -0.851184 0.018265
vn -0.524544 -0.851187 0.018266
vn -0.524544 -0.851187 0.018266
vn -0.524545 -0.851187 0.018265
vn -0.524546 -0.851186 0.018265
vn -0.524545 -0.851187 0.018270
vn -0.524545 -0.851187 0.018266
vn -0.524545 -0.851187 0.018264
vn 0.000000 0.000000 1.000000
vn 0.000000 0.000000 1.000000
vn 0.000000 0.000000 1.000000
vn 0.000000 0.000000 1.000000
vn 0.000000 0.000000 1.000000
vn 0.000000 0.000000 1.000000
vn 0.000000 0.000000 1.000000
vn 0.000000 0.000000 1.000000
vn 0.000000 0.000000 1.000000
vn 0.000000 0.000000 1.000000
vn 0.000000 0.000000 1.000000
vn 0.000000 0.000000 1.000000
vn 0.000000 0.000000 1.000000
vn 0.000000 0.000000 1.000000
vn 0.000000 0.000000 1.000000
vn 0.000000 0.000000 1.000000
vn 0.000000 0.000000 1.000000
vn 0.000000 0.000000 1.000000
vn 0.000000 0.000000 1.000000
vn 0.000000 0.000000 1.000000
vn 0.000000 1.000000 0.000020
vn 0.000000 1.000000 0.000014
vn 0.000000 1.000000 0.000000
vn 0.000000 1.000000 0.000000
vn 0.000000 0.000000 1.000000
vn 0.000000 0.000000 1.000000
vn 0.000000 0.000000 1.000000
vn 0.000000 0.000000 1.000000
vn 0.000000 1.000000 0.000000
vn 0.000000 0.000000 1.000000
vn 0.000000 0.000000 1.000000
vn 0.000000 0.000000 1.000000
vn 0.000000 0.000000 1.000000
vn 0.000000 0.000000 1.000000
vn 0.000000 1.000000 -0.000000
vn 0.000000 1.000000 0.000000
vn 0.000000 1.000000 0.000000
vn 0.000000 1.000000 -0.000002
vn 0.000000 1.000000 -0.000003
vn 0.000000 0.000000 1.000000
vn 0.000000 0.000000 1.000000
vn 0.000000 0.000000 1.000000
vn 0.287848 0.054453 -0.956127
vn 0.324151 0.061319 -0.944016
vn 0.000000 0.000000 -1.000000
vn 0.340470 0.064408 -0.938047
vn 0.344856 0.065234 -0.936386
vn 0.000000 0.000000 -1.000000
vn 0.000000 1.000000 0.000000
vn 0.000000 1.000000 0.000001
vn 0.000000 0.000000 1.000000
vn 0.000000 0.000000 1.000000
vn 0.000000 0.000000 1.000000
vn 0.000000 0.000000 1.000000
vn 0.000000 0.000000 -1.000000
vn 0.371526 0.070280 -0.925759
vn 0.000000 0.000000 -1.000000
vn 0.329209 0.062277 -0.942201
vn 0.324215 0.061333 -0.943993
vn 0.000000 1.000000 0.000000
vn 0.000000 0.000000 1.000000
vn 0.000000 0.000000 1.000000
vn 0.000000 0.000000 1.000000
vn 0.000000 0.000000 -1.000000
vn 0.000000 0.000000 -1.000000
vn 0.000000 0.000000 -1.000000
vn 0.000000 0.000000 -1.000000
vn 0.000000 0.000000 -1.000000
vn 0.000000 0.000000 -1.000000
vn 0.000000 1.000000 0.000000
vn 0.000000 0.000000 1.000000
vn 0.000000 0.000000 1.000000
vn 0.000000 0.000000 1.000000
vn 0.000000 0.000000 1.000000
vn 0.000000 0.000000 1.000000
vn 0.000000 0.000000 -1.000000
vn 0.000000 0.000000 -1.000000
vn 0.000000 0.000000 -1.000000
vn 0.000000 1.000000 0.000000
vn 0.000000 0.000000 1.000000
vn 0.000003 0.000000 1.000000
vn 0.000000 0.000000 -1.000000
vn 0.000000 0.000000 -1.000000
vn 0.000000 1.000000 0.000000
vn 0.000000 1.000000 0.000000
vn 0.000001 0.000001 1.000000
vn 0.000000 0.000001 1.000000
vn 0.000000 0.000000 -1.000000
vn 0.000000 1.000000 0.000000
vn 0.000000 1.000000 0.000000
vn 0.407059 0.077005 -0.910150
vn 0.407059 0.077003 -0.910150
vn 0.407059 0.077003 -0.910150
vn 0.407059 0.077003 -0.910150
vn 0.407061 0.077002 -0.910149
vn 0.407057 0.077005 -0.910151
vn 0.407056 0.077004 -0.910151
vn 0.407055 0.077005 -0.910152
vn 0.407057 0.077003 -0.910151
vn 0.407061 0.076989 -0.910151
vn 0.407058 0.077003 -0.910151
vn 0.407058 0.077003 -0.910151
vn 0.407059 0.077003 -0.910150
vn 0.407058 0.077004 -0.910151
vn 0.407058 0.077003 -0.910151
vn 0.407060 0.077003 -0.910150
vn 0.407059 0.077003 -0.910150
vn 0.407058 0.077004 -0.910151
vn 0.407058 0.077005 -0.910151
vn 0.407058 0.077003 -0.910151
vn 0.407058 0.077003 -0.910151
vn 0.407060 0.077001 -0.910150
vn 0.407059 0.077003 -0.910151
vn 0.407059 0.077002 -0.910150
vn 0.407058 0.077003 -0.910151
vn 0.407059 0.077004 -0.910150
vn 0.407056 0.077004 -0.910152
vn 0.407059 0.077003 -0.910150
vn 0.407059 0.077003 -0.910150
vn 0.407057 0.077001 -0.910151
vn 0.407057 0.077003 -0.910151
vn 0.407058 0.077006 -0.910151
vn 0.407062 0.077005 -0.910149
vn 0.407061 0.077005 -0.910149
s 1
g solidShatter1 shard2
usemtl shatterInteriorSG1
f 739/1253/999 734/1257/1000 738/1252/1001
f 737/1254/1002 738/1252/1001 736/1255/1003
f 736/1255/1003 738/1252/1001 735/1256/1004
f 734/1257/1000 735/1256/1004 738/1252/1001
f 738/1252/1001 742/1259/1005 739/1260/999
f 739/1260/999 742/1259/1005 741/1261/1006
f 742/1259/1005 743/1258/1007 741/1261/1006
f 740/1262/1008 741/1261/1006 743/1258/1007
f 742/1265/1005 738/1252/1001 745/1263/1009
f 745/1263/1009 738/1252/1001 744/1264/1010
f 744/1268/1010 738/1252/1001 747/1266/1011
f 738/1252/1001 746/1267/1012 747/1266/1011
f 746/1271/1012 738/1252/1001 749/1269/1013
f 738/1252/1001 748/1270/1014 749/1269/1013
f 753/1274/1015 754/1273/1016 752/1275/1017
f 754/1273/1016 755/1272/1018 752/1275/1017
f 755/1272/1018 750/1279/1019 752/1275/1017
f 750/1279/1019 748/1278/1014 752/1275/1017
f 752/1275/1017 748/1278/1014 751/1276/1020
f 751/1276/1020 748/1278/1014 737/1277/1002
f 748/1278/1014 738/1252/1001 737/1277/1002
f 752/1285/1017 758/1284/1021 753/1286/1015
f 758/1284/1021 759/1283/1022 753/1286/1015
f 759/1283/1022 760/1282/1023 753/1286/1015
f 760/1282/1023 761/1281/1024 753/1286/1015
f 753/1286/1015 761/1281/1024 757/1287/1025
f 761/1281/1024 762/1280/1026 757/1287/1025
f 756/1288/1027 757/1287/1025 762/1280/1026
f 764/1293/1028 765/1292/1029 763/1294/1030
f 765/1292/1029 766/1291/1031 763/1294/1030
f 757/1290/1025 756/1289/1027 766/1291/1031
f 763/1294/1030 766/1291/1031 756/1289/1027
f 767/1298/1032 768/1297/1033 770/1295/1034
f 770/1295/1034 768/1297/1033 769/1296/1035
f 768/1303/1033 772/1302/1036 769/1304/1035
f 772/1302/1036 773/1301/1037 769/1304/1035
f 769/1304/1035 773/1301/1037 771/1305/1038
f 774/1300/1039 775/1299/1040 773/1301/1037
f 771/1305/1038 773/1301/1037 775/1299/1040
f 773/1308/1037 778/1307/1041 774/1309/1039
f 776/1311/1042 777/1310/1043 779/1306/1044
f 777/1310/1043 774/1309/1039 779/1306/1044
f 774/1309/1039 778/1307/1041 779/1306/1044
f 763/1313/1030 781/1312/1045 764/1314/1028
f 781/1312/1045 780/1317/1046 764/1314/1028
f 764/1314/1028 780/1317/1046 776/1315/1042
f 780/1317/1046 777/1316/1043 776/1315/1042
s 7
usemtl initialShadingGroup
f 782/1251/1047 783/1250/1048 784/1165/1049
f 785/1249/1050 786/1248/1051 787/1161/1052
f 788/1247/1053 789/1246/1054 790/1158/1055
f 791/1245/1056 792/1244/1057 793/1155/1058
f 797/1241/1059 794/1243/1060 796/1153/1061
f 794/1243/1060 795/1242/1062 796/1153/1061
f 767/1319/1063 798/1240/1064 768/1320/1065
f 768/1320/1065 798/1240/1064 772/1318/1066
s 13
f 783/1239/1067 799/1238/1068 784/1165/1069
f 784/1165/1069 799/1238/1068 800/1237/1070
s 7
f 786/1236/1051 782/1235/1047 787/1161/1052
f 787/1161/1052 782/1235/1047 784/1165/1049
f 787/1161/1052 790/1158/1055 785/1233/1050
f 789/1232/1054 801/1234/1071 790/1158/1055
f 801/1234/1071 785/1233/1050 790/1158/1055
f 790/1158/1055 793/1155/1058 788/1230/1053
f 792/1229/1057 802/1231/1072 793/1155/1058
f 802/1231/1072 788/1230/1053 793/1155/1058
f 795/1228/1062 791/1227/1056 796/1153/1061
f 796/1153/1061 791/1227/1056 793/1155/1058
f 796/1153/1061 778/1323/1073 797/1225/1059
f 778/1323/1073 773/1322/1074 797/1225/1059
f 798/1226/1064 797/1225/1059 772/1321/1066
f 773/1322/1074 772/1321/1066 797/1225/1059
s 13
f 800/1224/1070 803/1223/1075 784/1165/1069
s 7
f 804/1164/1076 787/1161/1052 784/1165/1049
f 805/1160/1077 790/1158/1055 787/1161/1052
f 806/1157/1078 793/1155/1058 790/1158/1055
f 807/1154/1079 796/1153/1061 793/1155/1058
f 779/1325/1080 778/1324/1073 796/1153/1061
s 13
f 784/1165/1069 803/1222/1075 804/1164/1081
f 803/1222/1075 808/1221/1082 804/1164/1081
f 811/1218/1083 804/1164/1081 810/1219/1084
f 808/1221/1082 809/1220/1085 804/1164/1081
f 809/1220/1085 810/1219/1084 804/1164/1081
s 7
f 805/1160/1077 787/1161/1052 804/1164/1076
f 806/1157/1078 790/1158/1055 805/1160/1077
f 807/1154/1079 793/1155/1058 806/1157/1078
f 796/1153/1061 807/1154/1079 779/1326/1080
f 779/1326/1080 807/1154/1079 776/1327/1086
f 776/1327/1086 807/1154/1079 764/1328/1087
f 765/1329/1088 764/1328/1087 807/1154/1079
s 15
f 812/1217/1089 813/1216/1090 814/1169/1091
f 815/1215/1092 816/1214/1093 817/1168/1094
s 13
f 819/1167/1095 804/1164/1081 818/1212/1096
f 811/1213/1083 818/1212/1096 804/1164/1081
s 7
f 820/1163/1097 805/1160/1077 804/1164/1076
f 821/1159/1098 806/1157/1078 805/1160/1077
f 822/1156/1099 807/1154/1079 806/1157/1078
f 766/1331/1100 765/1330/1088 807/1154/1079
s 15
f 814/1169/1091 813/1211/1090 760/1332/1101
f 761/1333/1102 760/1332/1101 813/1211/1090
f 816/1210/1093 812/1209/1089 817/1168/1094
f 817/1168/1094 812/1209/1089 814/1169/1091
f 819/1167/1103 818/1206/1104 817/1168/1094
f 818/1206/1104 823/1208/1105 817/1168/1094
f 823/1208/1105 815/1207/1092 817/1168/1094
s 13
f 820/1163/1106 804/1164/1081 819/1167/1095
s 7
f 821/1159/1098 805/1160/1077 820/1163/1097
f 822/1156/1099 806/1157/1078 821/1159/1098
f 822/1156/1099 754/1337/1107 807/1154/1079
f 754/1337/1107 753/1336/1108 807/1154/1079
f 753/1336/1108 757/1335/1109 807/1154/1079
f 757/1335/1109 766/1334/1100 807/1154/1079
s 15
f 760/1339/1101 759/1338/1110 814/1169/1091
f 751/1341/1111 817/1168/1094 752/1342/1112
f 814/1169/1091 758/1340/1113 817/1168/1094
f 752/1342/1112 817/1168/1094 758/1340/1113
f 735/1343/1114 819/1167/1103 736/1344/1115
f 736/1344/1115 819/1167/1103 817/1168/1094
s 13
f 824/1166/1116 820/1163/1106 819/1167/1095
s 7
f 825/1162/1117 821/1159/1098 820/1163/1097
f 749/1345/1118 748/1347/1119 821/1159/1098
f 748/1347/1119 750/1346/1120 821/1159/1098
f 750/1346/1120 822/1156/1099 821/1159/1098
f 755/1349/1121 754/1348/1107 822/1156/1099
s 15
f 759/1351/1110 758/1350/1113 814/1169/1091
f 736/1353/1115 817/1168/1094 737/1354/1122
f 737/1354/1122 817/1168/1094 751/1352/1111
f 735/1356/1114 734/1355/1123 819/1167/1103
f 734/1355/1123 824/1166/1124 819/1167/1103
s 13
f 825/1162/1125 820/1163/1106 824/1166/1116
s 7
f 821/1159/1098 825/1162/1117 749/1357/1118
f 749/1357/1118 825/1162/1117 746/1358/1126
f 747/1359/1127 746/1358/1126 825/1162/1117
f 750/1361/1120 755/1360/1121 822/1156/1099
s 15
f 741/1363/1128 824/1166/1124 739/1364/1129
f 739/1364/1129 824/1166/1124 734/1362/1123
s 13
f 740/1366/1130 743/1365/1131 824/1166/1116
f 824/1166/1116 743/1365/1131 825/1162/1125
s 7
f 747/1367/1127 825/1162/1117 744/1368/1132
f 745/1369/1133 744/1368/1132 825/1162/1117
s 15
f 741/1371/1128 740/1370/1134 824/1166/1124
s 13
f 743/1372/1131 742/1374/1135 825/1162/1125
f 742/1374/1135 745/1373/1136 825/1162/1125
s 15
usemtl shatterInteriorSG1
f 780/1376/1137 781/1375/1138 826/1170/1139
f 826/1170/1139 781/1377/1138 808/1205/1140
f 781/1377/1138 763/1380/1141 808/1205/1140
f 808/1205/1140 763/1380/1141 809/1204/1142
f 763/1380/1141 756/1379/1143 809/1204/1142
f 756/1379/1143 762/1378/1144 809/1204/1142
f 809/1203/1142 762/1382/1144 810/1197/1145
f 762/1382/1144 761/1381/1102 810/1197/1145
f 761/1381/1102 813/1202/1090 810/1197/1145
f 813/1202/1090 812/1201/1089 810/1197/1145
f 812/1201/1089 816/1200/1093 810/1197/1145
f 816/1200/1093 815/1199/1092 810/1197/1145
f 815/1199/1092 823/1198/1105 810/1197/1145
f 810/1196/1145 823/1195/1105 811/1193/1146
f 823/1195/1105 818/1194/1104 811/1193/1146
f 799/1192/1147 826/1170/1139 800/1189/1148
f 808/1191/1140 803/1190/1149 826/1170/1139
f 826/1170/1139 803/1190/1149 800/1189/1148
f 801/1185/1150 826/1170/1139 785/1186/1151
f 783/1183/1152 782/1188/1153 799/1184/1147
f 799/1184/1147 782/1188/1153 826/1170/1139
f 782/1188/1153 786/1187/1154 826/1170/1139
f 786/1187/1154 785/1186/1151 826/1170/1139
f 801/1179/1150 789/1182/1155 826/1170/1139
f 789/1182/1155 788/1181/1156 826/1170/1139
f 826/1170/1139 788/1181/1156 775/1383/1157
f 788/1181/1156 802/1180/1158 775/1383/1157
f 771/1384/1159 775/1383/1157 802/1180/1158
f 802/1174/1158 792/1178/1160 771/1385/1159
f 792/1178/1160 791/1177/1161 771/1385/1159
f 771/1385/1159 791/1177/1161 769/1386/1162
f 791/1177/1161 795/1176/1163 769/1386/1162
f 769/1386/1162 795/1176/1163 770/1387/1164
f 770/1387/1164 795/1176/1163 794/1175/1165
f 767/1389/1166 770/1388/1164 798/1171/1167
f 798/1171/1167 770/1388/1164 797/1172/1168
f 770/1388/1164 794/1173/1165 797/1172/1168
f 775/1390/1157 774/1393/1169 826/1170/1139
f 774/1393/1169 777/1392/1170 826/1170/1139
f 777/1392/1170 780/1391/1137 826/1170/1139
g default
v 1.439084 5.135914 -0.500000
v 0.966731 5.177162 -0.269238
v 1.062672 5.239172 -0.500000
v 1.168221 5.210217 -0.500000
v 0.222674 5.469601 -0.500000
v 0.490213 5.396209 -0.500000
v 0.514821 5.389459 -0.500000
v 0.563989 5.375971 -0.500000
v -0.745155 5.735096 -0.500000
v -0.710773 5.725664 -0.500000
v -0.741005 5.728304 -0.485230
v -0.421922 5.646426 -0.500000
v -0.614812 5.521754 -0.036049
v -0.666444 5.606265 -0.219832
v -0.729811 5.709982 -0.445384
v -0.490213 5.665160 -0.500000
v -0.481548 5.303632 0.438302
v -0.138578 5.568700 -0.500000
v 0.490213 5.013441 0.500000
v -0.148405 5.188627 0.500000
v -0.464214 5.275261 0.500000
v -0.469903 5.284573 0.479750
v 0.646916 4.970454 0.500000
v 1.470638 4.744490 0.500000
v 1.127554 4.838605 0.500000
v 2.281763 4.660311 0.138607
v 1.542019 4.724909 0.500000
v 1.814409 4.650187 0.500000
v 2.131514 4.563199 0.500000
v 3.285221 4.246712 0.500000
v 3.086449 4.301240 0.500000
v 2.451065 4.475539 0.500000
v 3.264479 4.274072 0.443387
v 3.157324 4.415413 0.150923
v 3.258696 4.281700 0.427603
v 3.020567 4.595796 -0.222327
v 2.918831 4.729988 -0.500000
v 2.547268 4.831916 -0.500000
v 2.522882 4.838605 -0.500000
v 1.470638 5.127257 -0.500000
v 1.821621 5.030976 -0.500000
v 2.451065 4.858306 -0.500000
v 2.475019 4.851735 -0.500000
v -0.454022 5.356134 0.500000
v -0.458532 5.320349 0.500000
v 0.490213 5.375970 0.500000
v -0.451523 5.375970 0.500000
v -0.390678 5.858782 0.500000
v -0.383803 5.913336 0.500000
v 0.490213 5.913336 0.500000
v -0.354574 6.145267 0.500000
v -0.327333 6.361427 0.500000
v -0.316083 6.450701 0.500000
v 0.490213 6.450701 0.500000
v -0.263989 6.864075 0.500000
v -0.248363 6.988066 0.500000
v 0.490213 6.988066 0.500000
v -0.200644 7.366720 0.500000
v -0.180643 7.525433 0.500000
v -0.198941 7.380230 0.500000
v 0.490213 7.525433 0.500000
v -0.164260 7.655430 0.500000
v -0.137299 7.869366 0.500000
v -0.112923 8.062798 0.500000
v 0.490213 8.062798 0.500000
v -0.377114 8.062798 -0.279579
v -0.431528 8.062798 -0.440143
v -0.451813 8.062798 -0.500000
v 0.490213 8.062798 -0.500000
v -0.490213 7.758087 -0.500000
v -0.490213 7.525436 -0.500000
v -0.519532 7.525436 -0.500000
v -0.500889 7.673370 -0.500000
v -0.521708 7.508173 -0.500000
v -0.587253 6.988066 -0.500000
v -0.533056 7.418127 -0.500000
v -0.490213 6.988066 -0.500000
v -0.594453 6.930933 -0.500000
v -0.654973 6.450701 -0.500000
v -0.621421 6.716936 -0.500000
v -0.490213 6.450701 -0.500000
v -0.667198 6.353697 -0.500000
v -0.722693 5.913336 -0.500000
v -0.490213 5.913336 -0.500000
v -0.723370 5.907965 -0.500000
v -0.739942 5.776461 -0.500000
v 1.470638 4.838605 0.500000
v 1.470638 5.375970 0.500000
v 1.470638 5.913336 0.500000
v 1.470638 6.450701 0.500000
v 1.470638 6.988066 0.500000
v 1.470638 7.525433 0.500000
v 1.470638 8.062798 0.500000
v 0.490213 7.525436 -0.500000
v 0.490213 6.988066 -0.500000
v 0.490213 6.450701 -0.500000
v 0.490213 5.913336 -0.500000
v 1.470638 8.062798 -0.500000
v 2.451065 4.838605 0.500000
v 2.451065 5.375970 0.500000
v 2.451065 5.913336 0.500000
v 2.451065 6.450701 0.500000
v 2.451065 6.988066 0.500000
v 2.451065 7.525433 0.500000
v 2.451065 8.062798 0.500000
v 1.470638 7.525436 -0.500000
v 1.470638 6.988066 -0.500000
v 1.470638 6.450701 -0.500000
v 1.470638 5.913336 -0.500000
v 1.470638 5.375971 -0.500000
v 2.451065 8.062798 -0.500000
v 3.281546 4.301240 0.500000
v 3.281237 4.305800 0.500000
v 3.275789 4.386578 0.500000
v 3.245310 4.838605 0.500000
v 3.238163 4.944567 0.500000
v 3.209072 5.375970 0.500000
v 3.208286 5.387618 0.500000
v 3.200537 5.502555 0.500000
v 3.172836 5.913336 0.500000
v 3.162910 6.060543 0.500000
v 3.136600 6.450701 0.500000
v 3.135338 6.469435 0.500000
v 3.125284 6.618530 0.500000
v 3.100365 6.988066 0.500000
v 3.087656 7.176519 0.500000
v 3.064129 7.525433 0.500000
v 3.062387 7.551252 0.500000
v 3.050030 7.734509 0.500000
v 3.027893 8.062798 0.500000
v 3.009943 8.062798 0.446229
v 2.819548 8.062798 -0.124161
v 2.451065 7.525436 -0.500000
v 2.451065 6.988066 -0.500000
v 2.451065 6.450701 -0.500000
v 2.451065 5.913336 -0.500000
v 2.451065 5.375971 -0.500000
v 3.227823 5.097896 0.500000
v 2.911507 4.838605 -0.500000
v 2.896933 5.054732 -0.500000
v 2.895096 5.081976 -0.500000
v 2.875271 5.375971 -0.500000
v 2.860151 5.600188 -0.500000
v 2.839035 5.913336 -0.500000
v 2.826780 6.095053 -0.500000
v 3.197657 5.545260 0.500000
v 2.825207 6.118401 -0.500000
v 2.823982 6.136551 -0.500000
v 2.818840 6.212816 -0.500000
v 2.944029 7.424707 0.119859
v 3.085014 7.215710 0.500000
v 2.714138 7.765503 -0.500000
v 2.694090 8.062798 -0.500000
v 2.720373 7.673042 -0.500000
v 2.802799 6.450701 -0.500000
v 2.751034 7.218367 -0.500000
v 2.790262 6.636614 -0.500000
v 2.766563 6.988066 -0.500000
v 2.755318 7.154827 -0.500000
v 2.730326 7.525436 -0.500000
v -0.652362 5.953655 -0.307462
vt 0.525000 0.150000
vt 0.541667 0.150000
vt 0.508333 0.166667
vt 0.525000 0.166667
vt 0.541667 0.166667
vt 0.508333 0.183333
vt 0.525000 0.183333
vt 0.541667 0.183333
vt 0.508333 0.200000
vt 0.525000 0.200000
vt 0.541667 0.200000
vt 0.508333 0.216667
vt 0.525000 0.216667
vt 0.541667 0.216667
vt 0.508333 0.233333
vt 0.525000 0.233333
vt 0.541667 0.233333
vt 0.508333 0.250000
vt 0.525000 0.250000
vt 0.541667 0.250000
vt 0.508333 0.500000
vt 0.525000 0.500000
vt 0.541667 0.500000
vt 0.491667 0.516667
vt 0.508333 0.516667
vt 0.525000 0.516667
vt 0.541667 0.516667
vt 0.491667 0.533333
vt 0.508333 0.533333
vt 0.525000 0.533333
vt 0.541667 0.533333
vt 0.491667 0.550000
vt 0.508333 0.550000
vt 0.525000 0.550000
vt 0.541667 0.550000
vt 0.491667 0.566667
vt 0.508333 0.566667
vt 0.525000 0.566667
vt 0.541667 0.566667
vt 0.525000 0.583333
vt 0.541667 0.583333
vt 0.450000 0.475000
vt 0.459139 0.467329
vt 0.461635 0.468687
vt 0.466895 0.471549
vt 0.469677 0.473063
vt 0.473238 0.475000
vt 0.458188 0.466812
vt 0.451384 0.463109
vt 0.453593 0.464311
vt 0.458188 0.466812
vt 0.450000 0.462356
vt 0.442458 0.465919
vt 0.445551 0.459935
vt 0.450000 0.462356
vt 0.437765 0.475000
vt 0.442236 0.478529
vt 0.437322 0.475856
vt 0.437765 0.475000
vt 0.444978 0.480022
vt 0.445365 0.480232
vt 0.444978 0.480022
vt 0.450000 0.482754
vt 0.458937 0.487617
vt 0.453407 0.484608
vt 0.450587 0.483073
vt 0.450000 0.482754
vt 0.473238 0.475000
vt 0.474379 0.475621
vt 0.461169 0.488831
vt 0.469491 0.493360
vt 0.467288 0.492161
vt 0.461449 0.488984
vt 0.461169 0.488831
vt 0.474379 0.475621
vt 0.474651 0.475769
vt 0.475000 0.475959
vt 0.475000 0.496357
vt 0.475639 0.496705
vt 0.475000 0.496357
vt 0.475000 0.475959
vt 0.477720 0.477439
vt 0.482406 0.479989
vt 0.485762 0.481815
vt 0.490162 0.484209
vt 0.490569 0.484431
vt 0.477359 0.497641
vt 0.477534 0.497736
vt 0.477359 0.497641
vt 0.490569 0.484431
vt 0.493804 0.486191
vt 0.481695 0.500000
vt 0.492341 0.505792
vt 0.485576 0.502111
vt 0.483990 0.501249
vt 0.481695 0.500000
vt 0.493550 0.506450
vt 0.493618 0.506487
vt 0.493550 0.506450
vt 0.555784 0.133333
vt 0.555687 0.135980
vt 0.555779 0.133475
vt 0.555784 0.133333
vt 0.555168 0.150000
vt 0.555687 0.135980
vt 0.555047 0.153286
vt 0.555168 0.150000
vt 0.554552 0.166667
vt 0.554871 0.158042
vt 0.555047 0.153286
vt 0.554407 0.170593
vt 0.554539 0.167028
vt 0.554552 0.166667
vt 0.553936 0.183333
vt 0.554358 0.171917
vt 0.554407 0.170593
vt 0.553768 0.187899
vt 0.553936 0.183333
vt 0.553320 0.200000
vt 0.553768 0.187899
vt 0.553128 0.205205
vt 0.553299 0.200581
vt 0.553320 0.200000
vt 0.552704 0.216667
vt 0.553128 0.205205
vt 0.552488 0.222512
vt 0.552704 0.216667
vt 0.552088 0.233333
vt 0.552444 0.223727
vt 0.552488 0.222512
vt 0.551849 0.239818
vt 0.552059 0.234134
vt 0.552088 0.233333
vt 0.551472 0.250000
vt 0.551849 0.239818
vt 0.547931 0.406040
vt 0.551167 0.263443
vt 0.551472 0.250000
vt 0.545798 0.500000
vt 0.547931 0.406040
vt 0.546245 0.512089
vt 0.546139 0.509221
vt 0.545798 0.500000
vt 0.546414 0.516667
vt 0.546245 0.512089
vt 0.546839 0.528161
vt 0.546766 0.526190
vt 0.546414 0.516667
vt 0.547030 0.533333
vt 0.546839 0.528161
vt 0.547433 0.544234
vt 0.547030 0.533333
vt 0.547646 0.550000
vt 0.547433 0.544234
vt 0.547646 0.550000
vt 0.548027 0.560306
vt 0.548006 0.559744
vt 0.547919 0.557378
vt 0.548262 0.566667
vt 0.548054 0.561031
vt 0.548027 0.560306
vt 0.548621 0.576379
vt 0.548262 0.566667
vt 0.548878 0.583333
vt 0.548621 0.576379
vt 0.549215 0.592452
vt 0.548878 0.583333
vt 0.549494 0.600000
vt 0.549246 0.593297
vt 0.549215 0.592452
vt 0.549494 0.600000
vt 0.500000 0.475000
vt 0.511344 0.488656
vt 0.511344 0.488656
vt 0.514988 0.475000
vt 0.513964 0.478839
vt 0.513723 0.479743
vt 0.511590 0.487735
vt 0.511502 0.488064
vt 0.514988 0.475000
vt 0.520444 0.454556
vt 0.520385 0.454779
vt 0.518712 0.461048
vt 0.518164 0.463100
vt 0.516338 0.469944
vt 0.515943 0.471422
vt 0.504600 0.444372
vt 0.505946 0.439328
vt 0.506994 0.439563
vt 0.509806 0.440194
vt 0.504225 0.445775
vt 0.503572 0.448224
vt 0.504225 0.445775
vt 0.509806 0.440194
vt 0.523460 0.443256
vt 0.522605 0.446458
vt 0.521660 0.450000
vt 0.503098 0.450000
vt 0.503496 0.448509
vt 0.503098 0.450000
vt 0.521660 0.450000
vt 0.521086 0.452152
vt 0.520444 0.454556
vt 0.500000 0.461608
vt 0.500945 0.458065
vt 0.501198 0.457119
vt 0.500000 0.461608
vt 0.496426 0.475000
vt 0.496450 0.474911
vt 0.498395 0.467621
vt 0.498824 0.466015
vt 0.496426 0.475000
vt 0.495845 0.477177
vt 0.487422 0.570912
vt 0.487422 0.570912
vt 0.487715 0.566667
vt 0.487703 0.566833
vt 0.488658 0.553009
vt 0.487715 0.566667
vt 0.488866 0.550000
vt 0.488658 0.553009
vt 0.489895 0.535105
vt 0.489436 0.541743
vt 0.488866 0.550000
vt 0.490017 0.533333
vt 0.489895 0.535105
vt 0.491131 0.517202
vt 0.490938 0.519995
vt 0.490017 0.533333
vt 0.491168 0.516667
vt 0.491131 0.517202
vt 0.491667 0.509451
vt 0.491485 0.512078
vt 0.491168 0.516667
vt 0.492320 0.500000
vt 0.491667 0.509451
vt 0.492664 0.485036
vt 0.492320 0.500000
vt 0.492664 0.485036
vt 0.498080 0.250000
vt 0.493589 0.444895
vt 0.497666 0.244001
vt 0.498081 0.250000
vt 0.497666 0.244001
vt 0.496929 0.233333
vt 0.497208 0.237365
vt 0.496589 0.228411
vt 0.496618 0.228830
vt 0.496929 0.233333
vt 0.495778 0.216667
vt 0.496589 0.228411
vt 0.495512 0.212821
vt 0.495778 0.216667
vt 0.494627 0.200000
vt 0.495512 0.212821
vt 0.494436 0.197231
vt 0.494627 0.200000
vt 0.494436 0.197231
vt 0.493476 0.183333
vt 0.493973 0.190527
vt 0.493359 0.181641
vt 0.493476 0.183333
vt 0.492325 0.166667
vt 0.493359 0.181641
vt 0.492282 0.166051
vt 0.492325 0.166667
vt 0.492282 0.166051
vt 0.492205 0.164942
vt 0.500000 0.500000
vt 0.525000 0.500000
vt 0.523223 0.504927
vt 0.525000 0.504377
vt 0.518661 0.506339
vt 0.533398 0.501779
vt 0.534226 0.501522
vt 0.534640 0.501394
vt 0.539145 0.500000
vt 0.525000 0.504377
vt 0.555270 0.494730
vt 0.554864 0.495136
vt 0.555443 0.494957
vt 0.551150 0.496285
vt 0.554864 0.495136
vt 0.555270 0.494730
vt 0.554802 0.494119
vt 0.552156 0.490660
vt 0.550000 0.487841
vt 0.550000 0.496641
vt 0.545229 0.498118
vt 0.550000 0.496641
vt 0.550000 0.487841
vt 0.544435 0.480565
vt 0.539145 0.500000
vt 0.525000 0.485409
vt 0.544435 0.480565
vt 0.543949 0.479929
vt 0.543711 0.479619
vt 0.538393 0.481264
vt 0.527639 0.484592
vt 0.509927 0.490073
vt 0.525000 0.485409
vt 0.516906 0.487913
vt 0.511129 0.489701
vt 0.500000 0.493145
vt 0.509927 0.490073
vt 0.505340 0.491493
vt 0.481318 0.500000
vt 0.500000 0.493145
vt 0.494619 0.494810
vt 0.483919 0.498121
vt 0.480572 0.499157
vt 0.490086 0.509914
vt 0.481318 0.500000
vt 0.481526 0.500235
vt 0.485170 0.504356
vt 0.500000 0.512113
vt 0.490086 0.509914
vt 0.493743 0.514050
vt 0.501217 0.511737
vt 0.501620 0.511612
vt 0.512220 0.508332
vt 0.518130 0.506503
vt 0.518661 0.506339
vt 0.500000 0.512113
vt 0.500411 0.511986
vt 0.497477 0.160856
vt 0.492109 0.163543
vt 0.508333 0.155423
vt 0.497477 0.160856
vt 0.491667 0.574364
vt 0.487333 0.572195
vt 0.487917 0.572487
vt 0.508333 0.155423
vt 0.519168 0.150000
vt 0.510997 0.154089
vt 0.491667 0.574364
vt 0.492828 0.574945
vt 0.497644 0.577356
vt 0.525000 0.147081
vt 0.519168 0.150000
vt 0.497644 0.577356
vt 0.503785 0.580429
vt 0.508333 0.582706
vt 0.525000 0.147081
vt 0.530844 0.144156
vt 0.526214 0.146474
vt 0.508333 0.582706
vt 0.508752 0.582915
vt 0.519859 0.588474
vt 0.509588 0.583333
vt 0.518065 0.587576
vt 0.530844 0.144156
vt 0.541667 0.138739
vt 0.536235 0.141458
vt 0.508752 0.582915
vt 0.509588 0.583333
vt 0.519859 0.588474
vt 0.524464 0.590779
vt 0.525000 0.591047
vt 0.552468 0.133333
vt 0.541667 0.138739
vt 0.525000 0.591047
vt 0.530967 0.594033
vt 0.555847 0.131642
vt 0.552468 0.133333
vt 0.494434 0.506931
vt 0.494506 0.505494
vt 0.494490 0.505807
vt 0.494782 0.500000
vt 0.494506 0.505494
vt 0.494782 0.500000
vt 0.495430 0.487075
vt 0.495153 0.492589
vt 0.530967 0.594033
vt 0.541667 0.599389
vt 0.549618 0.603369
vt 0.542888 0.600000
vt 0.543302 0.600207
vt 0.542074 0.599593
vt 0.542888 0.600000
vt 0.541667 0.599389
vt 0.542074 0.599593
vt 0.500000 0.481095
vt 0.496508 0.478492
vt 0.495662 0.477862
vt 0.496508 0.478492
vt 0.495891 0.478032
vt 0.510831 0.489169
vt 0.510190 0.488691
vt 0.502845 0.483216
vt 0.500000 0.481095
vt 0.511145 0.489402
vt 0.510831 0.489169
vn -0.248180 -0.904704 -0.346290
vn -0.248179 -0.904704 -0.346292
vn -0.248180 -0.904704 -0.346290
vn -0.248179 -0.904704 -0.346291
vn -0.248179 -0.904704 -0.346291
vn -0.248181 -0.904707 -0.346284
vn -0.248167 -0.904694 -0.346327
vn -0.248179 -0.904703 -0.346295
vn -0.248178 -0.904695 -0.346316
vn -0.248180 -0.904711 -0.346271
vn -0.248169 -0.904706 -0.346294
vn -0.248178 -0.904705 -0.346290
vn -0.248184 -0.904703 -0.346292
vn -0.248178 -0.904703 -0.346294
vn -0.248181 -0.904703 -0.346294
vn -0.248181 -0.904705 -0.346289
vn -0.248179 -0.904705 -0.346290
vn -0.248179 -0.904704 -0.346293
vn -0.248178 -0.904704 -0.346292
vn -0.248180 -0.904702 -0.346297
vn -0.248180 -0.904704 -0.346292
vn -0.248179 -0.904704 -0.346292
vn -0.248179 -0.904704 -0.346292
vn -0.248179 -0.904704 -0.346291
vn -0.248180 -0.904703 -0.346292
vn -0.248179 -0.904704 -0.346293
vn -0.248179 -0.904704 -0.346292
vn -0.248179 -0.904704 -0.346292
vn -0.248179 -0.904705 -0.346290
vn -0.248181 -0.904706 -0.346284
vn -0.248180 -0.904706 -0.346285
vn -0.248180 -0.904705 -0.346289
vn -0.248179 -0.904704 -0.346291
vn -0.248177 -0.904702 -0.346298
vn -0.248178 -0.904704 -0.346292
vn -0.248179 -0.904704 -0.346291
vn -0.248180 -0.904704 -0.346290
vn -0.248179 -0.904704 -0.346292
vn -0.248181 -0.904702 -0.346296
vn -0.248178 -0.904704 -0.346293
vn -0.248179 -0.904703 -0.346293
vn -0.248179 -0.904704 -0.346292
vn -0.248180 -0.904704 -0.346291
vn 0.000000 0.000000 1.000000
vn 0.000000 0.000000 1.000000
vn 0.000000 0.000000 1.000000
vn 0.000000 0.000000 1.000000
vn 0.000000 0.000000 1.000000
vn 0.000000 0.000000 1.000000
vn 0.000000 0.000000 1.000000
vn 0.000000 0.000000 1.000000
vn 0.000000 0.000000 1.000000
vn 0.000000 0.000000 1.000000
vn 0.000000 0.000000 1.000000
vn 0.000000 0.000000 1.000000
vn 0.000000 0.000000 1.000000
vn 0.000000 0.000000 1.000000
vn 0.000000 0.000000 1.000000
vn 0.000000 0.000000 1.000000
vn 0.000000 0.000000 1.000000
vn 0.000000 0.000000 1.000000
vn 0.000000 0.000000 1.000000
vn 0.000000 0.000000 1.000000
vn 0.000000 0.000000 1.000000
vn 0.000000 0.000000 1.000000
vn 0.000000 0.000000 1.000000
vn 0.000000 0.000000 1.000000
vn 0.000000 0.000000 1.000000
vn 0.000000 1.000000 0.000000
vn 0.000000 1.000000 0.000000
vn 0.000000 1.000000 0.000000
vn 0.000000 1.000000 0.000000
vn 0.000000 1.000000 0.000000
vn 0.000000 1.000000 0.000000
vn 0.000000 0.000000 -1.000000
vn 0.000000 0.000000 -1.000000
vn 0.000000 0.000000 -1.000000
vn 0.000000 0.000000 -1.000000
vn 0.000000 0.000000 -1.000000
vn 0.000000 0.000000 -1.000000
vn 0.000000 0.000000 -1.000000
vn 0.000000 0.000000 -1.000000
vn 0.000000 0.000000 -1.000000
vn 0.000000 0.000000 -1.000000
vn 0.000000 0.000000 -1.000000
vn 0.000000 0.000000 -1.000000
vn 0.000000 0.000000 -1.000000
vn 0.000000 0.000000 -1.000000
vn 0.000000 0.000000 -1.000000
vn 0.000000 0.000000 -1.000000
vn 0.000000 0.000000 -1.000000
vn 0.000000 0.000000 -1.000000
vn 0.000000 0.000000 -1.000000
vn 0.000000 0.000000 -1.000000
vn 0.000000 0.000000 -1.000000
vn 0.000000 0.000000 -1.000000
vn 0.000000 0.000000 1.000000
vn 0.000000 0.000000 1.000000
vn 0.000000 0.000000 1.000000
vn 0.000000 0.000000 1.000000
vn 0.000000 0.000000 1.000000
vn 0.000000 0.000000 1.000000
vn 0.000000 0.000000 1.000000
vn 0.000000 0.000000 1.000000
vn 0.000000 1.000000 0.000000
vn 0.000000 0.000000 -1.000000
vn 0.000000 0.000000 -1.000000
vn 0.000000 0.000000 -1.000000
vn 0.000000 0.000000 -1.000000
vn 0.000000 0.000000 -1.000000
vn 0.000000 0.000000 -1.000000
vn 0.000000 0.000000 1.000000
vn 0.000000 0.000000 1.000000
vn 0.000000 1.000000 0.000000
vn 0.000000 0.000000 -1.000000
vn 0.000000 0.000000 -1.000000
vn 0.000000 0.000000 -1.000000
vn 0.000000 0.000000 1.000000
vn 0.000000 0.000000 1.000000
vn 0.000000 0.000000 1.000000
vn 0.000000 0.000000 1.000000
vn 0.000000 0.000000 1.000000
vn 0.000000 0.000000 1.000000
vn 0.000000 0.000000 1.000000
vn 0.000000 0.000000 1.000000
vn 0.000000 1.000000 0.000000
vn 0.000000 0.000000 -1.000000
vn 0.000000 0.000000 -1.000000
vn 0.000000 0.000000 -1.000000
vn 0.000000 0.000000 -1.000000
vn 0.000000 0.000000 -1.000000
vn 0.000000 0.000000 -1.000000
vn 0.000000 0.000000 -1.000000
vn 0.000000 0.000000 -1.000000
vn 0.000000 0.000000 -1.000000
vn 0.000000 0.000000 1.000000
vn 0.000000 0.000000 1.000000
vn 0.000000 0.000000 1.000000
vn 0.000000 1.000000 0.000000
vn 0.000000 0.000000 -1.000000
vn 0.000000 0.000000 -1.000000
vn 0.000000 0.000000 -1.000000
vn 0.000000 0.000000 1.000000
vn 0.000000 0.000000 1.000000
vn 0.000000 0.000000 1.000000
vn 0.000000 0.000000 1.000000
vn 0.000000 0.000000 1.000000
vn 0.000000 0.000000 1.000000
vn 0.000000 0.000000 1.000000
vn 0.000000 0.000000 1.000000
vn 0.000000 0.000000 1.000000
vn 0.000000 0.000000 1.000000
vn 0.000000 0.000000 1.000000
vn 0.000000 0.000000 1.000000
vn 0.000000 0.000000 1.000000
vn 0.000000 0.000000 1.000000
vn 0.000000 0.000000 1.000000
vn 0.000000 0.000000 1.000000
vn 0.000000 0.000000 1.000000
vn 0.000000 0.000000 1.000000
vn 0.000000 0.000000 1.000000
vn 0.000000 1.000000 0.000000
vn 0.000000 1.000000 0.000000
vn 0.000000 1.000000 0.000000
vn 0.000000 0.000000 -1.000000
vn 0.000000 0.000000 -1.000000
vn 0.000000 0.000000 -1.000000
vn 0.000000 0.000000 -1.000000
vn 0.000000 0.000000 -1.000000
vn 0.000000 0.000000 -1.000000
vn 0.000000 0.000000 1.000000
vn 0.946617 0.063838 -0.315977
vn 0.946614 0.063843 -0.315983
vn 0.946617 0.063805 -0.315982
vn 0.946604 0.063848 -0.316013
vn 0.946613 0.063807 -0.315994
vn 0.946615 0.063833 -0.315982
vn 0.946614 0.063837 -0.315984
vn 0.946615 0.063834 -0.315983
vn 0.946614 0.063834 -0.315987
vn 0.946617 0.063830 -0.315979
vn 0.000000 0.000000 1.000000
vn 0.946616 0.063829 -0.315982
vn 0.946615 0.063834 -0.315982
vn 0.946616 0.063832 -0.315982
vn 0.946616 0.063832 -0.315982
vn 0.946615 0.063833 -0.315982
vn 0.946616 0.063831 -0.315981
vn 0.946616 0.063832 -0.315982
vn 0.946615 0.063834 -0.315983
vn 0.946616 0.063835 -0.315980
vn 0.946616 0.063833 -0.315982
vn 0.946616 0.063832 -0.315981
vn 0.946616 0.063833 -0.315982
vn 0.946616 0.063830 -0.315981
vn 0.000000 0.000000 1.000000
vn 0.946615 0.063832 -0.315983
vn 0.946616 0.063829 -0.315981
vn 0.946615 0.063832 -0.315983
vn 0.946616 0.063834 -0.315981
vn 0.946615 0.063832 -0.315983
vn 0.946615 0.063829 -0.315983
vn 0.946616 0.063831 -0.315982
vn 0.946616 0.063833 -0.315982
vn 0.946615 0.063832 -0.315982
vn 0.946618 0.063826 -0.315976
vn 0.946615 0.063836 -0.315984
vn 0.946615 0.063834 -0.315983
vn 0.000000 0.000000 1.000000
vn 0.946615 0.063835 -0.315983
vn 0.946615 0.063834 -0.315982
vn 0.946609 0.063830 -0.316001
vn 0.946615 0.063833 -0.315983
vn 0.946616 0.063832 -0.315981
vn 0.000000 0.000000 1.000000
vn 0.946616 0.063832 -0.315981
vn 0.946615 0.063832 -0.315983
vn 0.946614 0.063836 -0.315987
vn 0.000000 1.000000 0.000005
vn 0.000000 0.000000 -1.000000
vn 0.000000 0.000000 -1.000000
vn 0.000000 0.000000 -1.000000
vn 0.000000 0.000000 -1.000000
vn 0.000000 0.000000 -1.000000
vn 0.000000 0.000000 -1.000000
vn 0.000000 0.000000 -1.000000
vn 0.000000 0.000000 -1.000000
vn 0.000000 0.000000 -1.000000
vn 0.000000 0.000000 -1.000000
vn 0.000000 0.000000 -1.000000
vn 0.000000 0.000000 -1.000000
vn 0.000000 0.000000 -1.000000
vn 0.000000 0.000000 -1.000000
vn 0.000000 0.000000 -1.000000
vn 0.000000 0.000000 -1.000000
vn 0.000000 0.000000 -1.000000
vn 0.000000 0.000000 -1.000000
vn 0.000000 0.000000 -1.000000
vn 0.946616 0.063832 -0.315980
vn 0.946615 0.063834 -0.315982
vn 0.946616 0.063832 -0.315981
vn 0.946615 0.063833 -0.315983
vn 0.946616 0.063834 -0.315980
vn 0.946615 0.063831 -0.315983
vn 0.946615 0.063834 -0.315982
vn 0.000000 0.000000 -1.000000
vn 0.000000 0.000000 -1.000000
vn 0.000000 0.000000 -1.000000
vn 0.000000 0.000000 -1.000000
vn 0.000000 0.000000 -1.000000
vn -0.940418 0.118515 0.318698
vn -0.940418 0.118514 0.318698
vn -0.940418 0.118514 0.318698
vn -0.940418 0.118517 0.318696
vn -0.940418 0.118513 0.318698
vn -0.940418 0.118512 0.318697
vn -0.940417 0.118512 0.318702
vn -0.940418 0.118514 0.318698
vn -0.940418 0.118514 0.318699
vn -0.940418 0.118514 0.318699
vn -0.940418 0.118513 0.318699
vn -0.940418 0.118513 0.318698
vn -0.940418 0.118515 0.318697
vn -0.940418 0.118513 0.318699
vn -0.940418 0.118513 0.318698
vn -0.940418 0.118515 0.318698
vn -0.940418 0.118513 0.318698
vn -0.940418 0.118514 0.318698
vn -0.940418 0.118513 0.318699
vn -0.940418 0.118514 0.318699
vn -0.940418 0.118512 0.318698
vn -0.940419 0.118512 0.318697
vn -0.940417 0.118519 0.318699
vn -0.940417 0.118512 0.318701
vn -0.940418 0.118515 0.318699
vn -0.940417 0.118515 0.318702
vn -0.940418 0.118513 0.318697
vn -0.940418 0.118514 0.318698
vn -0.940418 0.118514 0.318697
vn -0.940418 0.118513 0.318699
vn -0.940418 0.118514 0.318699
vn -0.940418 0.118513 0.318698
vn -0.940418 0.118514 0.318698
vn -0.940418 0.118514 0.318699
vn -0.940418 0.118513 0.318699
vn -0.940419 0.118515 0.318696
vn -0.940419 0.118517 0.318695
vn -0.940417 0.118514 0.318700
vn -0.940419 0.118513 0.318697
vn -0.940418 0.118514 0.318698
vn -0.940415 0.118512 0.318707
s 1
g solidShatter1 shard3
usemtl shatterInteriorSG1
f 827/1666/1171 828/1663/1172 830/1664/1173
f 830/1664/1173 828/1663/1172 829/1665/1174
f 831/1670/1175 832/1669/1176 828/1663/1172
f 832/1669/1176 833/1668/1177 828/1663/1172
f 833/1668/1177 834/1667/1178 828/1663/1172
f 829/1671/1174 828/1663/1172 834/1667/1178
f 835/1674/1179 836/1673/1180 837/1672/1181
f 839/1680/1182 840/1679/1183 838/1681/1184
f 838/1681/1184 840/1679/1183 842/1675/1185
f 837/1677/1181 836/1676/1180 841/1678/1186
f 836/1676/1180 842/1675/1185 841/1678/1186
f 840/1679/1183 841/1678/1186 842/1675/1185
f 828/1663/1172 843/1685/1187 831/1686/1175
f 843/1685/1187 839/1684/1182 831/1686/1175
f 831/1686/1175 839/1684/1182 844/1682/1188
f 839/1684/1182 838/1683/1184 844/1682/1188
f 843/1688/1187 828/1663/1172 848/1689/1189
f 848/1689/1189 828/1663/1172 847/1690/1190
f 847/1690/1190 828/1663/1172 846/1691/1191
f 849/1687/1192 845/1692/1193 828/1663/1172
f 845/1692/1193 846/1691/1191 828/1663/1172
f 852/1662/1194 853/1693/1195 828/1663/1172
f 853/1693/1195 850/1696/1196 828/1663/1172
f 850/1696/1196 851/1695/1197 828/1663/1172
f 851/1695/1197 849/1694/1192 828/1663/1172
f 853/1698/1195 852/1662/1194 854/1699/1198
f 854/1699/1198 852/1662/1194 855/1697/1199
f 856/1704/1200 857/1703/1201 859/1700/1202
f 859/1700/1202 857/1703/1201 852/1662/1194
f 857/1703/1201 858/1702/1203 852/1662/1194
f 858/1702/1203 855/1701/1199 852/1662/1194
f 859/1706/1202 852/1662/1194 861/1707/1204
f 861/1707/1204 852/1662/1194 860/1708/1205
f 860/1708/1205 852/1662/1194 862/1705/1206
f 863/1711/1207 862/1710/1206 864/1709/1208
f 864/1709/1208 862/1710/1206 852/1662/1194
f 828/1663/1172 827/1716/1171 852/1662/1194
f 827/1716/1171 866/1715/1209 852/1662/1194
f 866/1715/1209 867/1714/1210 852/1662/1194
f 864/1717/1208 852/1662/1194 865/1718/1211
f 865/1718/1211 852/1662/1194 869/1712/1212
f 869/1712/1212 852/1662/1194 868/1713/1213
f 852/1662/1194 867/1714/1210 868/1713/1213
s 7
usemtl initialShadingGroup
f 870/1660/1214 871/1661/1215 846/1719/1216
f 847/1720/1217 846/1719/1216 871/1661/1215
f 845/1721/1218 872/1396/1219 846/1722/1216
f 873/1659/1220 870/1658/1214 872/1396/1219
f 846/1722/1216 872/1396/1219 870/1658/1214
f 874/1657/1221 873/1656/1220 872/1396/1219
f 875/1655/1222 874/1654/1221 876/1399/1223
f 874/1654/1221 872/1396/1219 876/1399/1223
f 878/1651/1224 877/1653/1225 876/1399/1223
f 877/1653/1225 875/1652/1222 876/1399/1223
f 879/1650/1226 878/1649/1224 880/1402/1227
f 880/1402/1227 878/1649/1224 876/1399/1223
f 881/1648/1228 879/1647/1226 880/1402/1227
f 882/1646/1229 881/1645/1228 883/1405/1230
f 883/1405/1230 881/1645/1228 880/1402/1227
f 884/1644/1231 882/1643/1229 883/1405/1230
f 885/1642/1232 886/1641/1233 887/1408/1234
f 886/1641/1233 884/1640/1231 887/1408/1234
f 884/1640/1231 883/1405/1230 887/1408/1234
f 889/1637/1235 888/1639/1236 887/1408/1234
f 888/1639/1236 885/1638/1232 887/1408/1234
f 890/1636/1237 889/1635/1235 891/1411/1238
f 891/1411/1238 889/1635/1235 887/1408/1234
s 10
f 893/1632/1239 892/1634/1240 891/1411/1241
f 892/1634/1240 890/1633/1242 891/1411/1241
f 894/1631/1243 893/1630/1239 895/1414/1244
f 893/1630/1239 891/1411/1241 895/1414/1244
s 11
f 897/1417/1245 896/1629/1246 895/1414/1247
f 896/1629/1246 894/1628/1248 895/1414/1247
f 898/1627/1249 899/1626/1250 897/1417/1245
f 897/1417/1245 899/1626/1250 896/1625/1246
f 900/1624/1251 898/1623/1249 897/1417/1245
f 897/1417/1245 903/1421/1252 900/1620/1251
f 900/1620/1251 903/1421/1252 902/1621/1253
f 901/1622/1254 902/1621/1253 903/1421/1252
f 904/1619/1255 901/1618/1254 903/1421/1252
f 903/1421/1252 907/1425/1256 904/1615/1255
f 904/1615/1255 907/1425/1256 906/1616/1257
f 905/1617/1258 906/1616/1257 907/1425/1256
f 908/1614/1259 905/1613/1258 907/1425/1256
f 909/1612/1260 908/1611/1259 910/1429/1261
f 910/1429/1261 908/1611/1259 907/1425/1256
f 909/1609/1260 910/1429/1261 911/1610/1262
f 911/1610/1262 910/1429/1261 912/1608/1263
f 835/1724/1264 912/1607/1263 836/1725/1265
f 912/1607/1263 910/1429/1261 836/1725/1265
f 836/1725/1265 910/1429/1261 842/1723/1266
s 7
f 913/1394/1267 872/1396/1219 851/1727/1268
f 845/1726/1218 849/1728/1269 872/1396/1219
f 849/1728/1269 851/1727/1268 872/1396/1219
f 872/1396/1219 914/1397/1270 876/1399/1223
f 876/1399/1223 915/1400/1271 880/1402/1227
f 880/1402/1227 916/1403/1272 883/1405/1230
f 883/1405/1230 917/1406/1273 887/1408/1234
f 887/1408/1234 918/1409/1274 891/1411/1238
s 10
f 891/1411/1241 919/1412/1275 895/1414/1244
s 11
f 897/1417/1245 895/1414/1247 920/1418/1276
f 897/1417/1245 920/1418/1276 903/1421/1252
f 903/1421/1252 921/1422/1277 907/1425/1256
f 907/1425/1256 922/1426/1278 910/1429/1261
f 910/1429/1261 923/1430/1279 842/1729/1266
f 842/1729/1266 923/1430/1279 838/1730/1280
f 844/1731/1281 838/1730/1280 923/1430/1279
s 7
f 851/1733/1268 850/1732/1282 913/1394/1267
f 872/1396/1219 913/1394/1267 914/1397/1270
f 876/1399/1223 914/1397/1270 915/1400/1271
f 880/1402/1227 915/1400/1271 916/1403/1272
f 883/1405/1230 916/1403/1272 917/1406/1273
f 887/1408/1234 917/1406/1273 918/1409/1274
f 891/1411/1238 918/1409/1274 919/1412/1283
s 10
f 895/1414/1244 919/1412/1275 924/1415/1284
s 11
f 895/1414/1247 924/1415/1285 920/1418/1276
f 903/1421/1252 920/1418/1276 921/1422/1277
f 907/1425/1256 921/1422/1277 922/1426/1278
f 910/1429/1261 922/1426/1278 923/1430/1279
f 832/1736/1286 831/1735/1287 923/1430/1279
f 923/1430/1279 831/1735/1287 844/1734/1281
s 7
f 854/1738/1288 913/1394/1267 853/1739/1289
f 853/1739/1289 913/1394/1267 850/1737/1282
f 913/1394/1267 925/1395/1290 914/1397/1270
f 914/1397/1270 926/1398/1291 915/1400/1271
f 915/1400/1271 927/1401/1292 916/1403/1272
f 916/1403/1272 928/1404/1293 917/1406/1273
f 917/1406/1273 929/1407/1294 918/1409/1274
f 918/1409/1274 930/1410/1295 919/1412/1283
s 10
f 919/1412/1275 931/1413/1296 924/1415/1284
s 11
f 920/1418/1276 924/1415/1285 932/1419/1297
f 920/1418/1276 932/1419/1297 921/1422/1277
f 921/1422/1277 933/1423/1298 922/1426/1278
f 922/1426/1278 934/1427/1299 923/1430/1279
f 832/1740/1286 923/1430/1279 833/1741/1300
f 833/1741/1300 923/1430/1279 935/1431/1301
f 834/1743/1302 936/1433/1303 829/1744/1304
f 829/1744/1304 936/1433/1303 830/1742/1305
s 7
f 913/1394/1267 854/1745/1288 925/1395/1290
f 854/1745/1288 855/1747/1306 925/1395/1290
f 855/1747/1306 858/1746/1307 925/1395/1290
f 914/1397/1270 925/1395/1290 926/1398/1291
f 915/1400/1271 926/1398/1291 927/1401/1292
f 916/1403/1272 927/1401/1292 928/1404/1293
f 917/1406/1273 928/1404/1293 929/1407/1294
f 918/1409/1274 929/1407/1294 930/1410/1295
f 919/1412/1283 930/1410/1295 931/1413/1308
s 10
f 924/1415/1284 931/1413/1296 937/1416/1309
s 11
f 924/1415/1285 937/1416/1310 932/1419/1297
f 921/1422/1277 932/1419/1297 933/1423/1298
f 922/1426/1278 933/1423/1298 934/1427/1299
f 923/1430/1279 934/1427/1299 935/1431/1301
f 833/1748/1300 935/1431/1301 834/1749/1302
f 834/1749/1302 935/1431/1301 936/1433/1303
f 866/1752/1311 827/1751/1312 936/1433/1303
f 827/1751/1312 830/1750/1305 936/1433/1303
s 7
f 925/1395/1290 858/1754/1307 940/1494/1313
f 938/1496/1314 939/1495/1315 857/1753/1316
f 939/1495/1315 940/1494/1313 857/1753/1316
f 858/1754/1307 857/1753/1316 940/1494/1313
f 941/1500/1317 942/1499/1318 925/1395/1290
f 925/1395/1290 942/1499/1318 926/1398/1291
f 943/1506/1319 944/1505/1320 926/1398/1291
f 944/1505/1320 945/1504/1321 926/1398/1291
f 945/1504/1321 927/1401/1292 926/1398/1291
f 946/1511/1322 947/1510/1323 927/1401/1292
f 927/1401/1292 947/1510/1323 928/1404/1293
f 948/1516/1324 949/1515/1325 928/1404/1293
f 949/1515/1325 950/1514/1326 928/1404/1293
f 950/1514/1326 929/1407/1294 928/1404/1293
f 951/1520/1327 952/1519/1328 929/1407/1294
f 929/1407/1294 952/1519/1328 930/1410/1295
f 931/1413/1308 930/1410/1295 955/1524/1329
f 953/1526/1330 954/1525/1331 930/1410/1295
f 954/1525/1331 955/1524/1329 930/1410/1295
s 10
f 937/1416/1309 931/1413/1296 958/1529/1332
f 956/1531/1333 957/1530/1334 931/1413/1296
f 957/1530/1334 958/1529/1332 931/1413/1296
s 11
f 932/1419/1297 937/1416/1310 959/1420/1335
f 932/1419/1297 959/1420/1335 933/1423/1298
f 933/1423/1298 960/1424/1336 934/1427/1299
f 934/1427/1299 961/1428/1337 935/1431/1301
f 935/1431/1301 962/1432/1338 936/1433/1303
f 866/1755/1311 936/1433/1303 867/1756/1339
f 867/1756/1339 936/1433/1303 963/1434/1340
s 7
f 857/1758/1316 856/1757/1341 938/1493/1314
s 18
usemtl shatterInteriorSG1
f 861/1760/1342 939/1492/1343 859/1761/1344
f 939/1492/1343 938/1491/1345 859/1761/1344
f 859/1761/1344 938/1491/1345 856/1759/1346
f 964/1489/1347 942/1488/1348 860/1762/1349
f 942/1488/1348 941/1487/1350 860/1762/1349
f 939/1490/1343 861/1763/1342 940/1486/1351
f 861/1763/1342 860/1762/1349 940/1486/1351
f 860/1762/1349 941/1487/1350 940/1486/1351
s 7
usemtl initialShadingGroup
f 940/1498/1313 941/1497/1317 925/1395/1290
f 942/1503/1318 964/1502/1352 926/1398/1291
f 964/1502/1352 943/1501/1319 926/1398/1291
s 18
usemtl shatterInteriorSG1
f 944/1482/1353 943/1481/1354 966/1483/1355
f 943/1481/1354 964/1485/1347 966/1483/1355
f 966/1483/1355 964/1485/1347 965/1484/1356
f 860/1764/1349 862/1766/1357 964/1485/1347
f 965/1484/1356 964/1485/1347 863/1765/1358
f 862/1766/1357 863/1765/1358 964/1485/1347
f 971/1474/1359 972/1473/1360 970/1475/1361
f 970/1475/1361 972/1473/1360 969/1476/1362
f 966/1479/1355 967/1478/1363 944/1480/1353
f 967/1478/1363 968/1477/1364 944/1480/1353
f 969/1476/1362 972/1473/1360 968/1477/1364
f 972/1473/1360 945/1472/1365 968/1477/1364
f 944/1480/1353 968/1477/1364 945/1472/1365
s 7
usemtl initialShadingGroup
f 945/1509/1321 972/1508/1366 927/1401/1292
f 972/1508/1366 946/1507/1322 927/1401/1292
s 18
usemtl shatterInteriorSG1
f 972/1471/1360 971/1470/1359 946/1464/1367
f 949/1467/1368 948/1466/1369 974/1468/1370
f 948/1466/1369 947/1465/1371 974/1468/1370
f 946/1464/1367 971/1470/1359 947/1465/1371
f 974/1468/1370 947/1465/1371 973/1469/1372
f 971/1470/1359 973/1469/1372 947/1465/1371
s 7
usemtl initialShadingGroup
f 947/1513/1323 948/1512/1324 928/1404/1293
s 18
usemtl shatterInteriorSG1
f 974/1462/1370 975/1461/1373 949/1463/1368
f 976/1435/1374 977/1460/1375 975/1461/1373
f 977/1460/1375 952/1459/1376 975/1461/1373
f 952/1459/1376 951/1458/1377 975/1461/1373
f 951/1458/1377 950/1457/1378 975/1461/1373
f 949/1463/1368 975/1461/1373 950/1457/1378
s 7
usemtl initialShadingGroup
f 950/1518/1326 951/1517/1327 929/1407/1294
f 952/1523/1328 977/1522/1379 930/1410/1295
f 977/1522/1379 953/1521/1330 930/1410/1295
s 18
usemtl shatterInteriorSG1
f 954/1455/1380 953/1454/1381 976/1435/1374
f 977/1456/1375 976/1435/1374 953/1454/1381
f 956/1451/1382 955/1450/1383 957/1452/1384
f 957/1452/1384 955/1450/1383 976/1435/1374
f 954/1453/1380 976/1435/1374 955/1450/1383
s 7
usemtl initialShadingGroup
f 955/1528/1329 956/1527/1385 931/1413/1308
s 18
usemtl shatterInteriorSG1
f 957/1449/1384 976/1435/1374 958/1446/1386
f 976/1435/1374 978/1448/1387 958/1446/1386
f 978/1448/1387 979/1447/1388 958/1446/1386
s 10
usemtl initialShadingGroup
f 958/1533/1332 979/1532/1389 937/1416/1309
s 11
f 959/1420/1335 937/1416/1310 980/1534/1390
f 980/1534/1390 937/1416/1310 978/1535/1391
f 979/1536/1392 978/1535/1391 937/1416/1310
f 933/1423/1298 959/1420/1335 960/1424/1336
f 934/1427/1299 960/1424/1336 961/1428/1337
f 935/1431/1301 961/1428/1337 962/1432/1338
f 936/1433/1303 962/1432/1338 963/1434/1340
f 868/1768/1393 867/1767/1339 963/1434/1340
f 865/1770/1394 965/1564/1395 864/1771/1396
f 864/1771/1396 965/1564/1395 863/1769/1397
f 869/1772/1398 967/1563/1399 865/1773/1394
f 967/1563/1399 966/1562/1400 865/1773/1394
f 865/1773/1394 966/1562/1400 965/1561/1395
f 963/1434/1340 968/1560/1401 868/1774/1393
f 868/1774/1393 968/1560/1401 869/1775/1398
f 869/1775/1398 968/1560/1401 967/1559/1399
f 969/1558/1402 968/1557/1401 963/1434/1340
f 970/1556/1403 969/1555/1402 962/1432/1338
f 962/1432/1338 969/1555/1402 963/1434/1340
f 973/1554/1404 971/1553/1405 962/1432/1338
f 971/1553/1405 970/1552/1403 962/1432/1338
f 962/1432/1338 961/1428/1337 973/1549/1404
f 973/1549/1404 961/1428/1337 974/1550/1406
f 974/1550/1406 961/1428/1337 975/1551/1407
f 975/1551/1407 961/1428/1337 981/1548/1408
s 18
usemtl shatterInteriorSG1
f 975/1440/1373 981/1439/1409 976/1435/1374
f 981/1439/1409 983/1438/1410 976/1435/1374
f 983/1438/1410 984/1437/1411 976/1435/1374
f 984/1437/1411 985/1436/1412 976/1435/1374
f 982/1441/1413 976/1435/1374 985/1436/1412
f 978/1445/1387 976/1435/1374 980/1442/1414
f 980/1442/1414 976/1435/1374 986/1443/1415
f 976/1435/1374 982/1444/1413 986/1443/1415
s 11
usemtl initialShadingGroup
f 980/1538/1390 986/1537/1416 959/1420/1335
f 960/1424/1336 959/1420/1335 985/1539/1417
f 985/1539/1417 959/1420/1335 982/1540/1418
f 986/1541/1416 982/1540/1418 959/1420/1335
f 984/1545/1419 983/1544/1420 960/1424/1336
f 960/1424/1336 983/1544/1420 961/1428/1337
f 983/1547/1420 981/1546/1408 961/1428/1337
f 985/1543/1417 984/1542/1419 960/1424/1336
s 27
usemtl shatterInteriorSG1
f 841/1777/1421 840/1776/1422 987/1565/1423
f 841/1779/1421 987/1565/1423 837/1780/1424
f 911/1605/1425 912/1606/1426 987/1565/1423
f 837/1780/1424 987/1565/1423 835/1778/1427
f 987/1565/1423 912/1606/1426 835/1778/1427
f 906/1600/1428 905/1604/1429 987/1565/1423
f 905/1604/1429 908/1603/1430 987/1565/1423
f 911/1601/1425 987/1565/1423 909/1602/1431
f 908/1603/1430 909/1602/1431 987/1565/1423
f 987/1565/1423 886/1596/1432 906/1597/1428
f 906/1597/1428 886/1596/1432 904/1598/1433
f 904/1598/1433 886/1596/1432 901/1599/1434
f 901/1599/1434 886/1596/1432 902/1593/1435
f 888/1594/1436 902/1593/1435 885/1595/1437
f 886/1596/1432 885/1595/1437 902/1593/1435
f 889/1589/1438 890/1588/1439 892/1587/1440
f 888/1590/1436 889/1589/1438 892/1587/1440
f 899/1586/1441 888/1590/1436 892/1587/1440
f 898/1585/1442 888/1590/1436 899/1586/1441
f 900/1592/1443 888/1590/1436 898/1585/1442
f 902/1591/1435 888/1590/1436 900/1592/1443
f 899/1584/1441 892/1583/1440 896/1580/1444
f 892/1583/1440 893/1582/1445 896/1580/1444
f 893/1582/1445 894/1581/1446 896/1580/1444
f 886/1574/1432 987/1565/1423 884/1575/1447
f 884/1575/1447 987/1565/1423 882/1576/1448
f 882/1576/1448 987/1565/1423 881/1577/1449
f 881/1577/1449 987/1565/1423 879/1578/1450
f 879/1578/1450 987/1565/1423 878/1579/1451
f 878/1579/1451 987/1565/1423 877/1573/1452
f 877/1568/1452 987/1565/1423 875/1569/1453
f 987/1565/1423 840/1784/1422 875/1569/1453
f 840/1784/1422 839/1783/1454 875/1569/1453
f 875/1569/1453 839/1783/1454 874/1570/1455
f 848/1781/1456 871/1567/1457 843/1782/1458
f 871/1567/1457 870/1572/1459 843/1782/1458
f 843/1782/1458 870/1572/1459 839/1783/1454
f 870/1572/1459 873/1571/1460 839/1783/1454
f 839/1783/1454 873/1571/1460 874/1570/1455
f 848/1786/1456 847/1785/1461 871/1566/1457
g default
v -1.537786 4.919210 -0.395473
v -1.427114 4.393698 0.214633
v -1.730935 4.526786 0.023978
v -1.746759 4.494634 0.058345
v -1.731919 4.106668 0.500000
v -1.950132 4.081437 0.500000
v -1.470639 4.136880 0.500000
v -1.375348 4.147898 0.500000
v -1.223005 4.165514 0.500000
v -0.972361 4.194495 0.500000
v -0.705330 4.646990 0.022147
v -0.690273 4.591235 0.087312
v -0.678843 4.548912 0.136778
v -0.594915 4.238138 0.500000
v -0.797136 4.986934 -0.375168
v -1.470639 5.019200 -0.500000
v -1.053046 5.067486 -0.500000
v -0.825980 5.093740 -0.500000
v -1.489654 5.017001 -0.500000
v -1.102748 6.127300 0.039388
v -1.244736 5.874605 0.500000
v -1.169192 5.913336 0.500000
v -0.818371 6.093197 0.500000
v -0.490213 6.261438 0.500000
v -0.381143 6.317356 0.500000
v -0.994293 6.320318 -0.312444
v -0.936478 6.423214 -0.500000
v -0.329554 6.343805 0.500000
v -0.490150 6.464016 -0.018590
v -0.627506 6.566830 -0.462136
v -0.639232 6.575607 -0.500000
v -0.882862 6.450701 -0.500000
v -1.470639 4.301240 0.500000
v -1.863667 4.301240 0.500000
v -1.793957 4.478448 0.500000
v -1.667272 4.800489 0.500000
v -1.470639 4.838605 0.500000
v -1.652278 4.838605 0.500000
v -1.620061 4.920502 0.500000
v -0.586963 4.301240 0.500000
v -0.580712 4.350842 0.500000
v -1.503752 5.216170 0.500000
v -1.470639 5.300343 0.500000
v -0.544888 4.635105 0.500000
v -0.519243 4.838605 0.500000
v -1.446166 5.362556 0.500000
v -0.517367 4.853488 0.500000
v -0.458532 5.320349 0.500000
v -0.490213 5.068959 0.500000
v -1.440889 5.375970 0.500000
v -0.490213 5.375970 0.500000
v -1.272270 5.804611 0.500000
v -0.490213 5.913336 0.500000
v -0.652362 5.953655 -0.307462
v -0.383803 5.913336 0.500000
v -0.390678 5.858780 0.500000
v -0.354574 6.145267 0.500000
v -0.451523 5.375970 0.500000
v -0.454022 5.356134 0.500000
v -0.812687 5.199225 -0.500000
v -0.790413 5.375971 -0.500000
v -0.760480 5.613488 -0.500000
v -1.470639 5.065336 -0.500000
v -0.723370 5.907965 -0.500000
v -0.739942 5.776461 -0.500000
v -1.427676 5.174551 -0.500000
v -1.348442 5.375971 -0.500000
v -1.314853 5.461356 -0.500000
v -0.722693 5.913336 -0.500000
v -0.667198 6.353697 -0.500000
v -0.654973 6.450701 -0.500000
v -1.227670 5.682983 -0.500000
v -1.137053 5.913336 -0.500000
v -1.045359 6.146429 -0.500000
v -1.469532 5.197450 0.050184
vt 0.475000 0.133333
vt 0.475000 0.150000
vt 0.491667 0.166667
vt 0.491667 0.183333
vt 0.500000 0.475000
vt 0.506842 0.505527
vt 0.507061 0.504706
vt 0.508317 0.500000
vt 0.509216 0.496631
vt 0.509281 0.496385
vt 0.510233 0.492818
vt 0.511344 0.488656
vt 0.508317 0.500000
vt 0.511502 0.488064
vt 0.511590 0.487735
vt 0.513723 0.479743
vt 0.513964 0.478839
vt 0.514988 0.475000
vt 0.511344 0.488656
vt 0.514988 0.475000
vt 0.498824 0.466015
vt 0.498395 0.467621
vt 0.496450 0.474911
vt 0.496426 0.475000
vt 0.495845 0.477177
vt 0.495125 0.479875
vt 0.496426 0.475000
vt 0.494076 0.483807
vt 0.493295 0.486733
vt 0.495125 0.479875
vt 0.493476 0.183333
vt 0.493359 0.181641
vt 0.492325 0.166667
vt 0.492282 0.166051
vt 0.493973 0.190527
vt 0.493476 0.183333
vt 0.493359 0.181641
vt 0.492325 0.166667
vt 0.492282 0.166051
vt 0.492205 0.164942
vt 0.491667 0.157145
vt 0.486185 0.588815
vt 0.487422 0.570912
vt 0.486564 0.583333
vt 0.487072 0.575967
vt 0.487715 0.566667
vt 0.488658 0.553009
vt 0.488866 0.550000
vt 0.491667 0.157145
vt 0.491205 0.150462
vt 0.490128 0.134872
vt 0.491173 0.150000
vt 0.490737 0.143688
vt 0.490022 0.133333
vt 0.486185 0.588815
vt 0.486564 0.583333
vt 0.487422 0.570912
vt 0.487703 0.566833
vt 0.487715 0.566667
vt 0.488658 0.553009
vt 0.488866 0.550000
vt 0.491205 0.150462
vt 0.491173 0.150000
vt 0.490128 0.134872
vt 0.490022 0.133333
vt 0.476814 0.475000
vt 0.477928 0.476761
vt 0.481280 0.482058
vt 0.484864 0.487721
vt 0.495527 0.470916
vt 0.493038 0.466983
vt 0.492404 0.467255
vt 0.484974 0.470442
vt 0.476287 0.474167
vt 0.476814 0.475000
vt 0.480125 0.183333
vt 0.486088 0.188912
vt 0.480125 0.183333
vt 0.486088 0.188912
vt 0.491667 0.194130
vt 0.515865 0.471713
vt 0.507314 0.467686
vt 0.491667 0.194130
vt 0.493521 0.195864
vt 0.494398 0.196685
vt 0.507314 0.467686
vt 0.500000 0.464242
vt 0.500000 0.464242
vt 0.499376 0.463948
vt 0.489134 0.546126
vt 0.484992 0.550000
vt 0.484992 0.550000
vt 0.500000 0.475000
vt 0.509410 0.476995
vt 0.509388 0.475000
vt 0.509348 0.471321
vt 0.509331 0.469761
vt 0.509287 0.465713
vt 0.509388 0.475000
vt 0.505962 0.454214
vt 0.500000 0.458007
vt 0.509287 0.465713
vt 0.509242 0.461505
vt 0.509195 0.457247
vt 0.509141 0.452191
vt 0.492325 0.475000
vt 0.500000 0.458007
vt 0.492194 0.462973
vt 0.492208 0.464251
vt 0.492293 0.472081
vt 0.492296 0.472326
vt 0.492308 0.473462
vt 0.492407 0.482593
vt 0.492325 0.475000
vt 0.492383 0.480401
vt 0.492400 0.481897
vt 0.492407 0.482593
vt 0.492471 0.488476
vt 0.492506 0.491712
vt 0.482230 0.559437
vt 0.480671 0.566667
vt 0.484081 0.550853
vt 0.482230 0.559437
vt 0.480671 0.566667
vt 0.479130 0.573811
vt 0.477648 0.580685
vt 0.477648 0.580685
vt 0.477077 0.583333
vt 0.477077 0.583333
vt 0.475730 0.589580
vt 0.475000 0.592968
vt 0.475000 0.592968
vt 0.478372 0.179961
vt 0.478840 0.182132
vt 0.475506 0.166667
vt 0.478372 0.179961
vt 0.475416 0.166251
vt 0.475506 0.166667
vt 0.475000 0.164321
vt 0.475416 0.166251
vt 0.475000 0.164321
vt 0.472460 0.152540
vt 0.474437 0.161710
vt 0.471912 0.150000
vt 0.472460 0.152540
vt 0.471912 0.150000
vt 0.469504 0.138830
vt 0.471657 0.148818
vt 0.468319 0.133333
vt 0.469504 0.138830
vt 0.468319 0.133333
vt 0.494117 0.475000
vt 0.496075 0.471782
vt 0.494117 0.475000
vt 0.485635 0.488941
vt 0.490444 0.481037
vt 0.500000 0.500000
vt 0.500000 0.506504
vt 0.490230 0.509770
vt 0.511088 0.502797
vt 0.508613 0.500000
vt 0.500000 0.506504
vt 0.500800 0.506236
vt 0.504570 0.495430
vt 0.508613 0.500000
vt 0.505650 0.496651
vt 0.500000 0.490265
vt 0.504570 0.495430
vt 0.502842 0.493478
vt 0.482198 0.500000
vt 0.500000 0.490265
vt 0.495720 0.485428
vt 0.490108 0.491476
vt 0.489343 0.492299
vt 0.488337 0.493385
vt 0.487795 0.510584
vt 0.490230 0.509770
vt 0.482198 0.500000
vt 0.480269 0.502079
vt 0.482844 0.504989
vt 0.487580 0.510341
vt 0.466849 0.126516
vt 0.475000 0.128236
vt 0.470559 0.127299
vt 0.475000 0.128236
vt 0.479210 0.129124
vt 0.476620 0.128577
vt 0.501574 0.500000
vt 0.506563 0.506572
vt 0.479210 0.129124
vt 0.489887 0.131376
vt 0.483470 0.130023
vt 0.500895 0.499105
vt 0.501574 0.500000
vt 0.500000 0.497926
vt 0.500895 0.499105
vt 0.500000 0.497926
vt 0.492829 0.488479
vt 0.494543 0.490738
vt 0.474677 0.594467
vt 0.475000 0.594399
vt 0.482099 0.592901
vt 0.485959 0.592087
vt 0.475000 0.594399
vt 0.482099 0.592901
vt 0.492549 0.495727
vt 0.500000 0.487844
vt 0.507656 0.479744
vt 0.509419 0.477878
vt 0.500000 0.487844
vt 0.500580 0.487231
vn 0.086380 -0.747048 -0.659134
vn 0.086380 -0.747048 -0.659134
vn 0.086380 -0.747047 -0.659135
vn 0.086379 -0.747047 -0.659135
vn 0.086380 -0.747047 -0.659135
vn 0.086380 -0.747047 -0.659135
vn 0.086380 -0.747047 -0.659135
vn 0.086380 -0.747048 -0.659134
vn 0.086380 -0.747048 -0.659134
vn 0.086380 -0.747047 -0.659135
vn 0.086379 -0.747048 -0.659135
vn 0.086379 -0.747047 -0.659135
vn 0.086383 -0.747047 -0.659135
vn 0.086379 -0.747047 -0.659136
vn 0.086379 -0.747048 -0.659135
vn 0.086379 -0.747044 -0.659138
vn 0.086385 -0.747021 -0.659164
vn 0.086379 -0.747046 -0.659136
vn 0.086378 -0.747049 -0.659133
vn -0.430936 0.840547 0.328291
vn -0.430938 0.840546 0.328291
vn -0.430934 0.840549 0.328288
vn -0.430937 0.840546 0.328291
vn -0.430937 0.840548 0.328288
vn -0.430943 0.840544 0.328289
vn -0.430938 0.840547 0.328290
vn -0.430939 0.840544 0.328296
vn -0.430938 0.840546 0.328292
vn -0.430936 0.840547 0.328291
vn -0.430933 0.840544 0.328301
vn -0.430921 0.840551 0.328299
vn -0.430937 0.840546 0.328293
vn 0.000000 0.000000 1.000000
vn 0.000000 0.000000 1.000000
vn 0.000000 0.000000 1.000000
vn 0.000000 0.000000 1.000000
vn 0.000000 0.000000 1.000000
vn 0.000000 0.000000 1.000000
vn 0.000000 0.000000 1.000000
vn 0.000000 0.000000 1.000000
vn 0.000000 0.000000 1.000000
vn 0.000000 0.000000 1.000000
vn 0.000000 0.000000 1.000000
vn 0.000000 0.000000 1.000000
vn 0.000000 0.000000 1.000000
vn 0.000000 0.000000 1.000000
vn 0.000000 0.000000 1.000000
vn 0.000000 0.000000 1.000000
vn 0.940419 -0.118513 -0.318694
vn 0.940418 -0.118514 -0.318699
vn 0.940419 -0.118513 -0.318696
vn 0.940418 -0.118513 -0.318700
vn 0.940418 -0.118513 -0.318698
vn 0.000000 0.000000 1.000000
vn 0.000000 0.000000 1.000000
vn 0.000000 0.000000 1.000000
vn 0.000000 0.000000 1.000000
vn 0.000000 0.000000 1.000000
vn 0.000000 0.000000 1.000000
vn 0.940418 -0.118514 -0.318698
vn 0.940419 -0.118515 -0.318696
vn 0.940417 -0.118513 -0.318700
vn 0.940418 -0.118513 -0.318697
vn 0.940419 -0.118515 -0.318693
vn 0.000000 0.000000 1.000000
vn 0.000000 0.000000 1.000000
vn 0.000000 0.000000 1.000000
vn 0.000000 0.000000 1.000000
vn 0.000000 0.000000 1.000000
vn 0.000000 0.000000 1.000000
vn 0.000000 0.000000 1.000000
vn 0.940418 -0.118514 -0.318698
vn 0.940418 -0.118514 -0.318698
vn 0.940418 -0.118513 -0.318698
vn 0.940418 -0.118514 -0.318699
vn 0.940418 -0.118513 -0.318699
vn 0.940418 -0.118514 -0.318699
vn 0.940418 -0.118514 -0.318699
vn 0.000000 0.000000 1.000000
vn 0.000000 0.000000 1.000000
vn 0.000000 0.000000 1.000000
vn 0.000000 0.000000 1.000000
vn 0.940418 -0.118514 -0.318698
vn 0.940418 -0.118514 -0.318698
vn 0.940418 -0.118514 -0.318699
vn 0.940417 -0.118514 -0.318700
vn 0.940419 -0.118511 -0.318697
vn 0.940418 -0.118512 -0.318699
vn 0.940418 -0.118513 -0.318698
vn 0.000000 0.000000 1.000000
vn 0.000000 0.000000 1.000000
vn 0.000000 0.000000 1.000000
vn 0.000000 0.000000 1.000000
vn 0.000000 0.000000 1.000000
vn 0.000000 0.000000 1.000000
vn 0.000000 0.000000 -1.000000
vn 0.000000 0.000000 -1.000000
vn 0.000000 0.000000 -1.000000
vn 0.940419 -0.118513 -0.318696
vn 0.940418 -0.118514 -0.318698
vn 0.000000 0.000000 -1.000000
vn 0.000000 0.000000 -1.000000
vn 0.000000 0.000000 -1.000000
vn 0.000000 0.000000 -1.000000
vn 0.000000 0.000000 -1.000000
vn 0.000000 0.000000 -1.000000
vn 0.000000 0.000000 -1.000000
vn 0.000000 0.000000 -1.000000
vn 0.000000 0.000000 -1.000000
vn 0.940418 -0.118514 -0.318698
vn 0.940418 -0.118513 -0.318699
vn 0.940418 -0.118514 -0.318699
vn 0.940417 -0.118513 -0.318702
vn 0.940417 -0.118514 -0.318700
vn 0.000000 0.000000 -1.000000
vn 0.000000 0.000000 -1.000000
vn 0.000000 0.000000 -1.000000
vn 0.000000 0.000000 -1.000000
vn 0.000000 0.000000 -1.000000
vn 0.000000 0.000000 -1.000000
vn 0.000000 0.000000 -1.000000
vn 0.000000 0.000000 -1.000000
vn 0.000000 0.000000 -1.000000
vn 0.000000 0.000000 -1.000000
vn -0.927161 0.364726 -0.085714
vn -0.927161 0.364726 -0.085714
vn -0.927161 0.364726 -0.085712
vn -0.927161 0.364727 -0.085713
vn -0.927161 0.364726 -0.085713
vn -0.927161 0.364727 -0.085714
vn -0.927162 0.364722 -0.085721
vn -0.927161 0.364726 -0.085714
vn -0.927161 0.364727 -0.085713
vn -0.927161 0.364728 -0.085713
vn -0.927161 0.364728 -0.085714
vn -0.927160 0.364729 -0.085714
vn -0.927161 0.364727 -0.085713
vn -0.927162 0.364724 -0.085711
vn -0.927161 0.364727 -0.085712
vn -0.927161 0.364727 -0.085712
vn -0.927161 0.364728 -0.085712
vn -0.927161 0.364727 -0.085712
vn -0.927161 0.364728 -0.085716
vn -0.927162 0.364725 -0.085712
vn -0.927162 0.364725 -0.085715
vn -0.927161 0.364728 -0.085714
vn -0.927161 0.364726 -0.085715
vn -0.927161 0.364726 -0.085710
vn -0.927161 0.364726 -0.085715
vn -0.927160 0.364730 -0.085715
vn -0.927161 0.364726 -0.085714
s 1
g solidShatter1 shard4
usemtl shatterInteriorSG1
f 988/1945/1462 989/1943/1463 990/1944/1464
f 993/1946/1465 991/1949/1466 992/1947/1467
f 990/1948/1464 989/1943/1463 991/1949/1466
f 991/1949/1466 989/1943/1463 992/1947/1467
f 992/1951/1467 989/1943/1463 994/1952/1468
f 994/1952/1468 989/1943/1463 995/1950/1469
f 997/1953/1470 996/1955/1471 989/1943/1463
f 996/1955/1471 995/1954/1469 989/1943/1463
f 1002/1956/1472 998/1961/1473 989/1943/1463
f 989/1943/1463 998/1961/1473 997/1957/1470
f 998/1961/1473 999/1960/1474 997/1957/1470
f 999/1960/1474 1000/1959/1475 997/1957/1470
f 1000/1959/1475 1001/1958/1476 997/1957/1470
f 989/1943/1463 988/1963/1462 1002/1964/1472
f 988/1963/1462 1006/1962/1477 1002/1964/1472
f 1006/1962/1477 1003/1967/1478 1002/1964/1472
f 1003/1967/1478 1004/1966/1479 1002/1964/1472
f 1004/1966/1479 1005/1965/1480 1002/1964/1472
s 3
f 1012/1852/1481 1013/1940/1482 1011/1853/1483
f 1013/1940/1482 1007/1942/1484 1011/1853/1483
f 1011/1853/1483 1007/1942/1484 1010/1854/1485
f 1008/1941/1486 1009/1855/1487 1007/1942/1484
f 1007/1942/1484 1009/1855/1487 1010/1854/1485
f 1015/1860/1488 1016/1859/1489 1012/1861/1481
f 1012/1861/1481 1016/1859/1489 1013/1938/1482
f 1016/1859/1489 1017/1858/1490 1013/1938/1482
f 1017/1858/1490 1018/1857/1491 1013/1938/1482
f 1014/1939/1492 1013/1938/1482 1019/1856/1493
f 1013/1938/1482 1018/1857/1491 1019/1856/1493
s 4
usemtl initialShadingGroup
f 993/1968/1494 992/1970/1495 1021/1937/1496
f 1021/1937/1496 992/1970/1495 1020/1787/1497
f 992/1970/1495 994/1969/1498 1020/1787/1497
f 1022/1936/1499 1021/1935/1496 1020/1787/1497
f 1020/1787/1497 1024/1788/1500 1022/1933/1499
f 1025/1932/1501 1023/1934/1502 1024/1788/1500
f 1023/1934/1502 1022/1933/1499 1024/1788/1500
f 1026/1931/1503 1025/1930/1501 1024/1788/1500
f 996/1972/1504 1020/1787/1497 995/1973/1505
f 995/1973/1505 1020/1787/1497 994/1971/1498
f 1027/1851/1506 1028/1850/1507 1020/1787/1497
f 1028/1850/1507 1024/1788/1500 1020/1787/1497
f 1026/1928/1503 1024/1788/1500 1029/1929/1508
f 1029/1929/1508 1024/1788/1500 1030/1927/1509
s 6
usemtl shatterInteriorSG1
f 1001/1975/1510 1000/1974/1511 1027/1792/1512
f 1027/1792/1512 1000/1974/1511 1028/1793/1513
f 1000/1974/1511 1031/1794/1514 1028/1793/1513
s 4
usemtl initialShadingGroup
f 1027/1840/1506 1020/1787/1497 1001/1977/1515
f 1001/1977/1515 1020/1787/1497 997/1978/1516
f 997/1978/1516 1020/1787/1497 996/1976/1504
f 1028/1837/1507 1031/1839/1517 1024/1788/1500
f 1031/1839/1517 1032/1838/1518 1024/1788/1500
f 1033/1926/1519 1030/1925/1509 1034/1848/1520
f 1032/1849/1518 1034/1848/1520 1024/1788/1500
f 1030/1925/1509 1024/1788/1500 1034/1848/1520
s 6
usemtl shatterInteriorSG1
f 1035/1798/1521 1036/1797/1522 999/1979/1523
f 1036/1797/1522 1034/1796/1524 999/1979/1523
f 1034/1796/1524 1032/1795/1525 999/1979/1523
f 999/1979/1523 1032/1795/1525 1000/1980/1511
f 1000/1980/1511 1032/1795/1525 1031/1799/1514
s 4
usemtl initialShadingGroup
f 1034/1836/1520 1036/1835/1526 1033/1923/1519
f 1033/1923/1519 1036/1835/1526 1037/1924/1527
f 1037/1924/1527 1036/1835/1526 1038/1789/1528
f 1039/1922/1529 1037/1921/1527 1038/1789/1528
f 1010/1863/1530 1009/1862/1531 1040/1790/1532
s 6
usemtl shatterInteriorSG1
f 1041/1791/1533 1042/1803/1534 1043/1802/1535
f 1044/1804/1536 1042/1803/1534 1041/1791/1533
f 1045/1801/1537 1041/1791/1533 1043/1802/1535
f 1046/1800/1538 1041/1791/1533 1045/1801/1537
f 1035/1805/1521 1041/1791/1533 1046/1800/1538
f 999/1982/1523 998/1981/1539 1035/1805/1521
f 998/1981/1539 1041/1791/1533 1035/1805/1521
s 4
usemtl initialShadingGroup
f 1036/1827/1526 1035/1826/1540 1038/1789/1528
f 1038/1789/1528 1035/1826/1540 1046/1825/1541
f 1040/1790/1532 1009/1864/1531 1038/1789/1528
f 1039/1919/1529 1038/1789/1528 1008/1920/1542
f 1008/1920/1542 1038/1789/1528 1009/1864/1531
f 1011/1866/1543 1010/1865/1530 1040/1790/1532
s 6
usemtl shatterInteriorSG1
f 998/1983/1539 1002/1985/1544 1041/1791/1533
f 1041/1791/1533 1002/1985/1544 1049/1816/1545
f 1049/1816/1545 1002/1985/1544 1048/1814/1546
f 1048/1814/1546 1002/1985/1544 1047/1815/1547
f 1002/1985/1544 1005/1984/1548 1047/1815/1547
f 1015/1867/1549 1044/1806/1536 1016/1868/1550
f 1016/1868/1550 1044/1806/1536 1041/1791/1533
s 4
usemtl initialShadingGroup
f 1015/1871/1551 1012/1870/1552 1044/1821/1553
f 1012/1870/1552 1011/1869/1543 1044/1821/1553
f 1011/1869/1543 1040/1790/1532 1044/1821/1553
f 1040/1790/1532 1042/1822/1554 1044/1821/1553
f 1043/1818/1555 1042/1817/1554 1040/1790/1532
f 1045/1824/1556 1043/1823/1555 1038/1789/1528
f 1038/1789/1528 1043/1823/1555 1040/1790/1532
f 1046/1820/1541 1045/1819/1556 1038/1789/1528
s 11
f 1003/1987/1557 1006/1986/1558 1050/1918/1559
s 6
usemtl shatterInteriorSG1
f 1051/1813/1560 1041/1791/1533 1052/1811/1561
f 1052/1811/1561 1041/1791/1533 1049/1812/1545
s 11
usemtl initialShadingGroup
f 1005/1989/1562 1004/1988/1563 1047/1828/1564
f 1048/1842/1565 1047/1841/1564 1054/1915/1566
f 1047/1841/1564 1004/1991/1563 1054/1915/1566
f 1054/1915/1566 1004/1991/1563 1053/1916/1567
f 1003/1990/1557 1050/1917/1559 1004/1991/1563
f 1004/1991/1563 1050/1917/1559 1053/1916/1567
f 1052/1829/1568 1049/1831/1569 1055/1913/1570
f 1049/1831/1569 1048/1830/1565 1055/1913/1570
f 1054/1914/1566 1055/1913/1570 1048/1830/1565
s 6
usemtl shatterInteriorSG1
f 1017/1873/1571 1016/1872/1550 1041/1791/1533
f 1051/1810/1560 1056/1809/1572 1041/1791/1533
f 1056/1809/1572 1057/1808/1573 1041/1791/1533
f 1018/1875/1574 1017/1874/1571 1058/1807/1575
f 1017/1874/1571 1041/1791/1533 1058/1807/1575
f 1041/1791/1533 1057/1808/1573 1058/1807/1575
s 11
usemtl initialShadingGroup
f 1055/1912/1570 1059/1911/1576 1052/1843/1568
f 1059/1911/1576 1060/1910/1577 1052/1843/1568
f 1056/1845/1578 1051/1844/1579 1060/1910/1577
f 1060/1910/1577 1051/1844/1579 1052/1843/1568
f 1019/1877/1580 1018/1876/1581 1058/1834/1582
f 1061/1909/1583 1014/1908/1584 1057/1846/1585
f 1014/1908/1584 1019/1878/1580 1057/1846/1585
f 1019/1878/1580 1058/1847/1582 1057/1846/1585
f 1060/1907/1577 1061/1906/1583 1056/1832/1578
f 1056/1832/1578 1061/1906/1583 1057/1833/1585
s 17
usemtl shatterInteriorSG1
f 993/1992/1586 1021/1905/1587 991/1993/1588
f 1062/1879/1589 991/1993/1588 1023/1903/1590
f 1023/1903/1590 991/1993/1588 1022/1904/1591
f 991/1993/1588 1021/1905/1587 1022/1904/1591
f 1023/1899/1590 1025/1902/1592 1062/1879/1589
f 1025/1902/1592 1026/1901/1593 1062/1879/1589
f 1026/1901/1593 1029/1900/1594 1062/1879/1589
f 1007/1893/1595 1062/1879/1589 1008/1894/1596
f 1008/1894/1596 1062/1879/1589 1039/1895/1597
f 1039/1895/1597 1062/1879/1589 1037/1896/1598
f 1037/1896/1598 1062/1879/1589 1033/1897/1599
f 1033/1897/1599 1062/1879/1589 1030/1898/1600
f 1030/1898/1600 1062/1879/1589 1029/1892/1594
f 1062/1879/1589 1007/1887/1595 1059/1888/1601
f 1059/1888/1601 1007/1887/1595 1060/1889/1602
f 1007/1887/1595 1013/1886/1603 1060/1889/1602
f 1060/1889/1602 1013/1886/1603 1061/1890/1604
f 1014/1891/1605 1061/1890/1604 1013/1886/1603
f 1059/1884/1601 1055/1883/1606 1062/1879/1589
f 1055/1883/1606 1054/1882/1607 1062/1879/1589
f 1053/1885/1608 1062/1879/1589 1054/1882/1607
f 991/1996/1588 1062/1879/1589 990/1997/1609
f 990/1997/1609 1062/1879/1589 988/1994/1610
f 1053/1881/1608 1050/1880/1611 1062/1879/1589
f 1050/1880/1611 1006/1995/1612 1062/1879/1589
f 1062/1879/1589 1006/1995/1612 988/1994/1610
g default
v -4.198154 4.760767 0.500000
v -3.688053 4.725403 0.139633
v -3.440880 4.618473 0.500000
v -2.897264 4.554935 0.269969
v -2.615427 4.481858 0.389837
v -2.356405 4.414697 0.500000
v -2.451065 4.432484 0.500000
v -2.815437 4.500950 0.500000
v -3.431492 4.616708 0.500000
v -3.085621 4.603774 0.189860
v -3.506044 4.712786 0.011051
v -3.887527 4.811700 -0.151196
v -3.573242 4.730209 -0.017528
v -4.965168 5.072738 -0.500000
v -4.707653 5.024349 -0.500000
v -4.627251 5.003503 -0.465805
v -4.531059 4.978561 -0.424894
v -4.373245 4.937641 -0.357774
v -5.695263 5.158092 -0.191189
v -5.258141 5.127788 -0.500000
v -5.695286 5.209929 -0.500000
v -5.392342 5.153005 -0.500000
v -5.907074 5.249724 -0.500000
v -6.425407 5.347120 -0.500000
v -6.372768 5.337230 -0.500000
v -7.353195 5.515487 -0.464445
v -7.353195 5.521455 -0.500000
v -7.155525 5.484312 -0.500000
v -6.578941 5.375971 -0.500000
v -7.353195 5.353608 0.500000
v -7.353195 5.375971 0.366771
v -7.353195 5.439676 -0.012778
v -7.001484 5.287521 0.500000
v -7.291107 5.341943 0.500000
v -6.673645 5.225919 0.500000
v -5.392342 4.985158 0.500000
v -5.799221 5.061612 0.500000
v -6.372768 5.169383 0.500000
v -5.221184 4.952997 0.500000
v -4.307327 4.781281 0.500000
v -4.411915 4.800933 0.500000
v -4.612404 4.838605 0.500000
v -4.030602 6.123919 -0.104165
v -3.572113 5.845268 0.077316
v -3.550488 5.832125 0.085876
v -3.472059 5.784460 0.116920
v -3.318111 5.314106 0.145977
v -4.808418 5.557021 -0.500000
v -4.832241 5.682959 -0.500000
v -4.875820 5.913336 -0.500000
v -4.924347 6.169842 -0.500000
v -4.947273 6.291048 -0.500000
v -4.542957 6.435307 -0.306967
v -4.763588 6.569397 -0.394299
v -4.695179 6.527821 -0.367220
v -4.970428 6.413446 -0.500000
v -4.873184 6.636003 -0.437678
v -5.030632 6.731693 -0.500000
v -4.977474 6.450701 -0.500000
v -5.016449 6.656727 -0.500000
v -5.392342 6.954599 -0.500000
v -5.392342 6.450701 -0.500000
v -5.421085 6.972313 -0.500000
v -6.372768 6.450701 -0.500000
v -5.446651 6.988066 -0.500000
v -6.372768 6.988066 -0.500000
v -5.882607 7.256723 -0.500000
v -5.715549 7.153776 -0.500000
v -6.318649 7.525436 -0.500000
v -6.071354 7.373039 -0.500000
v -6.372768 7.525436 -0.500000
v -6.344124 7.541136 -0.500000
v -6.372768 7.558788 -0.500000
v -6.805641 7.825546 -0.500000
v -6.684387 7.750824 -0.500000
v -7.353195 7.525436 -0.500000
v -7.190636 8.062798 -0.500000
v -7.353195 8.062798 -0.500000
v -7.184647 8.062798 -0.328086
v -7.155807 8.062798 0.500000
v -7.173325 8.062798 -0.002968
v -7.353195 8.062798 0.500000
v -6.389160 7.590347 0.500000
v -6.372768 7.525433 0.500000
v -6.372768 7.580248 0.500000
v -6.296272 7.533106 0.500000
v -6.283821 7.525433 0.500000
v -5.568520 7.084627 0.500000
v -6.054691 7.384232 0.500000
v -5.411827 6.988066 0.500000
v -6.372768 6.988066 0.500000
v -5.392342 6.976059 0.500000
v -5.392342 6.450701 0.500000
v -5.327435 6.936058 0.500000
v -4.539837 6.450701 0.500000
v -5.047806 6.763737 0.500000
v -4.411915 6.371870 0.500000
v -4.411915 5.913336 0.500000
v -4.358597 6.339010 0.500000
v -3.667847 5.913336 0.500000
v -3.706448 5.937122 0.500000
v -3.431492 5.767680 0.500000
v -3.431492 5.375970 0.500000
v -3.389759 5.741963 0.500000
v -2.795858 5.375970 0.500000
v -2.504255 5.196270 0.500000
v -2.566130 5.234400 0.500000
v -2.451065 4.838605 0.500000
v -2.451065 4.915096 0.500000
v -2.927473 5.453484 0.332480
v -2.443531 4.875264 0.500000
v -3.021326 5.510523 0.295331
v -3.188023 5.611835 0.229349
v -4.740139 5.196074 -0.500000
v -4.774170 5.375971 -0.500000
v -5.392342 5.375971 -0.500000
v -5.392342 5.913336 -0.500000
v -6.372768 5.913336 -0.500000
v -7.353195 6.450701 -0.500000
v -7.353195 6.988066 -0.500000
v -7.353195 7.525433 0.500000
v -6.372768 6.450701 0.500000
v -5.392342 5.913336 0.500000
v -4.411915 5.375970 0.500000
v -3.431492 4.838605 0.500000
v -2.436596 4.838605 0.500000
v -2.434921 4.829757 0.500000
v -6.372768 5.375971 -0.500000
v -7.353195 5.913336 -0.500000
v -7.353195 6.988066 0.500000
v -7.353195 6.450701 0.500000
v -7.353195 5.913336 0.500000
v -6.372768 5.913336 0.500000
v -5.392342 5.375970 0.500000
v -4.411915 4.838605 0.500000
v -7.353195 5.375970 0.500000
v -6.372768 5.375970 0.500000
v -6.347340 7.561754 0.368416
vt 0.425000 0.150000
vt 0.441667 0.150000
vt 0.458333 0.150000
vt 0.375000 0.166667
vt 0.391667 0.166667
vt 0.408333 0.166667
vt 0.425000 0.166667
vt 0.441667 0.166667
vt 0.375000 0.183333
vt 0.391667 0.183333
vt 0.408333 0.183333
vt 0.425000 0.183333
vt 0.375000 0.200000
vt 0.391667 0.200000
vt 0.408333 0.200000
vt 0.375000 0.216667
vt 0.391667 0.216667
vt 0.375000 0.233333
vt 0.391667 0.233333
vt 0.375000 0.250000
vt 0.375000 0.500000
vt 0.375000 0.516667
vt 0.391667 0.516667
vt 0.375000 0.533333
vt 0.391667 0.533333
vt 0.375000 0.550000
vt 0.391667 0.550000
vt 0.408333 0.550000
vt 0.375000 0.566667
vt 0.391667 0.566667
vt 0.408333 0.566667
vt 0.391667 0.583333
vt 0.408333 0.583333
vt 0.125000 0.183333
vt 0.125000 0.200000
vt 0.125000 0.216667
vt 0.125000 0.233333
vt 0.125000 0.250000
vt 0.500000 0.500000
vt 0.487137 0.487325
vt 0.487047 0.487953
vt 0.487159 0.487173
vt 0.486950 0.488635
vt 0.487047 0.487953
vt 0.522308 0.531263
vt 0.522813 0.527734
vt 0.522904 0.527096
vt 0.522904 0.527096
vt 0.523203 0.525000
vt 0.525000 0.512428
vt 0.523203 0.525000
vt 0.523500 0.522924
vt 0.524128 0.518531
vt 0.524692 0.514585
vt 0.525000 0.512428
vt 0.525443 0.509328
vt 0.525884 0.506247
vt 0.414723 0.543610
vt 0.415506 0.551155
vt 0.415386 0.550000
vt 0.416289 0.558711
vt 0.415899 0.554952
vt 0.417855 0.573812
vt 0.417114 0.566667
vt 0.419420 0.588913
vt 0.418842 0.583333
vt 0.415386 0.550000
vt 0.414723 0.543610
vt 0.417114 0.566667
vt 0.416289 0.558711
vt 0.417855 0.573812
vt 0.418842 0.583333
vt 0.418260 0.577718
vt 0.419420 0.588913
vt 0.458333 0.152372
vt 0.458608 0.149726
vt 0.458333 0.152372
vt 0.458461 0.151137
vt 0.458579 0.150000
vt 0.458579 0.150000
vt 0.458608 0.149726
vt 0.525000 0.550000
vt 0.511341 0.555618
vt 0.511136 0.555084
vt 0.510953 0.554609
vt 0.509181 0.550000
vt 0.513574 0.561426
vt 0.517202 0.570861
vt 0.514443 0.563686
vt 0.513574 0.561426
vt 0.525000 0.567594
vt 0.519899 0.569731
vt 0.525000 0.567594
vt 0.527397 0.550000
vt 0.532891 0.564289
vt 0.527397 0.550000
vt 0.526731 0.548269
vt 0.527279 0.549694
vt 0.526731 0.548269
vt 0.525000 0.543766
vt 0.526642 0.548037
vt 0.521516 0.534705
vt 0.525000 0.543766
vt 0.509181 0.550000
vt 0.507829 0.546482
vt 0.506631 0.543369
vt 0.519788 0.530212
vt 0.520253 0.531421
vt 0.520393 0.531785
vt 0.501494 0.525000
vt 0.517784 0.525000
vt 0.519788 0.530212
vt 0.506631 0.543369
vt 0.504704 0.538357
vt 0.504521 0.537880
vt 0.504315 0.537345
vt 0.501723 0.530603
vt 0.501588 0.527300
vt 0.501435 0.523565
vt 0.512845 0.512155
vt 0.513227 0.513148
vt 0.514144 0.515533
vt 0.517784 0.525000
vt 0.501494 0.525000
vt 0.499557 0.477594
vt 0.500000 0.478747
vt 0.500000 0.488443
vt 0.499919 0.486474
vt 0.500143 0.491941
vt 0.500000 0.488443
vt 0.500000 0.478747
vt 0.501646 0.483029
vt 0.505902 0.494098
vt 0.500454 0.499546
vt 0.500386 0.497901
vt 0.508172 0.500000
vt 0.500472 0.500000
vt 0.500454 0.499546
vt 0.505902 0.494098
vt 0.506202 0.494875
vt 0.507895 0.499281
vt 0.500865 0.509620
vt 0.500472 0.500000
vt 0.508172 0.500000
vt 0.512845 0.512155
vt 0.501435 0.523565
vt 0.501305 0.520371
vt 0.495968 0.504032
vt 0.500000 0.508428
vt 0.495968 0.504032
vt 0.492269 0.500000
vt 0.493602 0.501452
vt 0.486262 0.493451
vt 0.492269 0.500000
vt 0.452472 0.166667
vt 0.456377 0.162276
vt 0.457429 0.161093
vt 0.452472 0.166667
vt 0.441667 0.178816
vt 0.442376 0.178018
vt 0.437649 0.183333
vt 0.441667 0.178816
vt 0.436993 0.184071
vt 0.437649 0.183333
vt 0.425000 0.197555
vt 0.425906 0.196536
vt 0.422825 0.200000
vt 0.425000 0.197555
vt 0.414190 0.209709
vt 0.422825 0.200000
vt 0.408333 0.216294
vt 0.409437 0.215054
vt 0.408002 0.216667
vt 0.408333 0.216294
vt 0.405338 0.219662
vt 0.408002 0.216667
vt 0.393179 0.233333
vt 0.397074 0.228954
vt 0.405338 0.219662
vt 0.393179 0.233333
vt 0.391667 0.235033
vt 0.392967 0.233571
vt 0.391667 0.235033
vt 0.378355 0.250000
vt 0.391388 0.235347
vt 0.377865 0.457022
vt 0.378058 0.375742
vt 0.378355 0.250000
vt 0.377763 0.500000
vt 0.377865 0.457022
vt 0.384308 0.507359
vt 0.377763 0.500000
vt 0.391667 0.515632
vt 0.386369 0.509676
vt 0.384308 0.507359
vt 0.392154 0.516180
vt 0.391667 0.515632
vt 0.392587 0.516667
vt 0.392154 0.516180
vt 0.399999 0.525001
vt 0.396791 0.521393
vt 0.392587 0.516667
vt 0.407410 0.533333
vt 0.402839 0.528194
vt 0.399999 0.525001
vt 0.407845 0.533822
vt 0.407410 0.533333
vt 0.408333 0.534371
vt 0.407845 0.533822
vt 0.414482 0.541285
vt 0.408333 0.534371
vt 0.519890 0.530110
vt 0.522125 0.532547
vt 0.519890 0.530110
vt 0.515202 0.525000
vt 0.517363 0.527356
vt 0.518334 0.528414
vt 0.507929 0.517071
vt 0.515202 0.525000
vt 0.507929 0.517071
vt 0.500000 0.508428
vt 0.501113 0.509641
vt 0.501420 0.509976
vt 0.500000 0.500000
vt 0.475000 0.525000
vt 0.507648 0.500000
vt 0.500000 0.510634
vt 0.507742 0.499868
vt 0.513964 0.491217
vt 0.517644 0.486100
vt 0.518600 0.484771
vt 0.514409 0.487347
vt 0.509849 0.490151
vt 0.507648 0.500000
vt 0.500000 0.496206
vt 0.509849 0.490151
vt 0.506802 0.492024
vt 0.498913 0.496874
vt 0.493828 0.500000
vt 0.500000 0.496206
vt 0.475000 0.515887
vt 0.493828 0.500000
vt 0.485970 0.504831
vt 0.483416 0.506401
vt 0.481860 0.507357
vt 0.480559 0.508157
vt 0.477959 0.511773
vt 0.468446 0.525000
vt 0.475000 0.515887
vt 0.473645 0.517772
vt 0.470585 0.522026
vt 0.461661 0.534435
vt 0.455838 0.542531
vt 0.453842 0.545307
vt 0.454350 0.545650
vt 0.468446 0.525000
vt 0.463743 0.531540
vt 0.463212 0.532279
vt 0.468764 0.554067
vt 0.471689 0.550000
vt 0.460807 0.550000
vt 0.466233 0.553656
vt 0.468137 0.554939
vt 0.460807 0.550000
vt 0.471689 0.550000
vt 0.475000 0.545396
vt 0.454350 0.545650
vt 0.489668 0.525000
vt 0.475000 0.545396
vt 0.478039 0.541171
vt 0.483831 0.533117
vt 0.487940 0.527404
vt 0.495816 0.516451
vt 0.497841 0.513636
vt 0.498897 0.512167
vt 0.500000 0.510634
vt 0.489668 0.525000
vt 0.523440 0.501560
vt 0.520881 0.500000
vt 0.525000 0.502511
vt 0.523440 0.501560
vt 0.492375 0.482625
vt 0.500000 0.487273
vt 0.496946 0.485411
vt 0.520881 0.500000
vt 0.513004 0.495199
vt 0.507908 0.492092
vt 0.526304 0.503305
vt 0.525000 0.502511
vt 0.492375 0.482625
vt 0.488175 0.480065
vt 0.500000 0.487273
vt 0.507908 0.492092
vt 0.506818 0.491428
vt 0.415595 0.592738
vt 0.419973 0.594239
vt 0.415595 0.592738
vt 0.408333 0.590249
vt 0.410615 0.591031
vt 0.458333 0.137404
vt 0.452139 0.139527
vt 0.459943 0.136852
vt 0.458333 0.137404
vt 0.403184 0.588483
vt 0.408333 0.590249
vt 0.403184 0.588483
vt 0.391667 0.584535
vt 0.399583 0.587249
vt 0.375000 0.578821
vt 0.378360 0.579973
vt 0.452139 0.139527
vt 0.441667 0.143118
vt 0.378360 0.579973
vt 0.388162 0.583333
vt 0.390772 0.584228
vt 0.391667 0.584535
vt 0.125000 0.171179
vt 0.341693 0.166667
vt 0.246805 0.168643
vt 0.133889 0.170994
vt 0.441667 0.143118
vt 0.441507 0.143172
vt 0.428634 0.147586
vt 0.426778 0.148222
vt 0.388162 0.583333
vt 0.390772 0.584228
vt 0.375000 0.165973
vt 0.341693 0.166667
vt 0.408333 0.154545
vt 0.421592 0.150000
vt 0.411243 0.153548
vt 0.426778 0.148222
vt 0.425000 0.148832
vt 0.376055 0.165611
vt 0.375000 0.165973
vt 0.376055 0.165611
vt 0.391667 0.160259
vt 0.386552 0.162013
vt 0.380979 0.163923
vt 0.408333 0.154545
vt 0.401417 0.156917
vt 0.425000 0.148832
vt 0.421592 0.150000
vt 0.401417 0.156917
vt 0.391667 0.160259
vn -0.182209 -0.969695 -0.162763
vn -0.182209 -0.969695 -0.162760
vn -0.182209 -0.969696 -0.162758
vn -0.182209 -0.969693 -0.162774
vn -0.182209 -0.969694 -0.162770
vn -0.182209 -0.969695 -0.162763
vn -0.182208 -0.969695 -0.162761
vn -0.182208 -0.969696 -0.162760
vn -0.182211 -0.969696 -0.162754
vn -0.182208 -0.969693 -0.162775
vn -0.182208 -0.969696 -0.162756
vn -0.182208 -0.969695 -0.162764
vn -0.182209 -0.969696 -0.162758
vn -0.182209 -0.969695 -0.162760
vn -0.182209 -0.969695 -0.162763
vn -0.182209 -0.969694 -0.162768
vn -0.182208 -0.969696 -0.162755
vn -0.182205 -0.969697 -0.162753
vn -0.182211 -0.969695 -0.162761
vn -0.182207 -0.969696 -0.162760
vn -0.182210 -0.969695 -0.162761
vn -0.182208 -0.969695 -0.162762
vn -0.182208 -0.969695 -0.162761
vn -0.182209 -0.969695 -0.162764
vn -0.182208 -0.969695 -0.162764
vn -0.182209 -0.969696 -0.162759
vn -0.182208 -0.969696 -0.162761
vn -0.182215 -0.969696 -0.162749
vn -0.182204 -0.969694 -0.162773
vn -0.182209 -0.969696 -0.162759
vn -0.182210 -0.969696 -0.162757
vn -0.182209 -0.969696 -0.162758
vn -0.182191 -0.969697 -0.162769
vn -0.182208 -0.969696 -0.162756
vn -0.182209 -0.969696 -0.162759
vn -0.182208 -0.969696 -0.162760
vn -0.182209 -0.969696 -0.162760
vn -0.182209 -0.969696 -0.162759
vn -0.182208 -0.969696 -0.162760
vn -0.182214 -0.969697 -0.162743
vn -0.182207 -0.969694 -0.162770
vn -0.182207 -0.969695 -0.162762
vn 0.407060 0.077003 -0.910150
vn 0.407058 0.077003 -0.910151
vn 0.407059 0.077003 -0.910150
vn 0.407059 0.077002 -0.910151
vn 0.407059 0.077004 -0.910150
vn 0.407058 0.077004 -0.910151
vn 0.407060 0.077002 -0.910150
vn 0.407058 0.077003 -0.910151
vn 0.407060 0.077004 -0.910150
vn 0.309224 0.058496 -0.949189
vn 0.128504 0.024308 -0.991411
vn 0.197256 0.037315 -0.979642
vn 0.215906 0.040845 -0.975559
vn 0.183703 0.034750 -0.982367
vn 0.407061 0.077001 -0.910150
vn 0.407056 0.077005 -0.910152
vn 0.407056 0.077006 -0.910151
vn 0.139854 0.026457 -0.989819
vn 0.015622 0.002956 -0.999874
vn 0.112036 0.021195 -0.993478
vn 0.040673 0.007694 -0.999143
vn 0.000000 0.000000 -1.000000
vn 0.000000 0.000000 -1.000000
vn 0.000000 0.000000 -1.000000
vn 0.000000 0.000000 -1.000000
vn 0.000000 0.000000 -1.000000
vn 0.000000 0.000000 -1.000000
vn 0.000000 0.000000 -1.000000
vn 0.000000 0.000000 -1.000000
vn 0.000000 0.000000 -1.000000
vn 0.000000 0.000000 -1.000000
vn 0.000000 0.000000 -1.000000
vn 0.000000 0.000000 -1.000000
vn 0.000000 0.000000 -1.000000
vn 0.000000 0.000000 -1.000000
vn 0.000000 0.000000 -1.000000
vn 0.000000 0.000000 -1.000000
vn 0.000000 0.000000 -1.000000
vn 0.000000 0.000000 -1.000000
vn 0.000000 1.000000 0.000000
vn 0.000000 1.000000 0.000000
vn 0.000000 1.000000 0.000000
vn 0.000000 1.000000 0.000000
vn 0.000000 1.000000 0.000001
vn 0.000000 1.000000 0.000000
vn 0.000000 0.000000 1.000000
vn -0.000000 -0.000000 1.000000
vn -0.000000 -0.000000 1.000000
vn -0.000006 -0.000009 1.000000
vn 0.000009 0.000000 1.000000
vn 0.000000 0.000000 1.000000
vn 0.000000 0.000000 1.000000
vn 0.000000 0.000000 1.000000
vn 0.000000 0.000000 1.000000
vn 0.000000 0.000000 1.000000
vn 0.000000 0.000000 1.000000
vn 0.000000 0.000000 1.000000
vn 0.000000 0.000000 1.000000
vn 0.000000 0.000000 1.000000
vn 0.000000 0.000000 1.000000
vn 0.000000 0.000000 1.000000
vn 0.000000 0.000000 1.000000
vn 0.000000 0.000000 1.000000
vn 0.000000 0.000000 1.000000
vn 0.000000 0.000000 1.000000
vn 0.000000 0.000000 1.000000
vn 0.000000 0.000000 1.000000
vn 0.000000 0.000000 1.000000
vn 0.000000 0.000000 1.000000
vn 0.000000 0.000000 1.000000
vn 0.000000 0.000000 1.000000
vn 0.000000 0.000000 1.000000
vn 0.000000 0.000000 1.000000
vn 0.000000 0.000000 1.000000
vn 0.407059 0.077003 -0.910150
vn 0.407059 0.077003 -0.910150
vn 0.407059 0.077003 -0.910150
vn 0.407059 0.077003 -0.910150
vn 0.407058 0.077003 -0.910151
vn 0.407059 0.077000 -0.910151
vn 0.407059 0.077003 -0.910150
vn 0.407059 0.077006 -0.910150
vn 0.407059 0.077004 -0.910150
vn 0.407060 0.077003 -0.910150
vn 0.407058 0.077004 -0.910151
vn 0.057339 0.010847 -0.998296
vn 0.105699 0.019995 -0.994197
vn 0.148880 0.028164 -0.988454
vn 0.000000 0.000000 -1.000000
vn 0.000000 0.000000 -1.000000
vn 0.000000 0.000000 -1.000000
vn 0.000000 0.000000 -1.000000
vn 0.000000 0.000000 -1.000000
vn -1.000000 0.000000 0.000000
vn -1.000000 0.000000 0.000000
vn -1.000000 0.000000 0.000000
vn -1.000000 0.000000 0.000000
vn 0.000000 0.000000 1.000000
vn 0.000000 0.000000 1.000000
vn 0.000000 0.000000 1.000000
vn 0.000000 0.000000 1.000000
vn 0.000000 0.000000 1.000000
vn 0.000000 0.000000 1.000000
vn 0.000000 0.000000 1.000000
vn 0.407048 0.077003 -0.910155
vn 0.407055 0.077005 -0.910152
vn 0.407058 0.077003 -0.910151
vn 0.407059 0.077003 -0.910151
vn 0.000000 0.000000 -1.000000
vn 0.000000 0.000000 -1.000000
vn 0.000000 0.000000 -1.000000
vn 0.000000 0.000000 -1.000000
vn 0.000000 0.000000 -1.000000
vn -1.000000 0.000000 0.000000
vn -1.000000 0.000000 0.000000
vn 0.000000 0.000000 1.000000
vn 0.000000 0.000000 1.000000
vn 0.000000 0.000000 1.000000
vn 0.000000 0.000000 1.000000
vn 0.000000 0.000000 1.000000
vn 0.000000 0.000000 -1.000000
vn 0.000000 0.000000 -1.000000
vn 0.000000 0.000000 -1.000000
vn 0.000000 0.000000 -1.000000
vn 0.000000 0.000000 -1.000000
vn -1.000000 0.000000 0.000000
vn -1.000000 0.000000 0.000000
vn -1.000000 0.000000 0.000000
vn -1.000000 0.000000 0.000000
vn 0.000000 0.000000 1.000000
vn 0.000000 0.000000 1.000000
vn 0.000000 0.000000 1.000000
vn 0.000000 0.000000 1.000000
vn 0.000000 0.000000 1.000000
vn 0.000000 0.000000 -1.000000
vn 0.000000 0.000000 -1.000000
vn -1.000000 0.000000 0.000000
vn -1.000000 0.000001 0.000000
vn -1.000000 0.000000 0.000000
vn -1.000000 0.000000 0.000000
vn -1.000000 0.000000 0.000000
vn 0.000000 0.000000 1.000000
vn 0.000000 0.000000 1.000000
vn 0.000000 0.000000 1.000000
vn -1.000000 0.000000 0.000000
vn 0.000000 0.000000 1.000000
vn 0.000000 0.000000 1.000000
vn 0.000000 0.000000 1.000000
vn 0.000000 0.000000 1.000000
vn 0.000000 0.000000 1.000000
vn 0.000000 0.000000 1.000000
vn 0.000000 0.000000 1.000000
vn 0.000000 0.000000 1.000000
vn 0.000000 0.000000 1.000000
vn 0.000000 0.000000 1.000000
vn 0.000000 0.000000 1.000000
vn 0.000000 0.000000 1.000000
vn 0.000000 0.000000 1.000000
vn 0.524545 0.851187 -0.018265
vn 0.524547 0.851186 -0.018265
vn 0.524545 0.851187 -0.018265
vn 0.524545 0.851187 -0.018265
vn 0.524545 0.851187 -0.018265
vn 0.524546 0.851186 -0.018265
vn 0.524544 0.851188 -0.018266
vn 0.524549 0.851185 -0.018265
vn 0.524544 0.851187 -0.018266
vn 0.524545 0.851187 -0.018269
vn 0.524543 0.851189 -0.018253
vn 0.524546 0.851186 -0.018267
vn 0.524545 0.851187 -0.018264
vn 0.524546 0.851186 -0.018265
vn 0.524544 0.851187 -0.018266
vn 0.524509 0.851211 -0.018191
vn 0.524542 0.851189 -0.018248
vn 0.524553 0.851182 -0.018269
vn 0.524544 0.851187 -0.018266
vn 0.524543 0.851188 -0.018265
vn 0.524543 0.851188 -0.018266
vn 0.524545 0.851187 -0.018266
vn 0.524548 0.851185 -0.018267
vn 0.524544 0.851187 -0.018266
vn 0.524518 0.851203 -0.018262
vn 0.524549 0.851185 -0.018265
vn 0.524547 0.851186 -0.018265
vn 0.524542 0.851189 -0.018267
vn 0.524546 0.851186 -0.018268
vn 0.524547 0.851186 -0.018265
vn 0.524547 0.851186 -0.018266
vn 0.524541 0.851189 -0.018268
vn 0.524545 0.851187 -0.018265
vn 0.524537 0.851192 -0.018262
vn 0.524554 0.851181 -0.018270
vn 0.524552 0.851182 -0.018258
vn 0.524544 0.851188 -0.018254
vn 0.524547 0.851186 -0.018243
vn 0.524536 0.851192 -0.018267
vn 0.524545 0.851187 -0.018269
vn 0.524545 0.851187 -0.018267
vn 0.524545 0.851187 -0.018266
vn 0.524542 0.851188 -0.018270
vn 0.524542 0.851188 -0.018268
vn 0.524542 0.851188 -0.018271
vn 0.524546 0.851186 -0.018268
vn 0.524548 0.851185 -0.018268
vn 0.524555 0.851181 -0.018267
s 1
g solidShatter1 shard5
usemtl shatterInteriorSG1
f 1063/2224/1613 1064/2221/1614 1065/2223/1615
f 1068/2228/1616 1069/2227/1617 1067/2229/1618
f 1069/2227/1617 1070/2226/1619 1067/2229/1618
f 1064/2221/1614 1066/2230/1620 1065/2231/1615
f 1065/2231/1615 1066/2230/1620 1071/2225/1621
f 1071/2225/1621 1066/2230/1620 1070/2226/1619
f 1066/2230/1620 1067/2229/1618 1070/2226/1619
f 1066/2233/1620 1064/2221/1614 1072/2234/1622
f 1072/2234/1622 1064/2221/1614 1073/2232/1623
f 1073/2237/1623 1064/2221/1614 1075/2235/1624
f 1075/2235/1624 1064/2221/1614 1074/2236/1625
f 1064/2221/1614 1081/2222/1626 1074/2239/1625
f 1074/2239/1625 1081/2222/1626 1080/2240/1627
f 1080/2240/1627 1081/2222/1626 1079/2241/1628
f 1079/2241/1628 1081/2222/1626 1078/2242/1629
f 1078/2242/1629 1081/2222/1626 1077/2243/1630
f 1077/2243/1630 1081/2222/1626 1076/2244/1631
f 1076/2244/1631 1081/2222/1626 1082/2238/1632
f 1082/2246/1632 1081/2222/1626 1084/2247/1633
f 1084/2247/1633 1081/2222/1626 1083/2248/1634
f 1083/2248/1634 1081/2222/1626 1085/2245/1635
f 1089/2251/1636 1090/2250/1637 1088/2252/1638
f 1088/2252/1638 1090/2250/1637 1081/2222/1626
f 1090/2250/1637 1091/2249/1639 1081/2222/1626
f 1091/2249/1639 1086/2255/1640 1081/2222/1626
f 1086/2255/1640 1087/2254/1641 1081/2222/1626
f 1087/2254/1641 1085/2253/1635 1081/2222/1626
f 1094/2258/1642 1095/2257/1643 1093/2259/1644
f 1092/2260/1645 1093/2259/1644 1096/2256/1646
f 1093/2259/1644 1095/2257/1643 1096/2256/1646
f 1081/2222/1626 1097/2263/1647 1088/2264/1638
f 1088/2264/1638 1097/2263/1647 1094/2261/1642
f 1097/2263/1647 1095/2262/1643 1094/2261/1642
f 1097/2266/1647 1081/2222/1626 1100/2267/1648
f 1100/2267/1648 1081/2222/1626 1099/2268/1649
f 1101/2265/1650 1098/2269/1651 1081/2222/1626
f 1098/2269/1651 1099/2268/1649 1081/2222/1626
f 1064/2221/1614 1063/2273/1613 1081/2222/1626
f 1063/2273/1613 1102/2272/1652 1081/2222/1626
f 1102/2272/1652 1103/2271/1653 1081/2222/1626
f 1103/2271/1653 1104/2270/1654 1081/2222/1626
f 1101/2274/1650 1081/2222/1626 1104/2270/1654
s 5
f 1079/2275/1655 1105/2217/1656 1080/2276/1657
f 1105/2217/1656 1106/2220/1658 1080/2276/1657
f 1109/2036/1659 1080/2276/1657 1108/2218/1660
f 1106/2220/1658 1107/2219/1661 1080/2276/1657
f 1080/2276/1657 1107/2219/1661 1108/2218/1660
f 1105/2215/1656 1079/2278/1655 1115/2216/1662
f 1079/2278/1655 1078/2277/1663 1115/2216/1662
f 1078/2277/1663 1110/2047/1664 1115/2216/1662
f 1110/2047/1664 1111/2051/1665 1115/2216/1662
f 1111/2051/1665 1112/2050/1666 1115/2216/1662
f 1112/2050/1666 1113/2049/1667 1115/2216/1662
f 1113/2049/1667 1114/2048/1668 1115/2216/1662
f 1115/2212/1662 1114/2046/1668 1117/2213/1669
f 1117/2213/1669 1114/2046/1668 1116/2214/1670
f 1116/2214/1670 1114/2046/1668 1119/2211/1671
f 1114/2046/1668 1118/2045/1672 1119/2211/1671
f 1120/2210/1673 1119/2209/1671 1122/2042/1674
f 1118/2044/1672 1121/2043/1675 1119/2209/1671
f 1119/2209/1671 1121/2043/1675 1122/2042/1674
usemtl initialShadingGroup
f 1123/2208/1676 1120/2207/1673 1124/2025/1677
f 1124/2025/1677 1120/2207/1673 1122/2055/1674
f 1125/2206/1678 1123/2205/1676 1126/2024/1679
f 1123/2205/1676 1124/2025/1677 1126/2024/1679
f 1125/2203/1678 1126/2024/1679 1127/2204/1680
f 1127/2204/1680 1126/2024/1679 1128/2022/1681
f 1127/2200/1680 1128/2022/1681 1130/2201/1682
f 1129/2202/1683 1130/2201/1682 1128/2022/1681
f 1129/2197/1683 1128/2022/1681 1132/2198/1684
f 1133/2020/1685 1131/2199/1686 1128/2022/1681
f 1131/2199/1686 1132/2198/1684 1128/2022/1681
f 1134/2196/1687 1131/2195/1686 1133/2020/1685
f 1135/2194/1688 1134/2193/1687 1133/2020/1685
f 1133/2020/1685 1138/2019/1689 1135/2190/1688
f 1135/2190/1688 1138/2019/1689 1137/2191/1690
f 1136/2192/1691 1137/2191/1690 1138/2019/1689
f 1136/2188/1691 1138/2019/1689 1139/2189/1692
f 1139/2189/1692 1138/2019/1689 1140/2018/1693
s 9
f 1141/2187/1694 1139/2186/1695 1140/2018/1696
f 1140/2018/1696 1144/2017/1697 1141/2183/1694
f 1141/2183/1694 1144/2017/1697 1143/2184/1698
f 1142/2185/1699 1143/2184/1698 1144/2017/1697
s 10
f 1144/2017/1700 1146/2016/1701 1142/2181/1702
f 1142/2181/1702 1146/2016/1701 1145/2182/1703
f 1145/2182/1703 1146/2016/1701 1147/2180/1704
f 1147/2178/1704 1146/2016/1701 1148/2179/1705
f 1148/2179/1705 1146/2016/1701 1149/2177/1706
f 1150/2176/1707 1151/2175/1708 1146/2016/1701
f 1146/2016/1701 1151/2175/1708 1149/2174/1706
f 1152/2173/1709 1150/2172/1707 1153/2014/1710
f 1153/2014/1710 1150/2172/1707 1146/2016/1701
f 1153/2014/1710 1155/2012/1711 1152/2170/1709
f 1154/2171/1712 1152/2170/1709 1155/2012/1711
f 1157/2167/1713 1158/2166/1714 1155/2012/1711
f 1154/2168/1712 1155/2012/1711 1156/2169/1715
f 1156/2169/1715 1155/2012/1711 1158/2166/1714
f 1155/2012/1711 1160/2009/1716 1157/2164/1713
f 1159/2165/1717 1157/2164/1713 1160/2009/1716
f 1162/2161/1718 1163/2160/1719 1160/2009/1716
f 1159/2162/1717 1160/2009/1716 1161/2163/1720
f 1161/2163/1720 1160/2009/1716 1163/2160/1719
f 1164/2159/1721 1162/2158/1718 1165/2005/1722
f 1165/2005/1722 1162/2158/1718 1160/2009/1716
f 1164/2156/1721 1165/2005/1722 1166/2157/1723
f 1166/2157/1723 1165/2005/1722 1167/2155/1724
f 1170/2000/1725 1171/2072/1726 1165/2005/1722
f 1171/2072/1726 1168/2154/1727 1165/2005/1722
f 1168/2154/1727 1169/2153/1728 1165/2005/1722
f 1169/2153/1728 1167/2152/1724 1165/2005/1722
s 5
usemtl shatterInteriorSG1
f 1109/2036/1659 1172/2151/1729 1072/2280/1730
f 1172/2151/1729 1168/2150/1731 1072/2280/1730
f 1072/2280/1730 1168/2150/1731 1066/2281/1732
f 1168/2150/1731 1171/2040/1733 1066/2281/1732
f 1171/2040/1733 1173/2041/1734 1066/2281/1732
f 1066/2281/1732 1173/2041/1734 1067/2279/1735
f 1172/2148/1729 1109/2036/1659 1174/2149/1736
f 1174/2149/1736 1109/2036/1659 1175/2147/1737
f 1108/2146/1660 1175/2145/1737 1109/2036/1659
f 1075/2284/1738 1074/2283/1739 1109/2036/1659
f 1109/2036/1659 1074/2283/1739 1080/2282/1657
f 1110/2052/1664 1078/2286/1663 1177/2053/1740
f 1177/2053/1740 1078/2286/1663 1176/2054/1741
f 1078/2286/1663 1077/2285/1742 1176/2054/1741
usemtl initialShadingGroup
f 1111/2068/1665 1110/2070/1664 1178/2030/1743
f 1110/2070/1664 1177/2069/1740 1178/2030/1743
f 1112/2061/1666 1111/2060/1665 1179/2028/1744
f 1179/2028/1744 1111/2060/1665 1178/2030/1743
f 1113/2067/1667 1112/2066/1666 1179/2028/1744
f 1124/2025/1677 1121/2057/1675 1179/2028/1744
f 1121/2057/1675 1118/2056/1672 1179/2028/1744
f 1118/2056/1672 1114/2059/1668 1179/2028/1744
f 1114/2059/1668 1113/2058/1667 1179/2028/1744
f 1122/2065/1674 1121/2064/1675 1124/2025/1677
f 1126/2024/1679 1124/2025/1677 1180/2027/1745
f 1181/2023/1746 1128/2022/1681 1126/2024/1679
f 1182/2021/1747 1133/2020/1685 1128/2022/1681
f 1138/2019/1689 1133/2020/1685 1182/2021/1747
s 15
f 1138/2034/1748 1183/2015/1749 1140/2035/1750
f 1140/2035/1750 1183/2015/1749 1144/2017/1751
s 10
f 1183/2015/1752 1146/2016/1701 1144/2017/1700
f 1183/2015/1752 1153/2014/1710 1146/2016/1701
f 1184/2011/1753 1155/2012/1711 1153/2014/1710
f 1185/2008/1754 1160/2009/1716 1155/2012/1711
f 1186/2004/1755 1165/2005/1722 1160/2009/1716
f 1187/1999/1756 1170/2000/1725 1165/2005/1722
f 1188/2076/1757 1173/2075/1758 1170/2000/1725
f 1170/2000/1725 1173/2075/1758 1171/2074/1726
s 5
usemtl shatterInteriorSG1
f 1173/2038/1734 1188/2037/1759 1067/2287/1735
f 1188/2037/1759 1189/2039/1760 1067/2287/1735
f 1068/2288/1761 1067/2287/1735 1189/2039/1760
f 1075/2290/1738 1109/2036/1659 1073/2291/1762
f 1073/2291/1762 1109/2036/1659 1072/2289/1730
usemtl initialShadingGroup
f 1077/2293/1742 1076/2292/1763 1176/2071/1741
f 1178/2030/1743 1177/2063/1740 1084/2295/1764
f 1084/2295/1764 1177/2063/1740 1082/2296/1765
f 1082/2296/1765 1177/2063/1740 1076/2294/1763
f 1177/2063/1740 1176/2062/1741 1076/2294/1763
f 1190/2029/1766 1179/2028/1744 1178/2030/1743
f 1180/2027/1745 1124/2025/1677 1179/2028/1744
f 1191/2026/1767 1126/2024/1679 1180/2027/1745
f 1182/2021/1747 1128/2022/1681 1181/2023/1746
f 1181/2023/1746 1126/2024/1679 1191/2026/1767
s 15
f 1182/2033/1768 1192/2013/1769 1138/2034/1748
f 1138/2034/1748 1192/2013/1769 1183/2015/1749
s 10
f 1192/2013/1770 1153/2014/1710 1183/2015/1752
f 1184/2011/1753 1185/2008/1754 1155/2012/1711
f 1192/2013/1770 1184/2011/1753 1153/2014/1710
f 1185/2008/1754 1186/2004/1755 1160/2009/1716
f 1186/2004/1755 1187/1999/1756 1165/2005/1722
f 1069/2297/1771 1170/2000/1725 1070/2298/1772
f 1070/2298/1772 1170/2000/1725 1187/1999/1756
f 1189/2078/1773 1188/2077/1757 1170/2000/1725
f 1068/2299/1774 1189/2073/1773 1069/2300/1771
f 1069/2300/1771 1189/2073/1773 1170/2000/1725
s 5
f 1084/2302/1764 1083/2301/1775 1178/2030/1743
f 1180/2027/1745 1179/2028/1744 1190/2029/1766
f 1190/2029/1766 1178/2030/1743 1087/2304/1776
f 1087/2304/1776 1178/2030/1743 1085/2305/1777
f 1085/2305/1777 1178/2030/1743 1083/2303/1775
f 1089/2306/1778 1191/2026/1767 1090/2307/1779
f 1090/2307/1779 1191/2026/1767 1180/2027/1745
s 15
f 1181/2032/1780 1193/2010/1781 1182/2033/1768
f 1191/2031/1782 1194/2006/1783 1181/2032/1780
f 1182/2033/1768 1193/2010/1781 1192/2013/1769
s 10
f 1195/2007/1784 1185/2008/1754 1184/2011/1753
f 1193/2010/1785 1184/2011/1753 1192/2013/1770
f 1196/2003/1786 1186/2004/1755 1185/2008/1754
f 1197/1998/1787 1187/1999/1756 1186/2004/1755
f 1071/2309/1788 1070/2308/1772 1187/1999/1756
s 5
f 1090/2310/1779 1180/2027/1745 1091/2311/1789
f 1091/2311/1789 1180/2027/1745 1190/2029/1766
f 1087/2313/1776 1086/2312/1790 1190/2029/1766
s 15
f 1198/2001/1791 1191/2031/1782 1093/2315/1792
f 1093/2315/1792 1191/2031/1782 1094/2316/1793
f 1089/2314/1794 1088/2317/1795 1191/2031/1782
f 1088/2317/1795 1094/2316/1793 1191/2031/1782
f 1181/2032/1780 1194/2006/1783 1193/2010/1781
f 1191/2031/1782 1198/2001/1791 1194/2006/1783
s 10
f 1195/2007/1784 1196/2003/1786 1185/2008/1754
f 1193/2010/1785 1195/2007/1784 1184/2011/1753
f 1196/2003/1786 1197/1998/1787 1186/2004/1755
f 1197/1998/1787 1102/2321/1796 1187/1999/1756
f 1102/2321/1796 1063/2320/1797 1187/1999/1756
f 1071/2318/1788 1187/1999/1756 1065/2319/1798
f 1063/2320/1797 1065/2319/1798 1187/1999/1756
s 5
f 1086/2323/1790 1091/2322/1789 1190/2029/1766
s 15
f 1093/2325/1792 1092/2324/1799 1198/2001/1791
s 10
f 1194/2006/1800 1195/2007/1784 1193/2010/1785
f 1198/2001/1801 1199/2002/1802 1194/2006/1800
f 1199/2002/1802 1196/2003/1786 1195/2007/1784
f 1197/1998/1787 1196/2003/1786 1104/2327/1803
f 1098/2326/1804 1101/2328/1805 1196/2003/1786
f 1101/2328/1805 1104/2327/1803 1196/2003/1786
f 1103/2330/1806 1102/2329/1796 1197/1998/1787
f 1092/2332/1807 1096/2331/1808 1198/2001/1801
f 1194/2006/1800 1199/2002/1802 1195/2007/1784
f 1198/2001/1801 1096/2333/1808 1199/2002/1802
f 1096/2333/1808 1095/2336/1809 1199/2002/1802
f 1095/2336/1809 1097/2335/1810 1199/2002/1802
f 1097/2335/1810 1100/2334/1811 1199/2002/1802
f 1098/2337/1804 1196/2003/1786 1099/2338/1812
f 1099/2338/1812 1196/2003/1786 1199/2002/1802
f 1104/2340/1803 1103/2339/1806 1197/1998/1787
f 1100/2342/1811 1099/2341/1812 1199/2002/1802
s 21
usemtl shatterInteriorSG1
f 1117/2143/1813 1161/2142/1814 1115/2144/1815
f 1115/2144/1815 1161/2142/1814 1105/2139/1816
f 1161/2142/1814 1163/2141/1817 1105/2139/1816
f 1163/2141/1817 1106/2140/1818 1105/2139/1816
f 1166/2136/1819 1107/2135/1820 1164/2137/1821
f 1163/2133/1817 1162/2138/1822 1106/2134/1818
f 1106/2134/1818 1162/2138/1822 1107/2135/1820
f 1162/2138/1822 1164/2137/1821 1107/2135/1820
f 1169/2128/1823 1174/2127/1824 1167/2129/1825
f 1167/2129/1825 1174/2127/1824 1166/2130/1819
f 1174/2127/1824 1175/2126/1826 1166/2130/1819
f 1107/2131/1820 1166/2130/1819 1108/2132/1827
f 1108/2132/1827 1166/2130/1819 1175/2126/1826
f 1174/2124/1824 1169/2123/1823 1172/2125/1828
f 1172/2125/1828 1169/2123/1823 1168/2122/1829
f 1161/2117/1814 1117/2116/1813 1159/2118/1830
f 1158/2120/1831 1157/2119/1832 1116/2121/1833
f 1116/2121/1833 1157/2119/1832 1117/2116/1813
f 1157/2119/1832 1159/2118/1830 1117/2116/1813
f 1130/2110/1834 1156/2109/1835 1127/2111/1836
f 1127/2111/1836 1156/2109/1835 1125/2112/1837
f 1125/2112/1837 1156/2109/1835 1123/2113/1838
f 1123/2113/1838 1156/2109/1835 1120/2114/1839
f 1156/2109/1835 1158/2108/1831 1120/2114/1839
f 1120/2114/1839 1158/2108/1831 1119/2115/1840
f 1119/2115/1840 1158/2108/1831 1116/2107/1833
f 1132/2101/1841 1200/2079/1842 1151/2100/1843
f 1129/2102/1844 1132/2101/1841 1151/2100/1843
f 1130/2103/1834 1129/2102/1844 1151/2100/1843
f 1150/2099/1845 1130/2103/1834 1151/2100/1843
f 1152/2106/1846 1130/2103/1834 1150/2099/1845
f 1154/2105/1847 1130/2103/1834 1152/2106/1846
f 1156/2104/1835 1130/2103/1834 1154/2105/1847
f 1148/2096/1848 1149/2098/1849 1200/2079/1842
f 1149/2098/1849 1151/2097/1843 1200/2079/1842
f 1145/2093/1850 1147/2095/1851 1200/2079/1842
f 1147/2095/1851 1148/2094/1848 1200/2079/1842
f 1145/2091/1850 1200/2079/1842 1142/2092/1852
f 1142/2092/1852 1200/2079/1842 1143/2090/1853
f 1200/2079/1842 1137/2087/1854 1143/2088/1853
f 1137/2087/1854 1136/2086/1855 1143/2088/1853
f 1143/2088/1853 1136/2086/1855 1141/2089/1856
f 1141/2089/1856 1136/2086/1855 1139/2085/1857
f 1137/2084/1854 1200/2079/1842 1135/2080/1858
f 1132/2083/1841 1131/2082/1859 1200/2079/1842
f 1131/2082/1859 1134/2081/1860 1200/2079/1842
f 1200/2079/1842 1134/2081/1860 1135/2080/1858
g default
v -4.244873 3.193100 -0.447958
v -4.184978 3.143167 -0.425395
v -4.123608 2.826676 0.053552
v -5.025486 3.323060 0.152756
v -4.363472 3.291974 -0.492635
v -5.392342 3.928416 -0.500000
v -5.250805 3.841451 -0.500000
v -5.124542 3.763875 -0.500000
v -4.788555 3.557440 -0.500000
v -4.411915 3.326027 -0.500000
v -4.383022 3.308274 -0.500000
v -5.626667 4.072387 -0.500000
v -5.713051 4.125463 -0.500000
v -6.839138 4.321272 0.352255
v -5.964931 4.280223 -0.500000
v -7.353195 4.962006 -0.205903
v -7.353195 5.133192 -0.500000
v -7.099789 4.977496 -0.500000
v -6.873734 4.838605 -0.500000
v -6.637543 4.693485 -0.500000
v -6.372768 4.530805 -0.500000
v -6.175297 4.409474 -0.500000
v -5.999138 4.301240 -0.500000
v -7.353195 4.838605 0.006097
v -7.353195 4.604202 0.408800
v -7.353195 4.551117 0.500000
v -6.990688 4.328388 0.500000
v -6.946503 4.301240 0.500000
v -6.703068 4.151670 0.500000
v -5.392342 3.346340 0.500000
v -6.071907 3.763874 0.500000
v -6.372768 3.948729 0.500000
v -5.381672 3.339785 0.500000
v -5.197311 3.226509 0.500000
v -4.705681 2.924443 0.500000
v -4.411915 2.743952 0.500000
v -4.075272 2.577400 0.430784
v -4.066402 2.531663 0.500000
v -4.322712 2.689144 0.500000
v -4.643223 4.838605 0.500000
v -4.644745 4.844682 0.500000
v -5.221184 4.952997 0.500000
v -5.392342 4.985159 0.500000
v -5.392342 4.838605 0.500000
v -4.524258 4.362814 0.500000
v -4.649734 5.009333 -0.475368
v -4.610775 4.852891 -0.471179
v -4.671143 4.831352 -0.500000
v -4.672516 4.838605 -0.500000
v -4.707653 5.024349 -0.500000
v -4.965168 5.072738 -0.500000
v -5.392342 4.838605 -0.500000
v -5.392342 5.153005 -0.500000
v -5.258141 5.127789 -0.500000
v -5.695286 5.209929 -0.500000
v -6.372768 4.838605 -0.500000
v -6.372768 5.337231 -0.500000
v -5.907074 5.249724 -0.500000
v -6.425407 5.347120 -0.500000
v -7.353195 5.375971 -0.500000
v -6.578941 5.375971 -0.500000
v -7.155525 5.484312 -0.500000
v -7.353195 5.521455 -0.500000
v -7.353195 5.439676 -0.012778
v -7.353195 5.515487 -0.464445
v -7.353195 5.375971 0.366771
v -7.353195 5.353608 0.500000
v -7.353195 4.838605 0.500000
v -7.291107 5.341943 0.500000
v -6.372768 4.838605 0.500000
v -6.673645 5.225919 0.500000
v -7.001484 5.287521 0.500000
v -6.372768 5.169383 0.500000
v -5.799221 5.061612 0.500000
v -4.508862 4.301240 0.500000
v -5.392342 4.301240 0.500000
v -4.601768 4.816731 -0.470210
v -4.449837 4.206673 -0.453874
v -4.335743 3.748541 -0.441606
v -4.254379 3.421835 -0.432857
v -4.395012 3.371658 -0.500000
v -4.411915 3.461016 -0.500000
v -4.463825 3.735423 -0.500000
v -4.469208 3.763875 -0.500000
v -4.555931 4.222307 -0.500000
v -4.570862 4.301240 -0.500000
v -4.648033 4.709191 -0.500000
v -4.648254 4.710348 -0.500000
v -5.392342 4.301240 -0.500000
v -6.372768 4.301240 0.500000
v -4.414677 3.924552 0.500000
v -4.492851 4.237206 0.500000
v -4.411915 3.763874 0.500000
v -4.411915 3.913512 0.500000
v -4.374500 3.763874 0.500000
v -4.214642 3.262285 -0.428585
v -4.185749 3.146257 -0.425478
v -5.392342 3.763874 0.500000
v -4.368561 3.740111 0.500000
v -4.411915 3.226509 0.500000
v -4.270866 3.349389 0.500000
v -4.240139 3.226509 0.500000
v -4.212860 3.117408 0.500000
v -4.105778 2.689144 0.500000
v -4.151634 2.872535 0.500000
v -4.086819 2.613321 0.500000
v -4.645504 4.869779 0.351335
v -4.647396 4.932207 -0.018483
v -5.695263 5.158092 -0.191189
v -4.649452 4.999945 -0.419755
v -4.428822 4.038051 0.116250
vt 0.425000 0.100000
vt 0.408333 0.116667
vt 0.425000 0.116667
vt 0.391667 0.133333
vt 0.408333 0.133333
vt 0.375000 0.150000
vt 0.391667 0.150000
vt 0.408333 0.150000
vt 0.375000 0.583333
vt 0.391667 0.600000
vt 0.408333 0.600000
vt 0.408333 0.616667
vt 0.125000 0.166667
vt 0.526776 0.500000
vt 0.526758 0.500124
vt 0.527072 0.497928
vt 0.526776 0.500000
vt 0.530349 0.475000
vt 0.527072 0.497928
vt 0.527075 0.497908
vt 0.528074 0.490921
vt 0.528267 0.489569
vt 0.529389 0.481717
vt 0.529459 0.481230
vt 0.530131 0.476530
vt 0.530349 0.475000
vt 0.420593 0.600225
vt 0.420570 0.600000
vt 0.420986 0.604014
vt 0.420982 0.603978
vt 0.422552 0.619115
vt 0.422298 0.616667
vt 0.424118 0.634216
vt 0.424026 0.633333
vt 0.420570 0.600000
vt 0.422298 0.616667
vt 0.420986 0.604014
vt 0.424026 0.633333
vt 0.422552 0.619115
vt 0.425000 0.642727
vt 0.424118 0.634216
vt 0.425000 0.642727
vt 0.425287 0.645498
vt 0.475000 0.525000
vt 0.477959 0.511773
vt 0.480559 0.508157
vt 0.475000 0.515887
vt 0.470585 0.522026
vt 0.473645 0.517772
vt 0.475000 0.515887
vt 0.468446 0.525000
vt 0.463212 0.532279
vt 0.463743 0.531540
vt 0.468446 0.525000
vt 0.454350 0.545650
vt 0.453842 0.545307
vt 0.455838 0.542531
vt 0.461661 0.534435
vt 0.468137 0.554939
vt 0.466233 0.553656
vt 0.460807 0.550000
vt 0.471689 0.550000
vt 0.468764 0.554067
vt 0.454350 0.545650
vt 0.475000 0.545396
vt 0.471689 0.550000
vt 0.460807 0.550000
vt 0.487940 0.527404
vt 0.483831 0.533117
vt 0.478039 0.541171
vt 0.475000 0.545396
vt 0.489668 0.525000
vt 0.489668 0.525000
vt 0.401417 0.156917
vt 0.408333 0.154545
vt 0.391667 0.160259
vt 0.401417 0.156917
vt 0.391667 0.160259
vt 0.376055 0.165611
vt 0.380979 0.163923
vt 0.386552 0.162013
vt 0.375000 0.165973
vt 0.376055 0.165611
vt 0.341693 0.166667
vt 0.375000 0.165973
vt 0.341693 0.166667
vt 0.125000 0.171179
vt 0.133889 0.170994
vt 0.246805 0.168643
vt 0.378360 0.579973
vt 0.375000 0.578821
vt 0.388162 0.583333
vt 0.378360 0.579973
vt 0.390772 0.584228
vt 0.388162 0.583333
vt 0.391667 0.584535
vt 0.390772 0.584228
vt 0.403184 0.588483
vt 0.399583 0.587249
vt 0.391667 0.584535
vt 0.408333 0.590249
vt 0.403184 0.588483
vt 0.415595 0.592738
vt 0.410615 0.591031
vt 0.408333 0.590249
vt 0.419973 0.594239
vt 0.415595 0.592738
vt 0.526304 0.503305
vt 0.408333 0.154545
vt 0.411243 0.153548
vt 0.500000 0.500000
vt 0.495187 0.504813
vt 0.486332 0.500000
vt 0.492347 0.503270
vt 0.492713 0.503469
vt 0.495017 0.504721
vt 0.500000 0.507430
vt 0.495187 0.504813
vt 0.509259 0.512463
vt 0.509352 0.512514
vt 0.510926 0.510491
vt 0.514842 0.505459
vt 0.519091 0.500000
vt 0.500000 0.507430
vt 0.500986 0.507966
vt 0.501934 0.508481
vt 0.516674 0.497709
vt 0.507151 0.492849
vt 0.519091 0.500000
vt 0.519680 0.499243
vt 0.517238 0.497997
vt 0.500000 0.489199
vt 0.507151 0.492849
vt 0.494900 0.486597
vt 0.492410 0.485325
vt 0.490599 0.484401
vt 0.478991 0.496009
vt 0.482761 0.498059
vt 0.484440 0.498972
vt 0.486332 0.500000
vt 0.500000 0.489199
vt 0.475000 0.493840
vt 0.476167 0.494475
vt 0.478991 0.496009
vt 0.490599 0.484401
vt 0.475000 0.493840
vt 0.488051 0.511949
vt 0.481496 0.507581
vt 0.482294 0.508113
vt 0.493357 0.515484
vt 0.495490 0.516905
vt 0.488051 0.511949
vt 0.493357 0.515484
vt 0.430204 0.083333
vt 0.430526 0.080982
vt 0.430204 0.083333
vt 0.428384 0.096616
vt 0.429425 0.089021
vt 0.427920 0.100000
vt 0.428384 0.096616
vt 0.427920 0.100000
vt 0.425737 0.115930
vt 0.427398 0.103811
vt 0.425636 0.116667
vt 0.425737 0.115930
vt 0.527787 0.472213
vt 0.527566 0.475000
vt 0.527948 0.470186
vt 0.527787 0.472213
vt 0.425000 0.121308
vt 0.425636 0.116667
vt 0.425000 0.121308
vt 0.423352 0.133333
vt 0.423624 0.131347
vt 0.424953 0.121650
vt 0.525632 0.499368
vt 0.525582 0.500000
vt 0.527566 0.475000
vt 0.527113 0.480707
vt 0.526478 0.488711
vt 0.525632 0.499368
vt 0.423090 0.135243
vt 0.423352 0.133333
vt 0.525582 0.500000
vt 0.525365 0.502733
vt 0.421068 0.150000
vt 0.423090 0.135243
vt 0.421042 0.150189
vt 0.421068 0.150000
vt 0.500000 0.500000
vt 0.475000 0.525000
vt 0.500000 0.484274
vt 0.512432 0.487568
vt 0.503845 0.482815
vt 0.502555 0.483305
vt 0.480256 0.500000
vt 0.500000 0.484274
vt 0.499579 0.484434
vt 0.499130 0.484796
vt 0.493278 0.489510
vt 0.488058 0.493715
vt 0.486096 0.495296
vt 0.483897 0.497067
vt 0.475000 0.504234
vt 0.480256 0.500000
vt 0.478914 0.501081
vt 0.474469 0.504662
vt 0.471731 0.506867
vt 0.468663 0.509338
vt 0.464549 0.512653
vt 0.460880 0.515609
vt 0.457367 0.518438
vt 0.453430 0.521610
vt 0.458117 0.525000
vt 0.475000 0.504234
vt 0.467914 0.532086
vt 0.458117 0.525000
vt 0.461496 0.527444
vt 0.475000 0.528600
vt 0.467914 0.532086
vt 0.469368 0.533137
vt 0.479469 0.525000
vt 0.475000 0.528600
vt 0.475687 0.528047
vt 0.500000 0.508461
vt 0.479469 0.525000
vt 0.484601 0.520866
vt 0.489276 0.517100
vt 0.499834 0.508595
vt 0.510503 0.500000
vt 0.500000 0.508461
vt 0.502865 0.506153
vt 0.516454 0.495207
vt 0.520436 0.491999
vt 0.519195 0.491312
vt 0.512432 0.487568
vt 0.510503 0.500000
vt 0.515068 0.496323
vt 0.379308 0.595692
vt 0.383151 0.600000
vt 0.375000 0.590863
vt 0.379308 0.595692
vt 0.391667 0.609546
vt 0.395024 0.613310
vt 0.383151 0.600000
vt 0.387166 0.604501
vt 0.125000 0.159137
vt 0.251524 0.150000
vt 0.198524 0.153827
vt 0.528724 0.471276
vt 0.527953 0.470132
vt 0.418597 0.639736
vt 0.425000 0.646913
vt 0.412886 0.633333
vt 0.418597 0.639736
vt 0.410739 0.630927
vt 0.412886 0.633333
vt 0.408333 0.628230
vt 0.410740 0.630927
vt 0.528724 0.471276
vt 0.530504 0.473914
vt 0.530252 0.473541
vt 0.425000 0.646913
vt 0.425491 0.647464
vt 0.395024 0.613310
vt 0.398018 0.616667
vt 0.387166 0.604501
vt 0.391667 0.609546
vt 0.251524 0.150000
vt 0.375000 0.141083
vt 0.352200 0.142730
vt 0.375000 0.141083
vt 0.381914 0.133333
vt 0.381162 0.134175
vt 0.408333 0.628230
vt 0.402882 0.622118
vt 0.404350 0.623765
vt 0.398018 0.616667
vt 0.398600 0.617318
vt 0.402882 0.622118
vt 0.381914 0.133333
vt 0.391667 0.122400
vt 0.386052 0.128694
vt 0.396781 0.116667
vt 0.391667 0.122400
vt 0.408333 0.103717
vt 0.411649 0.100000
vt 0.408515 0.103513
vt 0.408333 0.103717
vt 0.396781 0.116667
vt 0.411649 0.100000
vt 0.425000 0.085033
vt 0.420006 0.090631
vt 0.426516 0.083333
vt 0.425000 0.085033
vt 0.430874 0.078449
vt 0.426516 0.083333
vt 0.475000 0.492500
vt 0.473743 0.493157
vt 0.475000 0.492500
vt 0.490551 0.484376
vt 0.481852 0.488921
vn -0.468989 -0.763310 -0.444304
vn -0.468989 -0.763310 -0.444304
vn -0.468990 -0.763310 -0.444304
vn -0.468989 -0.763311 -0.444303
vn -0.468989 -0.763312 -0.444302
vn -0.468990 -0.763311 -0.444304
vn -0.468986 -0.763311 -0.444307
vn -0.468995 -0.763309 -0.444301
vn -0.468986 -0.763312 -0.444305
vn -0.468988 -0.763310 -0.444306
vn -0.469000 -0.763297 -0.444316
vn -0.468991 -0.763307 -0.444308
vn -0.468989 -0.763311 -0.444304
vn -0.468991 -0.763307 -0.444307
vn -0.468992 -0.763308 -0.444306
vn -0.468988 -0.763312 -0.444302
vn -0.468990 -0.763311 -0.444304
vn -0.468990 -0.763309 -0.444306
vn -0.468988 -0.763311 -0.444304
vn -0.468990 -0.763312 -0.444301
vn -0.468990 -0.763308 -0.444307
vn -0.468988 -0.763312 -0.444302
vn -0.468987 -0.763312 -0.444304
vn -0.468989 -0.763311 -0.444305
vn -0.468989 -0.763310 -0.444305
vn -0.468988 -0.763312 -0.444303
vn -0.468988 -0.763312 -0.444303
vn -0.468990 -0.763314 -0.444299
vn -0.468990 -0.763310 -0.444304
vn -0.468989 -0.763312 -0.444303
vn -0.468990 -0.763309 -0.444306
vn -0.468989 -0.763312 -0.444302
vn -0.468991 -0.763310 -0.444303
vn -0.468992 -0.763308 -0.444306
vn -0.468989 -0.763310 -0.444305
vn -0.468986 -0.763315 -0.444300
vn -0.468992 -0.763310 -0.444302
vn -0.468993 -0.763313 -0.444296
vn -0.468993 -0.763309 -0.444302
vn 0.000000 0.000000 1.000000
vn 0.000000 0.000000 1.000000
vn 0.000000 0.000000 1.000000
vn 0.000000 0.000000 1.000000
vn 0.000000 0.000000 1.000000
vn 0.000000 0.000000 1.000000
vn 0.052416 0.009916 -0.998576
vn 0.407051 0.077002 -0.910154
vn 0.042665 0.008071 -0.999057
vn 0.030034 0.005681 -0.999533
vn 0.407054 0.077001 -0.910153
vn 0.000000 0.000000 -1.000000
vn 0.000000 0.000000 -1.000000
vn 0.000000 0.000000 -1.000000
vn 0.000000 0.000000 -1.000000
vn 0.000000 0.000000 -1.000000
vn 0.000000 0.000000 -1.000000
vn 0.000000 0.000000 -1.000000
vn 0.000000 0.000000 -1.000000
vn 0.000000 0.000000 -1.000000
vn 0.000000 0.000000 -1.000000
vn 0.000000 0.000000 -1.000000
vn 0.000000 0.000000 -1.000000
vn 0.000000 0.000000 -1.000000
vn 0.000000 0.000000 -1.000000
vn 0.000000 0.000000 -1.000000
vn 0.000000 0.000000 -1.000000
vn -1.000000 0.000000 0.000000
vn -1.000000 0.000000 0.000000
vn -1.000000 -0.000000 0.000000
vn -1.000000 0.000000 0.000000
vn -1.000000 0.000000 0.000000
vn -1.000000 0.000000 0.000000
vn -1.000000 -0.000001 0.000000
vn 0.000000 0.000000 1.000000
vn 0.000000 0.000000 1.000000
vn 0.000000 0.000000 1.000000
vn 0.000000 0.000000 1.000000
vn 0.000000 0.000000 1.000000
vn 0.000000 0.000000 1.000000
vn 0.000000 0.000000 1.000000
vn 0.000000 0.000000 1.000000
vn 0.000000 0.000000 1.000000
vn 0.000000 0.000000 1.000000
vn 0.350525 0.066306 -0.934203
vn 0.149686 0.028316 -0.988328
vn 0.407061 0.077003 -0.910149
vn 0.407061 0.077004 -0.910149
vn 0.215336 0.040735 -0.975690
vn 0.407053 0.077002 -0.910153
vn 0.017362 0.003285 -0.999844
vn 0.120411 0.022778 -0.992463
vn 0.407056 0.077001 -0.910152
vn 0.012413 0.002348 -0.999920
vn 0.061908 0.011711 -0.998013
vn 0.006305 0.001193 -0.999979
vn 0.000000 0.000000 -1.000000
vn 0.000000 0.000000 -1.000000
vn 0.000000 0.000000 -1.000000
vn 0.000000 0.000000 -1.000000
vn -1.000000 -0.000000 0.000000
vn -1.000000 -0.000004 0.000000
vn -1.000000 0.000000 0.000000
vn 0.000000 0.000000 1.000000
vn 0.000000 0.000000 1.000000
vn 0.000000 0.000000 1.000000
vn 0.000000 0.000000 1.000000
vn 0.000000 0.000000 1.000000
vn 0.000000 0.000000 1.000000
vn 0.407129 0.077158 -0.910106
vn 0.407057 0.076997 -0.910152
vn 0.407070 0.077005 -0.910145
vn 0.407053 0.077003 -0.910153
vn 0.000000 0.000000 -1.000000
vn 0.000000 0.000000 -1.000000
vn 0.000000 0.000000 -1.000000
vn 0.000000 0.000000 -1.000000
vn 0.000000 0.000000 -1.000000
vn 0.407056 0.077003 -0.910152
vn 0.380305 0.071935 -0.922059
vn 0.000000 0.000000 -1.000000
vn -1.000000 0.000000 0.000000
vn -1.000000 -0.000003 0.000000
vn 0.000000 0.000000 1.000000
vn 0.000000 0.000000 1.000000
vn 0.000000 0.000000 1.000000
vn 0.000000 0.000000 1.000000
vn 0.000000 0.000000 1.000000
vn 0.000000 0.000000 -1.000000
vn 0.000000 0.000000 -1.000000
vn 0.000000 0.000000 -1.000000
vn 0.000000 0.000000 1.000000
vn 0.000000 0.000000 1.000000
vn 0.000000 0.000000 1.000000
vn 0.000000 0.000000 1.000000
vn 0.000000 0.000000 1.000000
vn 0.000000 0.000000 1.000000
vn 0.000000 0.000000 1.000000
vn 0.000000 0.000000 1.000000
vn 0.000000 0.000000 1.000000
vn 0.000000 0.000000 1.000000
vn 0.000000 0.000000 1.000000
vn 0.000000 0.000000 1.000000
vn 0.000000 0.000000 1.000000
vn 0.000000 0.000000 1.000000
vn 0.000000 0.000000 1.000000
vn 0.000000 0.000000 1.000000
vn 0.000000 0.000000 1.000000
vn 0.182208 0.969695 0.162760
vn 0.182209 0.969695 0.162761
vn 0.182209 0.969695 0.162761
vn 0.182208 0.969696 0.162760
vn 0.182209 0.969695 0.162759
vn 0.182208 0.969696 0.162760
vn 0.182208 0.969695 0.162762
vn 0.182208 0.969696 0.162761
vn 0.182209 0.969695 0.162760
vn 0.182208 0.969695 0.162760
vn 0.182209 0.969696 0.162759
vn 0.182210 0.969696 0.162757
vn 0.182209 0.969696 0.162758
vn 0.182191 0.969697 0.162769
vn 0.182208 0.969696 0.162756
vn 0.182208 0.969695 0.162764
vn 0.182208 0.969696 0.162759
vn 0.182208 0.969695 0.162761
vn 0.182214 0.969696 0.162748
vn 0.182198 0.969694 0.162781
vn 0.182211 0.969696 0.162758
vn 0.182209 0.969695 0.162760
vn 0.182206 0.969697 0.162753
vn 0.182209 0.969696 0.162755
vn 0.182210 0.969695 0.162758
vn 0.182187 0.969699 0.162763
vn 0.182210 0.969696 0.162754
vn 0.182210 0.969696 0.162758
vn 0.969512 0.242394 0.035944
vn 0.969513 0.242388 0.035947
vn 0.969509 0.242406 0.035953
vn 0.969511 0.242397 0.035960
vn 0.969507 0.242412 0.035959
vn 0.969498 0.242444 0.035970
vn 0.969505 0.242418 0.035961
vn 0.969504 0.242422 0.035961
vn 0.969508 0.242408 0.035957
vn 0.969507 0.242411 0.035960
vn 0.969506 0.242416 0.035961
vn 0.969507 0.242410 0.035960
vn 0.969506 0.242417 0.035961
vn 0.969507 0.242411 0.035961
vn 0.969504 0.242421 0.035959
vn 0.969507 0.242413 0.035961
vn 0.969507 0.242404 0.035997
vn 0.969507 0.242412 0.035957
vn 0.969505 0.242419 0.035966
vn 0.969505 0.242418 0.035967
vn 0.969507 0.242412 0.035956
vn 0.969507 0.242412 0.035960
vn 0.969508 0.242408 0.035949
vn 0.969507 0.242411 0.035963
vn 0.969506 0.242415 0.035960
vn 0.969414 0.242770 0.036037
vn 0.969506 0.242416 0.035956
vn 0.969506 0.242417 0.035963
vn 0.969508 0.242409 0.035962
vn 0.969514 0.242387 0.035939
vn 0.969506 0.242414 0.035959
s 1
g solidShatter1 shard6
usemtl shatterInteriorSG1
f 1203/2535/1861 1204/2532/1862 1202/2536/1863
f 1202/2536/1863 1204/2532/1862 1201/2537/1864
f 1201/2537/1864 1204/2532/1862 1205/2534/1865
f 1212/2538/1866 1206/2545/1867 1204/2532/1862
f 1206/2545/1867 1207/2544/1868 1204/2532/1862
f 1207/2544/1868 1208/2543/1869 1204/2532/1862
f 1208/2543/1869 1209/2542/1870 1204/2532/1862
f 1205/2539/1865 1204/2532/1862 1211/2540/1871
f 1211/2540/1871 1204/2532/1862 1210/2541/1872
f 1209/2542/1870 1210/2541/1872 1204/2532/1862
f 1204/2532/1862 1214/2533/1873 1212/2547/1866
f 1212/2547/1866 1214/2533/1873 1213/2548/1874
f 1213/2548/1874 1214/2533/1873 1215/2546/1875
f 1215/2557/1875 1214/2533/1873 1223/2549/1876
f 1223/2549/1876 1214/2533/1873 1222/2550/1877
f 1222/2550/1877 1214/2533/1873 1221/2551/1878
f 1214/2533/1873 1216/2556/1879 1221/2551/1878
f 1221/2551/1878 1216/2556/1879 1220/2552/1880
f 1220/2552/1880 1216/2556/1879 1219/2553/1881
f 1219/2553/1881 1216/2556/1879 1218/2554/1882
f 1216/2556/1879 1217/2555/1883 1218/2554/1882
f 1216/2559/1879 1214/2533/1873 1224/2560/1884
f 1224/2560/1884 1214/2533/1873 1225/2558/1885
f 1226/2563/1886 1225/2562/1885 1227/2561/1887
f 1227/2561/1887 1225/2562/1885 1214/2533/1873
f 1227/2565/1887 1214/2533/1873 1228/2566/1888
f 1228/2566/1888 1214/2533/1873 1229/2564/1889
f 1214/2533/1873 1204/2532/1862 1229/2568/1889
f 1229/2568/1889 1204/2532/1862 1232/2569/1890
f 1232/2569/1890 1204/2532/1862 1231/2570/1891
f 1231/2570/1891 1204/2532/1862 1230/2571/1892
f 1230/2571/1892 1204/2532/1862 1233/2567/1893
f 1233/2573/1893 1204/2532/1862 1234/2574/1894
f 1234/2574/1894 1204/2532/1862 1235/2572/1895
f 1204/2532/1862 1203/2578/1861 1235/2579/1895
f 1235/2579/1895 1203/2578/1861 1236/2580/1896
f 1236/2580/1896 1203/2578/1861 1239/2575/1897
f 1238/2576/1898 1239/2575/1897 1237/2577/1899
f 1203/2578/1861 1237/2577/1899 1239/2575/1897
s 3
usemtl initialShadingGroup
f 1240/2531/1900 1241/2530/1901 1244/2350/1902
f 1243/2451/1903 1244/2350/1902 1242/2452/1904
f 1241/2530/1901 1242/2452/1904 1244/2350/1902
f 1245/2529/1905 1240/2528/1900 1244/2350/1902
s 5
usemtl shatterInteriorSG1
f 1250/2450/1906 1246/2527/1907 1249/2357/1908
f 1248/2356/1909 1249/2357/1908 1247/2526/1910
f 1246/2527/1907 1247/2526/1910 1249/2357/1908
usemtl initialShadingGroup
f 1250/2448/1906 1249/2377/1908 1251/2449/1911
f 1251/2449/1911 1249/2377/1908 1252/2353/1912
f 1253/2447/1913 1254/2446/1914 1252/2353/1912
f 1252/2353/1912 1254/2446/1914 1251/2445/1911
f 1253/2443/1913 1252/2353/1912 1255/2444/1915
f 1255/2444/1915 1252/2353/1912 1256/2352/1916
f 1257/2442/1917 1258/2441/1918 1256/2352/1916
f 1256/2352/1916 1258/2441/1918 1255/2440/1915
f 1218/2581/1919 1259/2439/1920 1219/2582/1921
f 1256/2352/1916 1219/2582/1921 1257/2438/1917
f 1219/2582/1921 1259/2439/1920 1257/2438/1917
f 1259/2436/1920 1218/2584/1919 1261/2437/1922
f 1260/2351/1923 1261/2437/1922 1217/2583/1924
f 1218/2584/1919 1217/2583/1924 1261/2437/1922
f 1262/2435/1925 1261/2434/1922 1260/2351/1923
f 1263/2433/1926 1262/2432/1925 1260/2351/1923
s 9
f 1266/2428/1927 1264/2431/1928 1260/2355/1929
f 1263/2429/1930 1260/2355/1929 1265/2430/1931
f 1264/2431/1928 1265/2430/1931 1260/2355/1929
f 1267/2427/1932 1266/2426/1927 1268/2348/1933
f 1268/2348/1933 1266/2426/1927 1260/2355/1929
s 3
f 1267/2424/1934 1268/2348/1935 1269/2425/1936
f 1269/2425/1936 1268/2348/1935 1270/2349/1937
f 1269/2421/1936 1270/2349/1937 1272/2422/1938
f 1272/2422/1938 1270/2349/1937 1271/2423/1939
f 1271/2423/1939 1270/2349/1937 1273/2420/1940
f 1273/2418/1940 1270/2349/1937 1274/2419/1941
f 1274/2419/1941 1270/2349/1937 1244/2350/1902
f 1243/2417/1903 1274/2416/1941 1244/2350/1902
f 1275/2525/1942 1245/2524/1905 1276/2347/1943
f 1245/2524/1905 1244/2350/1902 1276/2347/1943
s 5
usemtl shatterInteriorSG1
f 1281/2360/1944 1282/2367/1945 1280/2520/1946
f 1280/2520/1946 1282/2367/1945 1279/2521/1947
f 1282/2367/1945 1283/2366/1948 1279/2521/1947
f 1279/2521/1947 1283/2366/1948 1278/2522/1949
f 1283/2366/1948 1284/2365/1950 1278/2522/1949
f 1284/2365/1950 1285/2364/1951 1278/2522/1949
f 1278/2522/1949 1285/2364/1951 1277/2523/1952
f 1285/2364/1951 1286/2363/1953 1277/2523/1952
f 1286/2363/1953 1287/2362/1954 1277/2523/1952
f 1277/2523/1952 1287/2362/1954 1288/2361/1955
f 1247/2519/1910 1277/2518/1952 1248/2359/1909
f 1248/2359/1909 1277/2518/1952 1288/2358/1955
usemtl initialShadingGroup
f 1249/2370/1908 1248/2369/1909 1252/2353/1912
f 1248/2369/1909 1288/2372/1955 1252/2353/1912
f 1287/2371/1954 1289/2354/1956 1288/2372/1955
f 1288/2372/1955 1289/2354/1956 1252/2353/1912
f 1221/2585/1957 1256/2352/1916 1222/2586/1958
f 1222/2586/1958 1256/2352/1916 1252/2353/1912
f 1220/2588/1959 1219/2587/1921 1256/2352/1916
s 9
f 1268/2348/1933 1260/2355/1929 1224/2590/1960
f 1224/2590/1960 1260/2355/1929 1216/2591/1961
f 1216/2591/1961 1260/2355/1929 1217/2589/1962
s 3
f 1268/2348/1935 1290/2346/1963 1270/2349/1937
f 1270/2349/1937 1276/2347/1943 1244/2350/1902
f 1293/2345/1964 1294/2514/1965 1276/2347/1943
f 1294/2514/1965 1291/2517/1966 1276/2347/1943
f 1275/2515/1942 1276/2347/1943 1292/2516/1967
f 1291/2517/1966 1292/2516/1967 1276/2347/1943
f 1295/2513/1968 1294/2512/1965 1293/2345/1964
s 5
usemtl shatterInteriorSG1
f 1202/2593/1969 1201/2592/1970 1297/2510/1971
f 1201/2592/1970 1296/2511/1972 1297/2510/1971
usemtl initialShadingGroup
f 1210/2595/1973 1209/2594/1974 1282/2382/1945
f 1282/2382/1945 1209/2594/1974 1283/2383/1948
f 1283/2375/1948 1209/2597/1974 1284/2376/1950
f 1209/2597/1974 1208/2596/1975 1284/2376/1950
f 1207/2598/1976 1285/2381/1951 1208/2599/1975
f 1208/2599/1975 1285/2381/1951 1284/2380/1950
f 1289/2354/1956 1286/2374/1953 1206/2600/1977
f 1206/2600/1977 1286/2374/1953 1207/2601/1976
f 1207/2601/1976 1286/2374/1953 1285/2373/1951
f 1287/2379/1954 1286/2378/1953 1289/2354/1956
usemtl shatterInteriorSG1
f 1201/2602/1970 1205/2604/1978 1296/2508/1972
f 1296/2508/1972 1205/2604/1978 1280/2509/1946
f 1205/2604/1978 1211/2603/1979 1280/2509/1946
f 1211/2603/1979 1281/2368/1944 1280/2509/1946
usemtl initialShadingGroup
f 1211/2606/1979 1210/2605/1973 1281/2385/1944
f 1281/2385/1944 1210/2605/1973 1282/2384/1945
f 1223/2608/1980 1222/2607/1958 1289/2354/1956
f 1289/2354/1956 1222/2607/1958 1252/2353/1912
f 1221/2610/1957 1220/2609/1959 1256/2352/1916
s 9
f 1226/2612/1981 1268/2348/1933 1225/2613/1982
f 1225/2613/1982 1268/2348/1933 1224/2611/1960
s 3
f 1290/2346/1963 1268/2348/1935 1228/2615/1983
f 1228/2615/1983 1268/2348/1935 1227/2616/1984
f 1227/2616/1984 1268/2348/1935 1226/2614/1985
f 1290/2346/1963 1276/2347/1943 1270/2349/1937
f 1298/2344/1986 1293/2345/1964 1276/2347/1943
f 1299/2507/1987 1295/2506/1968 1293/2345/1964
s 5
f 1213/2618/1988 1289/2354/1956 1212/2619/1989
f 1212/2619/1989 1289/2354/1956 1206/2617/1977
f 1223/2620/1980 1289/2354/1956 1215/2621/1990
f 1213/2622/1988 1215/2621/1990 1289/2354/1956
s 3
f 1232/2624/1991 1290/2346/1963 1229/2625/1992
f 1229/2625/1992 1290/2346/1963 1228/2623/1983
f 1290/2346/1963 1298/2344/1986 1276/2347/1943
f 1298/2344/1986 1300/2343/1993 1293/2345/1964
f 1293/2345/1964 1300/2343/1993 1299/2504/1987
f 1302/2503/1994 1301/2505/1995 1300/2343/1993
f 1301/2505/1995 1299/2504/1987 1300/2343/1993
f 1232/2627/1991 1231/2626/1996 1290/2346/1963
f 1290/2346/1963 1231/2626/1996 1298/2344/1986
f 1300/2343/1993 1298/2344/1986 1234/2629/1997
f 1234/2629/1997 1298/2344/1986 1233/2630/1998
f 1233/2630/1998 1298/2344/1986 1230/2628/1999
f 1303/2502/2000 1302/2501/1994 1300/2343/1993
f 1231/2632/1996 1230/2631/1999 1298/2344/1986
f 1236/2634/2001 1300/2343/1993 1235/2635/2002
f 1235/2635/2002 1300/2343/1993 1234/2633/1997
f 1300/2343/1993 1236/2637/2001 1303/2499/2000
f 1303/2499/2000 1236/2637/2001 1305/2500/2003
f 1236/2637/2001 1239/2636/2004 1305/2500/2003
f 1239/2636/2004 1304/2498/2005 1305/2500/2003
f 1238/2638/2006 1306/2497/2007 1239/2639/2004
f 1239/2639/2004 1306/2497/2007 1304/2496/2005
s 17
usemtl shatterInteriorSG1
f 1307/2495/2008 1308/2494/2009 1242/2415/2010
f 1242/2415/2010 1308/2494/2009 1309/2386/2011
f 1241/2493/2012 1307/2492/2008 1242/2415/2010
f 1271/2413/2013 1273/2412/2014 1309/2386/2011
f 1273/2412/2014 1274/2411/2015 1309/2386/2011
f 1242/2414/2010 1309/2386/2011 1243/2410/2016
f 1309/2386/2011 1274/2411/2015 1243/2410/2016
f 1309/2386/2011 1265/2406/2017 1271/2407/2013
f 1265/2406/2017 1264/2409/2018 1271/2407/2013
f 1264/2409/2018 1272/2408/2019 1271/2407/2013
f 1264/2403/2018 1266/2402/2020 1272/2404/2019
f 1267/2401/2021 1269/2405/2022 1266/2402/2020
f 1269/2405/2022 1272/2404/2019 1266/2402/2020
f 1263/2398/2023 1265/2397/2017 1262/2399/2024
f 1265/2397/2017 1309/2386/2011 1262/2399/2024
f 1262/2399/2024 1309/2386/2011 1261/2400/2025
f 1261/2400/2025 1309/2386/2011 1259/2394/2026
f 1259/2394/2026 1309/2386/2011 1257/2395/2027
f 1309/2386/2011 1258/2396/2028 1257/2395/2027
f 1254/2392/2029 1253/2391/2030 1309/2386/2011
f 1253/2391/2030 1255/2390/2031 1309/2386/2011
f 1258/2393/2028 1309/2386/2011 1255/2390/2031
f 1309/2386/2011 1308/2489/2009 1254/2389/2029
f 1254/2389/2029 1308/2489/2009 1251/2387/2032
f 1246/2490/2033 1250/2388/2034 1310/2491/2035
f 1308/2489/2009 1310/2491/2035 1251/2387/2032
f 1310/2491/2035 1250/2388/2034 1251/2387/2032
s 21
f 1238/2641/2036 1237/2640/2037 1306/2488/2038
f 1297/2487/2039 1305/2486/2040 1202/2643/2041
f 1202/2643/2041 1305/2486/2040 1203/2644/2042
f 1305/2486/2040 1304/2485/2043 1203/2644/2042
f 1304/2485/2043 1306/2484/2038 1203/2644/2042
f 1203/2644/2042 1306/2484/2038 1237/2642/2037
f 1305/2479/2040 1297/2478/2039 1303/2480/2044
f 1311/2453/2045 1301/2482/2046 1279/2483/2047
f 1279/2483/2047 1301/2482/2046 1280/2476/2048
f 1280/2476/2048 1301/2482/2046 1296/2477/2049
f 1301/2482/2046 1302/2481/2050 1296/2477/2049
f 1296/2477/2049 1302/2481/2050 1297/2478/2039
f 1302/2481/2050 1303/2480/2044 1297/2478/2039
f 1278/2475/2051 1311/2453/2045 1279/2474/2047
f 1246/2472/2052 1310/2471/2053 1247/2473/2054
f 1310/2471/2053 1311/2453/2045 1247/2473/2054
f 1247/2473/2054 1311/2453/2045 1277/2469/2055
f 1311/2453/2045 1278/2470/2051 1277/2469/2055
f 1310/2465/2053 1308/2464/2056 1311/2453/2045
f 1311/2453/2045 1308/2464/2056 1292/2466/2057
f 1292/2466/2057 1308/2464/2056 1275/2467/2058
f 1275/2467/2058 1308/2464/2056 1245/2468/2059
f 1308/2464/2056 1307/2463/2060 1245/2468/2059
f 1241/2462/2061 1240/2461/2062 1307/2463/2060
f 1245/2468/2059 1307/2463/2060 1240/2461/2062
f 1291/2460/2063 1311/2453/2045 1292/2459/2057
f 1301/2455/2046 1311/2453/2045 1299/2456/2064
f 1299/2456/2064 1311/2453/2045 1295/2457/2065
f 1291/2454/2063 1294/2458/2066 1311/2453/2045
f 1294/2458/2066 1295/2457/2065 1311/2453/2045
g default
v -2.209297 5.380089 0.500000
v -2.190859 5.524635 0.154113
v -1.929817 5.523375 0.500000
v -2.217331 5.375970 0.500000
v -2.338099 5.314054 0.500000
v -2.451065 5.256139 0.500000
v -2.509876 5.225986 0.500000
v -2.596338 5.197697 0.458937
v -4.066849 4.716554 -0.239446
v -4.064850 4.732224 -0.276941
v -4.019627 4.732005 -0.217019
v -4.096191 4.706954 -0.253381
v -4.233192 4.733037 -0.500000
v -4.488209 4.578688 -0.439561
v -4.615471 4.537049 -0.500000
v -4.411915 4.641407 -0.500000
v -4.052959 4.825440 -0.500000
v -3.768131 4.971465 -0.500000
v -4.027279 4.838605 -0.500000
v -3.104473 5.311714 -0.500000
v -3.141785 5.019230 0.199891
v -3.213879 4.995642 0.165651
v -3.497864 4.902723 0.030780
v -3.431492 5.144056 -0.500000
v -2.684515 5.527020 -0.500000
v -2.979139 5.375971 -0.500000
v -2.155987 5.797989 -0.500000
v -2.451065 5.646708 -0.500000
v -1.320747 6.226204 -0.500000
v -1.931002 5.913336 -0.500000
v -1.470639 6.149357 -0.500000
v -1.207501 6.284264 -0.500000
v -1.260813 5.866364 0.500000
v -1.324947 5.833483 0.500000
v -1.470639 5.758788 0.500000
v -1.831524 5.573769 0.500000
v -1.135841 6.321003 -0.500000
v -0.381143 6.317356 0.500000
v -0.490213 6.261438 0.500000
v -0.818371 6.093197 0.500000
v -1.169192 5.913336 0.500000
v -0.639232 6.575607 -0.500000
v -0.627506 6.566830 -0.462136
v -0.490150 6.464016 -0.018590
v -0.329554 6.343807 0.500000
v -0.882862 6.450701 -0.500000
v -4.411915 7.525436 -0.500000
v -3.431492 8.062798 -0.500000
v -3.431492 7.525436 -0.500000
v -4.411915 6.988066 -0.500000
v -3.431492 6.988066 -0.500000
v -4.411915 8.062798 -0.500000
v -2.451065 8.062798 -0.500000
v -2.451065 7.525436 -0.500000
v -4.411915 6.450701 -0.500000
v -3.431492 6.450701 -0.500000
v -5.282436 8.062798 -0.500000
v -4.411915 8.062798 -0.110666
v -5.016449 6.656727 -0.500000
v -5.079128 6.988066 -0.500000
v -5.108555 7.143610 -0.500000
v -5.180782 7.525436 -0.500000
v -5.200657 7.630497 -0.500000
v -5.223404 7.750740 -0.500000
v -4.348793 8.062798 -0.082434
v -3.732121 8.062798 0.193368
v -3.431492 8.062798 0.327823
v -2.451065 8.062798 0.500000
v -1.470639 8.062798 -0.500000
v -1.470639 8.062798 0.500000
v -2.451065 7.525433 0.500000
v -1.470639 7.525433 0.500000
v -2.451065 6.988066 -0.500000
v -1.470639 7.525436 -0.500000
v -4.411915 5.913336 -0.500000
v -3.431492 5.913336 -0.500000
v -4.977474 6.450701 -0.500000
v -4.217758 8.062798 -0.023830
v -4.249752 8.062798 -0.038139
v -4.970428 6.413446 -0.500000
v -3.046516 8.062798 0.500000
v -3.001984 7.827385 0.500000
v -2.944862 7.525433 0.500000
v -3.774788 6.709385 0.059780
v -3.183420 8.062798 0.438770
v -2.888571 7.227859 0.500000
v -2.451065 6.988066 0.500000
v -1.470639 6.988066 0.500000
v -0.490213 8.062798 0.500000
v -0.490213 8.062798 -0.500000
v -0.431528 8.062798 -0.440143
v -0.451813 8.062798 -0.500000
v -0.490213 7.758087 -0.500000
v -0.377114 8.062798 -0.279579
v -0.500889 7.673370 -0.500000
v -2.451065 6.450701 -0.500000
v -4.411915 5.375971 -0.500000
v -4.740139 5.196074 -0.500000
v -4.774170 5.375971 -0.500000
v -4.808418 5.557021 -0.500000
v -4.832241 5.682959 -0.500000
v -4.875820 5.913336 -0.500000
v -4.924347 6.169842 -0.500000
v -4.947273 6.291048 -0.500000
v -2.852726 7.038372 0.500000
v -2.843208 6.988066 0.500000
v -2.775158 6.628334 0.500000
v -2.451065 6.450701 0.500000
v -0.490213 6.988066 0.500000
v -0.490213 7.525433 0.500000
v -0.112923 8.062798 0.500000
v -0.137300 7.869366 0.500000
v -0.164260 7.655430 0.500000
v -0.519532 7.525436 -0.500000
v -1.470639 6.988066 -0.500000
v -2.451065 5.913336 -0.500000
v -3.431492 5.375971 -0.500000
v -4.672516 4.838605 -0.500000
v -4.411915 4.838605 -0.500000
v -4.671143 4.831352 -0.500000
v -4.581387 4.863377 -0.457148
v -2.765705 6.578362 0.500000
v -2.741556 6.450701 0.500000
v -3.318111 5.314106 0.145977
v -2.661747 6.028809 0.500000
v -2.639902 5.913336 0.500000
v -2.451065 5.913336 0.500000
v -1.470639 6.450701 0.500000
v -0.490213 6.450701 0.500000
v -0.521708 7.508173 -0.500000
v -1.470639 6.450701 -0.500000
v -4.648033 4.709191 -0.500000
v -4.648254 4.710348 -0.500000
v -2.576595 5.578675 0.500000
v -2.548334 5.429282 0.500000
v -2.538248 5.375970 0.500000
v -2.451065 5.375970 0.500000
v -1.470639 5.913336 0.500000
v -0.327333 6.361427 0.500000
v -0.316083 6.450701 0.500000
v -0.263989 6.864075 0.500000
v -0.248363 6.988066 0.500000
v -0.200644 7.366720 0.500000
v -0.198941 7.380230 0.500000
v -0.180643 7.525433 0.500000
v -0.533056 7.418127 -0.500000
v -0.587253 6.988066 -0.500000
v -0.594453 6.930933 -0.500000
v -0.621421 6.716936 -0.500000
vt 0.458333 0.166667
vt 0.458333 0.183333
vt 0.475000 0.183333
vt 0.458333 0.200000
vt 0.475000 0.200000
vt 0.491667 0.200000
vt 0.458333 0.216667
vt 0.475000 0.216667
vt 0.491667 0.216667
vt 0.458333 0.233333
vt 0.475000 0.233333
vt 0.491667 0.233333
vt 0.458333 0.250000
vt 0.475000 0.250000
vt 0.491667 0.250000
vt 0.425000 0.500000
vt 0.441667 0.500000
vt 0.458333 0.500000
vt 0.475000 0.500000
vt 0.491667 0.500000
vt 0.425000 0.516667
vt 0.441667 0.516667
vt 0.458333 0.516667
vt 0.475000 0.516667
vt 0.425000 0.533333
vt 0.441667 0.533333
vt 0.458333 0.533333
vt 0.475000 0.533333
vt 0.425000 0.550000
vt 0.441667 0.550000
vt 0.458333 0.550000
vt 0.475000 0.550000
vt 0.425000 0.566667
vt 0.441667 0.566667
vt 0.458333 0.566667
vt 0.425000 0.583333
vt 0.441667 0.583333
vt 0.425000 0.600000
vt 0.515943 0.471422
vt 0.516338 0.469944
vt 0.518164 0.463100
vt 0.518712 0.461048
vt 0.520385 0.454779
vt 0.520444 0.454556
vt 0.504225 0.445775
vt 0.509806 0.440194
vt 0.506994 0.439563
vt 0.505946 0.439328
vt 0.504600 0.444372
vt 0.503496 0.448509
vt 0.503098 0.450000
vt 0.521660 0.450000
vt 0.522605 0.446458
vt 0.523460 0.443256
vt 0.509806 0.440194
vt 0.504225 0.445775
vt 0.503572 0.448224
vt 0.501198 0.457119
vt 0.500945 0.458065
vt 0.500000 0.461608
vt 0.520444 0.454556
vt 0.521086 0.452152
vt 0.521660 0.450000
vt 0.503098 0.450000
vt 0.500000 0.461608
vt 0.492320 0.500000
vt 0.492664 0.485036
vt 0.498081 0.250000
vt 0.497666 0.244001
vt 0.496589 0.228411
vt 0.496929 0.233333
vt 0.496618 0.228830
vt 0.495778 0.216667
vt 0.495512 0.212821
vt 0.494627 0.200000
vt 0.494436 0.197231
vt 0.491667 0.509451
vt 0.492320 0.500000
vt 0.492664 0.485036
vt 0.493589 0.444895
vt 0.498080 0.250000
vt 0.497666 0.244001
vt 0.497208 0.237365
vt 0.496929 0.233333
vt 0.496589 0.228411
vt 0.495778 0.216667
vt 0.495512 0.212821
vt 0.494627 0.200000
vt 0.494436 0.197231
vt 0.489895 0.535105
vt 0.489436 0.541743
vt 0.491131 0.517202
vt 0.490017 0.533333
vt 0.490938 0.519995
vt 0.491667 0.509451
vt 0.491168 0.516667
vt 0.491485 0.512078
vt 0.489895 0.535105
vt 0.490017 0.533333
vt 0.491131 0.517202
vt 0.491168 0.516667
vt 0.500000 0.500000
vt 0.525000 0.500000
vt 0.500000 0.525000
vt 0.485326 0.500000
vt 0.485691 0.497441
vt 0.485822 0.496528
vt 0.483191 0.514935
vt 0.484224 0.507709
vt 0.484506 0.505732
vt 0.485325 0.500000
vt 0.482879 0.517121
vt 0.481876 0.524138
vt 0.482756 0.517977
vt 0.482879 0.517121
vt 0.481753 0.525000
vt 0.479821 0.538513
vt 0.480560 0.533342
vt 0.481289 0.528245
vt 0.481753 0.525000
vt 0.481671 0.543329
vt 0.479245 0.542545
vt 0.481671 0.543329
vt 0.500000 0.549250
vt 0.491394 0.546470
vt 0.486067 0.544749
vt 0.502322 0.550000
vt 0.519630 0.550000
vt 0.518867 0.555345
vt 0.503441 0.550361
vt 0.500567 0.549433
vt 0.522904 0.527096
vt 0.522813 0.527734
vt 0.522308 0.531263
vt 0.521497 0.536938
vt 0.521116 0.539602
vt 0.520182 0.546141
vt 0.519925 0.547941
vt 0.519630 0.550000
vt 0.502322 0.550000
vt 0.500000 0.549250
vt 0.523203 0.525000
vt 0.522904 0.527096
vt 0.500567 0.549433
vt 0.524692 0.514585
vt 0.524128 0.518531
vt 0.523500 0.522924
vt 0.523203 0.525000
vt 0.525000 0.512428
vt 0.526758 0.500124
vt 0.525884 0.506247
vt 0.525443 0.509328
vt 0.525000 0.512428
vt 0.526776 0.500000
vt 0.526776 0.500000
vt 0.527072 0.497928
vt 0.527075 0.497908
vt 0.527072 0.497928
vt 0.420986 0.604014
vt 0.420570 0.600000
vt 0.420593 0.600225
vt 0.420982 0.603978
vt 0.420986 0.604014
vt 0.419420 0.588913
vt 0.420570 0.600000
vt 0.418842 0.583333
vt 0.419420 0.588913
vt 0.417855 0.573812
vt 0.418260 0.577718
vt 0.418842 0.583333
vt 0.417114 0.566667
vt 0.417855 0.573812
vt 0.416289 0.558711
vt 0.417114 0.566667
vt 0.415386 0.550000
vt 0.415506 0.551155
vt 0.415899 0.554952
vt 0.416289 0.558711
vt 0.414723 0.543610
vt 0.415386 0.550000
vt 0.413658 0.533333
vt 0.414723 0.543610
vt 0.413158 0.528509
vt 0.413658 0.533333
vt 0.411930 0.516667
vt 0.413158 0.528509
vt 0.411592 0.513408
vt 0.411930 0.516667
vt 0.410202 0.500000
vt 0.411205 0.509679
vt 0.411592 0.513408
vt 0.425000 0.402667
vt 0.410202 0.500000
vt 0.427757 0.384535
vt 0.426073 0.395609
vt 0.425000 0.402667
vt 0.436556 0.326658
vt 0.428301 0.380958
vt 0.441667 0.293044
vt 0.436556 0.326658
vt 0.441667 0.293044
vt 0.448211 0.250000
vt 0.445884 0.265307
vt 0.448968 0.242699
vt 0.448211 0.250000
vt 0.449939 0.233333
vt 0.448968 0.242699
vt 0.450896 0.224104
vt 0.449939 0.233333
vt 0.451667 0.216667
vt 0.451505 0.218227
vt 0.450896 0.224104
vt 0.452824 0.205509
vt 0.451667 0.216667
vt 0.453395 0.200000
vt 0.452985 0.203959
vt 0.452824 0.205509
vt 0.454752 0.186915
vt 0.453395 0.200000
vt 0.455123 0.183333
vt 0.454752 0.186915
vt 0.456680 0.168320
vt 0.456199 0.172954
vt 0.455123 0.183333
vt 0.456851 0.166667
vt 0.456680 0.168320
vt 0.456851 0.166667
vt 0.500000 0.500000
vt 0.525000 0.525000
vt 0.492633 0.500000
vt 0.495488 0.504512
vt 0.495488 0.504512
vt 0.500000 0.510259
vt 0.498559 0.509364
vt 0.497958 0.508414
vt 0.496804 0.506591
vt 0.495570 0.504641
vt 0.523724 0.525000
vt 0.524511 0.525489
vt 0.524511 0.525489
vt 0.525000 0.525793
vt 0.531576 0.527885
vt 0.533656 0.531171
vt 0.531534 0.529853
vt 0.525000 0.525793
vt 0.529751 0.525000
vt 0.529751 0.525000
vt 0.527910 0.522091
vt 0.527647 0.521676
vt 0.527910 0.522090
vt 0.525000 0.517493
vt 0.521561 0.512058
vt 0.525000 0.517493
vt 0.523724 0.525000
vt 0.515027 0.519596
vt 0.510293 0.516655
vt 0.509092 0.515908
vt 0.518221 0.506779
vt 0.516940 0.504756
vt 0.518221 0.506779
vt 0.509092 0.515908
vt 0.500000 0.510259
vt 0.513931 0.500000
vt 0.511546 0.496231
vt 0.513931 0.500000
vt 0.508532 0.491468
vt 0.501531 0.480405
vt 0.506234 0.487836
vt 0.508532 0.491468
vt 0.500000 0.477985
vt 0.500000 0.477985
vt 0.492634 0.500000
vt 0.491629 0.498413
vt 0.487943 0.492588
vt 0.486455 0.490236
vt 0.485800 0.489200
vt 0.498843 0.476157
vt 0.498843 0.476157
vt 0.485800 0.489200
vt 0.484864 0.487721
vt 0.481280 0.482058
vt 0.477928 0.476761
vt 0.476814 0.475000
vt 0.498111 0.475000
vt 0.495527 0.470916
vt 0.498111 0.475000
vt 0.476814 0.475000
vt 0.476287 0.474167
vt 0.484974 0.470442
vt 0.492404 0.467255
vt 0.493038 0.466983
vt 0.467174 0.566667
vt 0.475000 0.559346
vt 0.458333 0.574936
vt 0.463350 0.570244
vt 0.467174 0.566667
vt 0.449356 0.583333
vt 0.454365 0.578648
vt 0.458333 0.574936
vt 0.441667 0.590526
vt 0.447226 0.585326
vt 0.449356 0.583333
vt 0.431539 0.600000
vt 0.435944 0.595879
vt 0.441667 0.590526
vt 0.431539 0.600000
vt 0.425000 0.606116
vt 0.428038 0.603274
vt 0.431102 0.600408
vt 0.421540 0.609353
vt 0.425000 0.606116
vt 0.525000 0.494899
vt 0.527497 0.494960
vt 0.517309 0.494713
vt 0.525000 0.494899
vt 0.505571 0.494429
vt 0.515807 0.494677
vt 0.516734 0.494699
vt 0.500000 0.494294
vt 0.505571 0.494429
vt 0.500000 0.494294
vt 0.486189 0.493960
vt 0.487885 0.494001
vt 0.498586 0.494260
vt 0.458333 0.162950
vt 0.457334 0.162015
vt 0.460254 0.164746
vt 0.458333 0.162950
vt 0.462307 0.166667
vt 0.460254 0.164746
vt 0.462443 0.166794
vt 0.462307 0.166667
vt 0.468865 0.172801
vt 0.467194 0.171238
vt 0.475000 0.178540
vt 0.468865 0.172801
vt 0.477477 0.180857
vt 0.475000 0.178540
vt 0.477477 0.180857
vt 0.480125 0.183333
vt 0.478567 0.181876
vt 0.486088 0.188912
vt 0.480125 0.183333
vt 0.491667 0.194130
vt 0.486088 0.188912
vt 0.491667 0.194130
vt 0.494398 0.196685
vt 0.493521 0.195864
vt 0.507314 0.467686
vt 0.515865 0.471713
vt 0.500000 0.464242
vt 0.507314 0.467686
vt 0.499376 0.463948
vt 0.500000 0.464242
vt 0.484992 0.550000
vt 0.489134 0.546126
vt 0.480691 0.554023
vt 0.484992 0.550000
vt 0.475000 0.559346
vt 0.477548 0.556963
vt 0.479473 0.555162
vn 0.430937 -0.840545 -0.328293
vn 0.430936 -0.840547 -0.328291
vn 0.430936 -0.840547 -0.328291
vn 0.430936 -0.840547 -0.328291
vn 0.430938 -0.840547 -0.328288
vn 0.430939 -0.840546 -0.328289
vn 0.430933 -0.840547 -0.328294
vn 0.430934 -0.840547 -0.328294
vn 0.430931 -0.840546 -0.328300
vn 0.430933 -0.840549 -0.328290
vn 0.430934 -0.840549 -0.328289
vn 0.430935 -0.840551 -0.328283
vn 0.430930 -0.840549 -0.328293
vn 0.430937 -0.840547 -0.328289
vn 0.430934 -0.840548 -0.328291
vn 0.430939 -0.840547 -0.328289
vn 0.430935 -0.840547 -0.328292
vn 0.430931 -0.840549 -0.328293
vn 0.430936 -0.840547 -0.328290
vn 0.430936 -0.840546 -0.328292
vn 0.430935 -0.840547 -0.328291
vn 0.430937 -0.840546 -0.328291
vn 0.430934 -0.840549 -0.328289
vn 0.430937 -0.840547 -0.328289
vn 0.430936 -0.840547 -0.328291
vn 0.430936 -0.840547 -0.328292
vn 0.430936 -0.840547 -0.328291
vn 0.430936 -0.840547 -0.328291
vn 0.430936 -0.840547 -0.328291
vn 0.430935 -0.840547 -0.328291
vn 0.430936 -0.840547 -0.328291
vn 0.430938 -0.840546 -0.328290
vn 0.430935 -0.840548 -0.328291
vn 0.430937 -0.840547 -0.328291
vn 0.430935 -0.840547 -0.328291
vn 0.430938 -0.840546 -0.328290
vn 0.430939 -0.840546 -0.328290
vn 0.430934 -0.840549 -0.328290
vn 0.430935 -0.840547 -0.328291
vn 0.430936 -0.840547 -0.328291
vn 0.430936 -0.840547 -0.328291
vn 0.430934 -0.840548 -0.328290
vn 0.430964 -0.840531 -0.328295
vn 0.430940 -0.840544 -0.328293
vn 0.430938 -0.840545 -0.328294
vn 0.430937 -0.840547 -0.328289
vn 0.000000 0.000000 -1.000000
vn 0.000000 0.000000 -1.000000
vn 0.000000 0.000000 -1.000000
vn 0.000000 0.000000 -1.000000
vn 0.000000 0.000000 -1.000000
vn 0.000000 0.000000 -1.000000
vn 0.000000 0.000000 -1.000000
vn 0.000000 0.000000 -1.000000
vn 0.000000 0.000000 -1.000000
vn 0.000000 0.000000 -1.000000
vn 0.000000 1.000000 0.000000
vn 0.000000 1.000000 0.000000
vn 0.000000 1.000000 -0.000000
vn 0.000000 0.000000 -1.000000
vn 0.000000 0.000000 -1.000000
vn 0.000000 0.000000 -1.000000
vn 0.000000 0.000000 -1.000000
vn 0.000000 0.000000 -1.000000
vn 0.000000 0.000000 -1.000000
vn 0.000000 0.000000 -1.000000
vn -0.407058 -0.077002 0.910151
vn -0.407060 -0.076991 0.910151
vn -0.407058 -0.077004 0.910151
vn -0.407058 -0.077004 0.910151
vn 0.000000 1.000000 0.000000
vn 0.000000 1.000000 -0.000000
vn 0.000000 1.000000 -0.000000
vn 0.000000 1.000000 -0.000000
vn 0.000000 1.000000 0.000000
vn 0.000000 0.000000 -1.000000
vn 0.000000 1.000000 0.000000
vn 0.000000 0.000000 1.000000
vn 0.000000 0.000000 1.000000
vn 0.000000 0.000000 1.000000
vn 0.000000 0.000000 -1.000000
vn 0.000000 0.000000 -1.000000
vn 0.000000 0.000000 -1.000000
vn 0.000000 0.000000 -1.000000
vn 0.000000 0.000000 -1.000000
vn 0.000000 1.000000 -0.000002
vn 0.000000 1.000000 0.000004
vn 0.000000 1.000000 0.000002
vn -0.407059 -0.077003 0.910150
vn -0.407059 -0.077003 0.910150
vn -0.407069 -0.076997 0.910147
vn -0.407058 -0.077005 0.910151
vn -0.407058 -0.077004 0.910151
vn -0.407057 -0.077005 0.910151
vn -0.407060 -0.077001 0.910150
vn -0.407059 -0.077004 0.910150
vn -0.099838 -0.018886 0.994824
vn -0.266324 -0.050380 0.962566
vn -0.285169 -0.053946 0.956958
vn -0.407058 -0.077003 0.910151
vn -0.407058 -0.077004 0.910151
vn -0.407059 -0.077003 0.910150
vn -0.407059 -0.077003 0.910150
vn -0.407058 -0.077003 0.910151
vn 0.000000 1.000000 -0.000002
vn 0.000000 1.000000 -0.000001
vn -0.264475 -0.050030 0.963094
vn 0.000000 0.000000 1.000000
vn 0.000000 0.000000 1.000000
vn 0.000000 1.000000 0.000000
vn 0.000000 0.000000 1.000000
vn 0.000000 1.000000 0.000000
vn 0.000000 1.000000 0.000000
vn 0.000000 1.000000 -0.000000
vn 0.000000 1.000000 0.000000
vn 0.940418 -0.118513 -0.318698
vn 0.940416 -0.118508 -0.318707
vn 0.940418 -0.118513 -0.318698
vn 0.940418 -0.118514 -0.318699
vn 0.940419 -0.118515 -0.318696
vn 0.000000 0.000000 -1.000000
vn 0.000000 0.000000 -1.000000
vn 0.000000 0.000000 -1.000000
vn 0.000000 0.000000 -1.000000
vn 0.000000 0.000000 -1.000000
vn 0.000000 0.000000 -1.000000
vn 0.000000 0.000000 -1.000000
vn 0.000000 0.000000 -1.000000
vn 0.000000 0.000000 -1.000000
vn 0.000000 0.000000 -1.000000
vn 0.000000 0.000000 -1.000000
vn 0.000000 0.000000 -1.000000
vn 0.000000 0.000000 -1.000000
vn -0.407061 -0.077001 0.910150
vn -0.307808 -0.058229 0.949665
vn -0.299522 -0.056661 0.952405
vn -0.258026 -0.048810 0.964904
vn 0.000000 0.000000 1.000000
vn 0.000000 0.000000 1.000000
vn 0.000000 0.000000 1.000000
vn 0.000000 1.000000 0.000000
vn 0.000000 1.000000 0.000002
vn 0.940418 -0.118513 -0.318698
vn 0.940418 -0.118514 -0.318698
vn 0.940418 -0.118514 -0.318698
vn 0.940418 -0.118515 -0.318697
vn 0.000000 0.000000 -1.000000
vn 0.000000 0.000000 -1.000000
vn 0.000000 0.000000 -1.000000
vn 0.000000 0.000000 -1.000000
vn 0.000000 0.000000 -1.000000
vn 0.000000 0.000000 -1.000000
vn 0.000000 0.000000 -1.000000
vn -0.407058 -0.077004 0.910151
vn -0.407041 -0.076997 0.910159
vn -0.407058 -0.077004 0.910150
vn -0.407050 -0.077002 0.910154
vn -0.407058 -0.077000 0.910151
vn -0.407051 -0.077004 0.910154
vn -0.407062 -0.077001 0.910149
vn -0.407059 -0.077005 0.910150
vn -0.407058 -0.077005 0.910151
vn -0.394428 -0.074614 0.915893
vn -0.287411 -0.054369 0.956263
vn -0.407059 -0.077004 0.910150
vn -0.314807 -0.059552 0.947286
vn -0.332532 -0.062906 0.940992
vn 0.000000 0.000000 1.000000
vn 0.000000 0.000000 1.000000
vn 0.000000 0.000000 1.000000
vn 0.000000 0.000000 1.000000
vn 0.000000 0.000000 1.000000
vn 0.000000 0.000000 1.000000
vn 0.940418 -0.118519 -0.318698
vn 0.000000 0.000000 -1.000000
vn 0.000000 0.000000 -1.000000
vn 0.000000 0.000000 -1.000000
vn 0.000000 0.000000 -1.000000
vn 0.000000 0.000000 -1.000000
vn -0.407053 -0.077001 0.910153
vn -0.355459 -0.067242 0.932270
vn -0.314610 -0.059516 0.947353
vn -0.358113 -0.067748 0.931217
vn 0.000000 0.000000 1.000000
vn 0.000000 0.000000 1.000000
vn 0.000000 0.000000 1.000000
vn 0.000000 0.000000 1.000000
vn 0.000000 0.000000 1.000000
vn 0.000000 0.000000 1.000000
vn 0.000000 0.000000 1.000000
vn 0.000000 0.000000 1.000000
vn 0.000000 0.000000 1.000000
vn 0.000000 0.000000 1.000000
vn 0.940418 -0.118514 -0.318698
vn 0.000000 0.000000 -1.000000
vn 0.000000 0.000000 -1.000000
vn 0.000000 0.000000 -1.000000
vn 0.000000 0.000000 -1.000000
vn 0.000000 0.000000 -1.000000
vn 0.000000 0.000000 -1.000000
vn 0.000000 0.000000 -1.000000
vn 0.000000 0.000000 -1.000000
vn 0.000000 0.000000 -1.000000
vn 0.000000 0.000000 -1.000000
vn 0.000000 0.000000 -1.000000
vn 0.000000 0.000000 -1.000000
vn 0.000000 0.000000 -1.000000
vn 0.000000 0.000000 -1.000000
vn 0.000000 0.000000 -1.000000
vn 0.000000 0.000000 -1.000000
vn 0.000000 0.000000 -1.000000
vn -0.407059 -0.077003 0.910150
vn -0.407065 -0.077022 0.910146
vn -0.407055 -0.076998 0.910152
vn -0.407059 -0.077002 0.910150
vn -0.407058 -0.077002 0.910151
vn -0.407059 -0.076994 0.910151
vn -0.407054 -0.076990 0.910154
vn -0.407059 -0.077003 0.910150
vn -0.407053 -0.076997 0.910154
vn -0.279456 -0.052863 0.958702
vn -0.407057 -0.077004 0.910151
vn 0.000000 0.000000 1.000000
vn 0.000000 0.000000 1.000000
vn 0.000000 0.000000 1.000000
vn 0.000000 0.000000 1.000000
vn 0.000000 0.000000 1.000000
vn 0.000000 0.000000 1.000000
vn 0.000000 0.000000 1.000000
vn 0.000000 0.000000 1.000000
vn 0.000000 0.000000 1.000000
vn 0.000000 0.000000 1.000000
vn 0.000000 0.000000 1.000000
vn 0.000000 0.000000 1.000000
vn 0.000000 0.000000 1.000000
vn 0.000000 0.000000 1.000000
vn 0.940418 -0.118513 -0.318698
vn 0.940418 -0.118518 -0.318696
vn 0.940418 -0.118514 -0.318698
vn 0.940418 -0.118514 -0.318698
vn 0.940418 -0.118514 -0.318699
vn 0.940413 -0.118530 -0.318708
vn 0.940417 -0.118515 -0.318701
vn 0.940418 -0.118513 -0.318698
vn 0.940418 -0.118513 -0.318699
vn 0.940419 -0.118513 -0.318697
vn 0.940417 -0.118515 -0.318700
vn 0.940418 -0.118514 -0.318699
vn 0.940417 -0.118513 -0.318700
vn 0.940415 -0.118515 -0.318706
vn 0.000000 0.000000 -1.000000
vn 0.000000 0.000000 -1.000000
vn 0.000000 0.000000 -1.000000
vn 0.000000 0.000000 -1.000000
vn 0.000000 0.000000 -1.000000
vn 0.000000 0.000000 -1.000000
s 1
g solidShatter1 shard7
usemtl shatterInteriorSG1
f 1312/2875/2067 1313/2872/2068 1314/2874/2069
f 1319/2877/2070 1313/2872/2068 1318/2878/2071
f 1318/2878/2071 1313/2872/2068 1317/2879/2072
f 1317/2879/2072 1313/2872/2068 1316/2880/2073
f 1312/2876/2067 1315/2881/2074 1313/2872/2068
f 1315/2881/2074 1316/2880/2073 1313/2872/2068
f 1320/2883/2075 1321/2873/2076 1322/2882/2077
f 1323/2885/2078 1321/2873/2076 1320/2884/2075
f 1326/2887/2079 1327/2886/2080 1325/2888/2081
f 1325/2888/2081 1327/2886/2080 1323/2889/2078
f 1321/2873/2076 1323/2889/2078 1324/2890/2082
f 1324/2890/2082 1323/2889/2078 1327/2886/2080
f 1328/2892/2083 1321/2873/2076 1324/2891/2082
f 1328/2894/2083 1330/2893/2084 1321/2873/2076
f 1329/2895/2085 1321/2873/2076 1330/2893/2084
f 1331/2902/2086 1332/2901/2087 1335/2896/2088
f 1332/2901/2087 1333/2900/2089 1335/2896/2088
f 1333/2900/2089 1334/2899/2090 1335/2896/2088
f 1335/2896/2088 1334/2899/2090 1329/2897/2085
f 1321/2873/2076 1329/2897/2085 1322/2898/2077
f 1334/2899/2090 1322/2898/2077 1329/2897/2085
f 1313/2872/2068 1319/2906/2070 1336/2907/2091
f 1319/2906/2070 1332/2905/2087 1336/2907/2091
f 1336/2907/2091 1332/2905/2087 1337/2903/2092
f 1332/2905/2087 1331/2904/2086 1337/2903/2092
f 1336/2909/2091 1339/2908/2093 1313/2872/2068
f 1338/2910/2094 1313/2872/2068 1339/2908/2093
f 1340/2914/2095 1313/2872/2068 1342/2911/2096
f 1342/2911/2096 1313/2872/2068 1341/2912/2097
f 1313/2872/2068 1338/2913/2094 1341/2912/2097
f 1343/2921/2098 1344/2920/2099 1340/2915/2095
f 1313/2872/2068 1340/2915/2095 1314/2916/2069
f 1314/2916/2069 1340/2915/2095 1347/2917/2100
f 1347/2917/2100 1340/2915/2095 1346/2918/2101
f 1346/2918/2101 1340/2915/2095 1345/2919/2102
f 1344/2920/2099 1345/2919/2102 1340/2915/2095
f 1349/2927/2103 1350/2926/2104 1348/2928/2105
f 1350/2926/2104 1351/2925/2106 1348/2928/2105
f 1344/2923/2099 1343/2922/2098 1352/2924/2107
f 1351/2925/2106 1352/2924/2107 1348/2928/2105
f 1348/2928/2105 1352/2924/2107 1343/2922/2098
f 1348/2930/2105 1357/2929/2108 1349/2931/2103
f 1356/2932/2109 1349/2931/2103 1355/2933/2110
f 1349/2931/2103 1357/2929/2108 1355/2933/2110
f 1353/2935/2111 1354/2934/2112 1357/2929/2108
f 1354/2934/2112 1355/2933/2110 1357/2929/2108
s 8
usemtl initialShadingGroup
f 1358/2665/2113 1359/2661/2114 1360/2666/2115
f 1361/2669/2116 1360/2666/2115 1362/2670/2117
f 1358/2665/2113 1360/2666/2115 1361/2669/2116
f 1363/2660/2118 1359/2661/2114 1358/2665/2113
f 1359/2661/2114 1364/2662/2119 1360/2666/2115
f 1360/2666/2115 1364/2662/2119 1365/2667/2120
f 1360/2666/2115 1365/2667/2120 1362/2670/2117
f 1366/2673/2121 1362/2670/2117 1367/2674/2122
f 1361/2669/2116 1362/2670/2117 1366/2673/2121
s 9
f 1368/2837/2123 1369/2836/2124 1363/2660/2125
s 8
f 1370/2826/2126 1371/2825/2127 1361/2669/2116
f 1371/2828/2127 1372/2827/2128 1361/2669/2116
f 1361/2669/2116 1372/2827/2128 1358/2665/2113
f 1372/2830/2128 1373/2829/2129 1358/2665/2113
f 1373/2832/2129 1374/2831/2130 1358/2665/2113
f 1358/2665/2113 1374/2831/2130 1363/2660/2118
f 1374/2835/2130 1375/2834/2131 1363/2660/2118
f 1375/2834/2131 1368/2833/2132 1363/2660/2118
s 11
usemtl shatterInteriorSG1
f 1376/2771/2133 1369/2774/2134 1375/2772/2135
f 1369/2774/2134 1368/2773/2136 1375/2772/2135
s 9
usemtl initialShadingGroup
f 1378/2843/2137 1359/2661/2138 1377/2844/2139
f 1377/2844/2139 1359/2661/2138 1363/2660/2125
f 1359/2661/2138 1379/2657/2140 1364/2662/2141
s 8
f 1364/2662/2119 1380/2663/2142 1365/2667/2120
s 9
f 1379/2657/2140 1381/2658/2143 1364/2662/2141
s 11
f 1382/2654/2144 1383/2655/2145 1379/2657/2146
s 8
f 1362/2670/2117 1365/2667/2120 1384/2671/2147
f 1365/2667/2120 1380/2663/2142 1385/2668/2148
f 1362/2670/2117 1384/2671/2147 1367/2674/2122
f 1386/2677/2149 1367/2674/2122 1387/2678/2150
f 1366/2673/2121 1367/2674/2122 1386/2677/2149
f 1388/2824/2151 1370/2823/2126 1366/2673/2121
f 1366/2673/2121 1370/2823/2126 1361/2669/2116
s 9
f 1377/2841/2139 1363/2660/2125 1389/2842/2152
f 1389/2842/2152 1363/2660/2125 1390/2838/2153
f 1390/2838/2153 1363/2660/2125 1376/2839/2154
f 1363/2660/2125 1369/2840/2124 1376/2839/2154
s 11
usemtl shatterInteriorSG1
f 1391/2776/2155 1390/2775/2156 1388/2777/2157
f 1388/2777/2157 1390/2775/2156 1370/2778/2158
f 1370/2778/2158 1390/2775/2156 1371/2779/2159
f 1390/2775/2156 1376/2784/2133 1371/2779/2159
f 1371/2779/2159 1376/2784/2133 1372/2780/2160
f 1372/2780/2160 1376/2784/2133 1373/2781/2161
f 1373/2781/2161 1376/2784/2133 1374/2782/2162
f 1376/2784/2133 1375/2783/2135 1374/2782/2162
usemtl initialShadingGroup
f 1392/2849/2163 1393/2848/2164 1379/2657/2146
f 1379/2657/2146 1393/2848/2164 1382/2654/2144
f 1393/2851/2164 1394/2850/2165 1382/2654/2144
usemtl shatterInteriorSG1
f 1396/2767/2166 1378/2770/2167 1395/2748/2168
f 1378/2770/2167 1377/2769/2169 1395/2748/2168
f 1377/2769/2169 1389/2768/2170 1395/2748/2168
s 9
usemtl initialShadingGroup
f 1379/2657/2140 1359/2661/2138 1392/2846/2171
f 1392/2846/2171 1359/2661/2138 1396/2847/2172
f 1396/2847/2172 1359/2661/2138 1378/2845/2137
s 11
f 1394/2853/2165 1397/2852/2173 1382/2654/2144
f 1382/2654/2144 1397/2852/2173 1398/2651/2174
f 1382/2654/2144 1399/2652/2175 1383/2655/2145
s 9
f 1364/2662/2141 1381/2658/2143 1380/2663/2176
s 11
f 1379/2657/2146 1383/2655/2145 1381/2658/2177
s 9
f 1380/2663/2176 1400/2659/2178 1401/2664/2179
f 1402/2711/2180 1403/2710/2181 1401/2664/2179
s 18
usemtl shatterInteriorSG1
f 1406/2689/2182 1404/2693/2183 1405/2690/2184
f 1405/2690/2184 1404/2693/2183 1402/2691/2185
f 1404/2693/2183 1403/2692/2186 1402/2691/2185
s 8
usemtl initialShadingGroup
f 1403/2722/2187 1404/2721/2188 1401/2664/2189
f 1380/2663/2142 1401/2664/2189 1385/2668/2148
f 1365/2667/2120 1385/2668/2148 1384/2671/2147
f 1367/2674/2122 1384/2671/2147 1407/2675/2190
f 1367/2674/2122 1407/2675/2190 1387/2678/2150
f 1386/2677/2149 1387/2678/2150 1408/2680/2191
f 1409/2811/2192 1410/2810/2193 1408/2680/2191
f 1386/2677/2149 1408/2680/2191 1412/2812/2194
f 1412/2812/2194 1408/2680/2191 1411/2813/2195
f 1410/2814/2193 1411/2813/2195 1408/2680/2191
f 1412/2816/2194 1413/2815/2196 1386/2677/2149
f 1413/2818/2196 1414/2817/2197 1386/2677/2149
f 1386/2677/2149 1414/2817/2197 1366/2673/2121
f 1414/2822/2197 1415/2821/2198 1366/2673/2121
f 1388/2819/2151 1366/2673/2121 1391/2820/2199
f 1415/2821/2198 1391/2820/2199 1366/2673/2121
s 11
usemtl shatterInteriorSG1
f 1415/2786/2200 1395/2748/2168 1391/2787/2155
f 1389/2785/2170 1390/2788/2156 1395/2748/2168
f 1390/2788/2156 1391/2787/2155 1395/2748/2168
usemtl initialShadingGroup
f 1417/2854/2201 1398/2651/2174 1416/2855/2202
f 1397/2856/2173 1416/2855/2202 1398/2651/2174
usemtl shatterInteriorSG1
f 1416/2764/2202 1397/2763/2173 1395/2748/2168
f 1392/2766/2163 1396/2765/2166 1393/2761/2164
f 1396/2765/2166 1395/2748/2168 1393/2761/2164
f 1393/2761/2164 1395/2748/2168 1394/2762/2165
f 1395/2748/2168 1397/2763/2173 1394/2762/2165
usemtl initialShadingGroup
f 1417/2858/2201 1418/2857/2203 1398/2651/2174
f 1398/2651/2174 1418/2857/2203 1419/2648/2204
f 1398/2651/2174 1399/2652/2175 1382/2654/2144
f 1399/2652/2175 1420/2653/2205 1383/2655/2145
s 9
f 1381/2658/2143 1400/2659/2178 1380/2663/2176
s 11
f 1383/2655/2145 1421/2656/2206 1381/2658/2177
s 9
f 1401/2664/2179 1400/2659/2178 1402/2723/2180
f 1402/2723/2180 1400/2659/2178 1405/2724/2207
f 1422/2725/2208 1405/2724/2207 1400/2659/2178
s 18
usemtl shatterInteriorSG1
f 1405/2699/2184 1422/2698/2209 1423/2697/2210
f 1406/2700/2182 1405/2699/2184 1424/2696/2211
f 1425/2701/2212 1406/2700/2182 1424/2696/2211
s 8
usemtl initialShadingGroup
f 1401/2664/2189 1404/2739/2188 1385/2668/2148
f 1404/2739/2188 1406/2741/2213 1385/2668/2148
f 1406/2741/2213 1425/2740/2214 1385/2668/2148
f 1384/2671/2147 1385/2668/2148 1426/2672/2215
f 1384/2671/2147 1426/2672/2215 1407/2675/2190
f 1387/2678/2150 1407/2675/2190 1427/2679/2216
f 1408/2680/2191 1387/2678/2150 1428/2681/2217
f 1429/2809/2218 1409/2808/2192 1430/2682/2219
f 1430/2682/2219 1409/2808/2192 1408/2680/2191
s 11
usemtl shatterInteriorSG1
f 1411/2797/2220 1410/2796/2221 1432/2747/2222
f 1410/2796/2221 1409/2795/2223 1432/2747/2222
f 1431/2798/2224 1432/2747/2222 1429/2794/2225
f 1432/2747/2222 1409/2795/2223 1429/2794/2225
f 1432/2747/2222 1395/2748/2168 1411/2793/2220
f 1411/2793/2220 1395/2748/2168 1412/2789/2226
f 1412/2789/2226 1395/2748/2168 1413/2790/2227
f 1413/2790/2227 1395/2748/2168 1414/2791/2228
f 1395/2748/2168 1415/2792/2200 1414/2791/2228
usemtl initialShadingGroup
f 1418/2861/2203 1433/2860/2229 1419/2648/2204
f 1433/2860/2229 1434/2859/2230 1419/2648/2204
usemtl shatterInteriorSG1
f 1435/2746/2231 1433/2759/2229 1395/2748/2168
f 1433/2759/2229 1418/2758/2203 1395/2748/2168
f 1416/2760/2202 1395/2748/2168 1417/2757/2201
f 1395/2748/2168 1418/2758/2203 1417/2757/2201
usemtl initialShadingGroup
f 1436/2865/2232 1437/2864/2233 1438/2646/2234
f 1434/2863/2230 1436/2862/2232 1419/2648/2204
f 1419/2648/2204 1436/2862/2232 1438/2646/2234
f 1419/2648/2204 1439/2649/2235 1398/2651/2174
f 1398/2651/2174 1439/2649/2235 1399/2652/2175
f 1399/2652/2175 1440/2650/2236 1420/2653/2205
f 1383/2655/2145 1420/2653/2205 1421/2656/2206
f 1381/2658/2177 1421/2656/2206 1400/2659/2237
f 1423/2713/2238 1422/2712/2239 1400/2659/2237
s 18
usemtl shatterInteriorSG1
f 1424/2696/2211 1405/2699/2184 1423/2697/2210
f 1441/2694/2240 1425/2701/2212 1424/2696/2211
s 8
usemtl initialShadingGroup
f 1425/2745/2214 1441/2744/2241 1385/2668/2148
f 1441/2744/2241 1426/2672/2215 1385/2668/2148
f 1407/2675/2190 1426/2672/2215 1442/2676/2242
f 1407/2675/2190 1442/2676/2242 1427/2679/2216
f 1387/2678/2150 1427/2679/2216 1428/2681/2217
f 1408/2680/2191 1428/2681/2217 1430/2682/2219
f 1443/2807/2243 1444/2806/2244 1430/2682/2219
f 1429/2804/2218 1430/2682/2219 1431/2805/2245
f 1444/2806/2244 1431/2805/2245 1430/2682/2219
s 11
usemtl shatterInteriorSG1
f 1444/2800/2246 1432/2747/2222 1431/2799/2224
f 1435/2746/2231 1395/2748/2168 1432/2747/2222
f 1433/2756/2229 1435/2746/2231 1434/2752/2230
f 1434/2752/2230 1435/2746/2231 1436/2753/2232
f 1436/2753/2232 1435/2746/2231 1437/2754/2233
f 1435/2746/2231 1445/2755/2247 1437/2754/2233
usemtl initialShadingGroup
f 1446/2870/2248 1447/2869/2249 1448/2645/2250
f 1448/2645/2250 1438/2646/2234 1446/2866/2248
f 1446/2866/2248 1438/2646/2234 1445/2867/2247
f 1437/2868/2233 1445/2867/2247 1438/2646/2234
f 1438/2646/2234 1449/2647/2251 1419/2648/2204
f 1419/2648/2204 1449/2647/2251 1439/2649/2235
f 1439/2649/2235 1440/2650/2236 1399/2652/2175
f 1450/2720/2252 1451/2719/2253 1440/2650/2236
f 1451/2732/2253 1452/2731/2254 1440/2650/2236
f 1440/2650/2236 1452/2731/2254 1420/2653/2205
f 1452/2718/2254 1453/2717/2255 1420/2653/2205
f 1453/2730/2255 1454/2729/2256 1420/2653/2205
f 1420/2653/2205 1454/2729/2256 1421/2656/2206
f 1454/2714/2256 1455/2716/2257 1421/2656/2206
f 1455/2716/2257 1456/2715/2258 1421/2656/2206
f 1400/2659/2237 1421/2656/2206 1423/2726/2238
f 1423/2726/2238 1421/2656/2206 1424/2727/2259
f 1456/2728/2258 1424/2727/2259 1421/2656/2206
s 18
usemtl shatterInteriorSG1
f 1457/2695/2260 1441/2694/2240 1424/2696/2211
s 8
usemtl initialShadingGroup
f 1441/2736/2241 1457/2738/2261 1426/2672/2215
f 1457/2738/2261 1458/2737/2262 1426/2672/2215
f 1458/2743/2262 1459/2742/2263 1426/2672/2215
f 1459/2742/2263 1442/2676/2242 1426/2672/2215
f 1342/2937/2264 1341/2936/2265 1442/2676/2242
f 1442/2676/2242 1341/2936/2265 1427/2679/2216
f 1341/2940/2265 1338/2939/2266 1427/2679/2216
f 1427/2679/2216 1338/2939/2266 1339/2938/2267
f 1428/2681/2217 1427/2679/2216 1337/2941/2268
f 1337/2941/2268 1427/2679/2216 1336/2942/2269
f 1339/2943/2267 1336/2942/2269 1427/2679/2216
f 1337/2946/2268 1331/2945/2270 1428/2681/2217
f 1428/2681/2217 1331/2945/2270 1335/2944/2271
f 1430/2682/2219 1428/2681/2217 1330/2947/2272
f 1330/2947/2272 1428/2681/2217 1329/2948/2273
f 1335/2949/2271 1329/2948/2273 1428/2681/2217
f 1330/2950/2272 1328/2953/2274 1430/2682/2219
f 1328/2953/2274 1324/2952/2275 1430/2682/2219
f 1324/2952/2275 1327/2951/2276 1430/2682/2219
f 1326/2954/2277 1443/2803/2243 1327/2955/2276
f 1327/2955/2276 1443/2803/2243 1430/2682/2219
s 11
usemtl shatterInteriorSG1
f 1432/2747/2222 1444/2802/2246 1325/2956/2278
f 1444/2802/2246 1443/2801/2279 1325/2956/2278
f 1326/2957/2280 1325/2956/2278 1443/2801/2279
f 1435/2746/2231 1432/2747/2222 1334/2960/2281
f 1334/2960/2281 1432/2747/2222 1322/2961/2282
f 1322/2961/2282 1432/2747/2222 1320/2962/2283
f 1320/2962/2283 1432/2747/2222 1323/2958/2284
f 1432/2747/2222 1325/2959/2278 1323/2958/2284
f 1334/2964/2281 1333/2963/2285 1435/2746/2231
f 1445/2749/2247 1435/2746/2231 1446/2750/2248
f 1435/2746/2231 1333/2965/2285 1446/2750/2248
f 1333/2965/2285 1332/2968/2286 1446/2750/2248
f 1446/2750/2248 1332/2968/2286 1447/2751/2249
f 1318/2966/2287 1447/2751/2249 1319/2967/2288
f 1332/2968/2286 1319/2967/2288 1447/2751/2249
usemtl initialShadingGroup
f 1318/2970/2287 1317/2969/2289 1447/2871/2249
f 1447/2871/2249 1317/2969/2289 1448/2645/2250
f 1317/2972/2289 1316/2971/2290 1448/2645/2250
f 1316/2974/2290 1315/2973/2291 1448/2645/2250
f 1347/2977/2292 1438/2646/2234 1314/2978/2293
f 1314/2978/2293 1438/2646/2234 1312/2975/2294
f 1448/2645/2250 1315/2976/2291 1438/2646/2234
f 1438/2646/2234 1315/2976/2291 1312/2975/2294
f 1346/2979/2295 1449/2647/2251 1347/2980/2292
f 1347/2980/2292 1449/2647/2251 1438/2646/2234
f 1346/2982/2295 1345/2981/2296 1449/2647/2251
f 1352/2984/2297 1449/2647/2251 1344/2985/2298
f 1344/2985/2298 1449/2647/2251 1345/2983/2296
f 1351/2986/2299 1439/2649/2235 1352/2987/2297
f 1352/2987/2297 1439/2649/2235 1449/2647/2251
f 1350/2988/2300 1440/2650/2236 1351/2989/2299
f 1351/2989/2299 1440/2650/2236 1439/2649/2235
f 1350/2990/2300 1349/2992/2301 1440/2650/2236
f 1450/2733/2252 1440/2650/2236 1356/2991/2302
f 1349/2992/2301 1356/2991/2302 1440/2650/2236
s 18
usemtl shatterInteriorSG1
f 1455/2688/2303 1454/2687/2304 1355/2993/2305
f 1454/2687/2304 1453/2686/2306 1355/2993/2305
f 1453/2686/2306 1452/2685/2307 1355/2993/2305
f 1356/2994/2308 1355/2993/2305 1450/2683/2309
f 1450/2683/2309 1355/2993/2305 1451/2684/2310
f 1355/2993/2305 1452/2685/2307 1451/2684/2310
f 1424/2707/2211 1456/2706/2311 1457/2708/2260
f 1456/2706/2311 1455/2705/2303 1457/2708/2260
f 1455/2705/2303 1355/2996/2305 1457/2708/2260
f 1457/2708/2260 1355/2996/2305 1458/2702/2312
f 1458/2702/2312 1355/2996/2305 1459/2703/2313
f 1459/2703/2313 1355/2996/2305 1460/2704/2314
f 1355/2996/2305 1354/2995/2315 1460/2704/2314
f 1354/2998/2315 1353/2997/2316 1460/2709/2314
s 8
usemtl initialShadingGroup
f 1459/2734/2263 1460/2735/2317 1442/2676/2242
f 1460/2735/2317 1353/3000/2318 1442/2676/2242
f 1353/3000/2318 1357/2999/2319 1442/2676/2242
f 1357/3002/2319 1348/3001/2320 1442/2676/2242
f 1348/3001/2320 1343/3005/2321 1442/2676/2242
f 1343/3005/2321 1340/3004/2322 1442/2676/2242
f 1340/3004/2322 1342/3003/2264 1442/2676/2242
g default
v 0.316166 1.634251 -0.500000
v -0.363456 0.592987 0.111852
v -0.228179 0.754044 -0.500000
v -0.028424 1.077047 -0.500000
v 0.208364 1.459934 -0.500000
v 0.303898 1.614414 -0.500000
v -0.490213 0.330330 -0.500000
v -0.360745 0.539682 -0.500000
v -0.294359 0.647030 -0.500000
v -0.496443 0.320259 -0.500000
v -0.693066 0.002319 -0.500000
v -0.748980 0.002319 0.458934
v -0.705893 0.002319 -0.280014
v -0.449273 0.490818 0.500000
v -0.490213 0.424618 0.500000
v -0.685262 0.109222 0.500000
v -0.751375 0.002319 0.500000
v -0.419055 0.539679 0.500000
v -0.437069 0.510551 0.500000
v -0.279091 0.766001 0.500000
v 0.349485 1.688128 -0.500000
v 0.128391 1.424902 0.500000
v 0.059322 1.313217 0.500000
v -0.086732 1.077047 0.500000
v -0.188873 0.911884 0.500000
v 0.365905 1.714678 -0.500000
v 0.583257 2.160420 0.500000
v 0.577911 2.151779 0.500000
v 0.555711 2.115879 0.500000
v 0.490213 2.009970 0.500000
v 0.307516 1.714548 0.500000
v 0.245590 1.614412 0.500000
v 0.927150 2.622213 -0.500000
v 0.706056 2.358988 0.500000
v 0.490213 1.915686 -0.500000
v 0.636220 2.151779 -0.500000
v 0.711086 2.272838 -0.500000
v 0.910233 2.689144 0.500000
v 0.803905 2.517211 0.500000
v 0.968541 2.689144 -0.500000
v 1.213808 3.085742 -0.500000
v 1.228254 3.109102 -0.500000
v 1.365355 3.390265 0.130773
v 0.955232 2.761906 0.500000
v 1.242555 3.226509 0.500000
v 1.052099 2.918542 0.500000
v 1.283720 3.293074 0.500000
v 1.300294 3.319874 0.500000
v 1.416978 3.496134 0.368286
v 1.424698 3.521036 0.500000
v 1.401168 3.445135 0.098530
v 1.411899 3.479749 0.281617
v 1.395157 3.425746 -0.004025
v 1.391871 3.415146 -0.060092
v 1.300862 3.226509 -0.500000
v 1.366088 3.331979 -0.500000
v 0.425217 5.389995 -0.437183
v 0.402015 5.420403 -0.500000
v 0.222674 5.469601 -0.500000
v -0.741005 5.728304 -0.485230
v -0.710773 5.725664 -0.500000
v -0.745155 5.735096 -0.500000
v -0.490213 5.665160 -0.500000
v -0.729811 5.709982 -0.445384
v -0.666444 5.606265 -0.219832
v -0.614812 5.521754 -0.036049
v -0.421922 5.646426 -0.500000
v 0.560542 5.212632 -0.070799
v 0.508775 5.280479 -0.210954
v -0.138578 5.568700 -0.500000
v -0.481548 5.303632 0.438302
v 0.712820 5.013050 0.341485
v -0.469903 5.284573 0.479750
v -0.464214 5.275261 0.500000
v -0.148405 5.188627 0.500000
v 0.490213 5.013441 0.500000
v 0.646916 4.970454 0.500000
v 0.771368 4.936315 0.500000
v -0.490213 0.539679 0.500000
v -0.490213 0.539682 -0.500000
v 0.490213 2.151779 0.500000
v -0.490213 1.077047 0.500000
v -0.490213 1.077047 -0.500000
v -0.490213 1.614412 0.500000
v -0.490213 2.151779 0.500000
v -0.993283 1.077047 0.500000
v -1.024125 0.832314 0.500000
v -1.061004 0.539679 0.500000
v -1.087470 0.329666 0.500000
v -1.115830 0.104618 0.500000
v -1.128723 0.002319 0.500000
v -1.274817 0.002319 0.068903
v -1.216550 0.002319 0.240838
v -1.467613 0.002319 -0.500000
v -1.467389 0.004101 -0.500000
v -1.399893 0.539682 -0.500000
v -1.394644 0.581335 -0.500000
v 0.490213 2.151779 -0.500000
v 0.490213 2.689144 -0.500000
v 0.490213 2.689144 0.500000
v 0.490213 3.226509 0.500000
v -0.490213 2.689144 0.500000
v -0.925563 1.614412 0.500000
v -0.960780 1.334963 0.500000
v -0.977715 1.200583 0.500000
v -1.358569 0.002319 -0.178233
v -1.377356 0.002319 -0.233667
v -1.334556 1.058142 -0.500000
v -1.332173 1.077047 -0.500000
v -0.490213 1.614414 -0.500000
v -0.490213 2.151779 -0.500000
v 0.490213 3.226509 -0.500000
v 1.228084 3.630932 -0.500000
v 1.291512 3.493530 -0.500000
v 0.490213 3.763875 0.500000
v -0.834091 2.340256 0.500000
v -0.857843 2.151779 0.500000
v -0.897435 1.837608 0.500000
v -0.925517 1.614779 0.500000
v -0.790123 2.689144 0.500000
v -1.321899 1.158571 -0.500000
v -1.294312 1.377478 -0.500000
v -0.490213 2.689144 -0.500000
v -0.490213 3.226509 -0.500000
v 0.490213 3.763875 -0.500000
v 1.166714 3.763875 -0.500000
v 1.312597 3.763875 0.500000
v -0.490213 3.226509 0.500000
v -0.770746 2.842902 0.500000
v -0.782122 2.752638 0.500000
v -0.490213 3.763875 0.500000
v -0.767882 3.103912 0.411391
v -1.279663 1.493719 -0.500000
v -1.264453 1.614414 -0.500000
v -1.249155 1.735807 -0.500000
v -1.196733 2.151779 -0.500000
v -1.176410 2.313044 -0.500000
v -1.129013 2.689144 -0.500000
v -0.490213 3.763875 -0.500000
v 0.490213 4.301240 -0.500000
v 1.053343 4.009463 -0.500000
v 1.030111 4.059790 -0.500000
v 1.259067 3.879836 0.500000
v 0.490213 4.301240 0.500000
v -0.490213 4.301240 0.500000
v -0.722403 3.226509 0.500000
v -0.735203 3.124940 0.500000
v -1.103998 2.887638 -0.500000
v -1.103665 2.890280 -0.500000
v -1.061294 3.226509 -0.500000
v -1.030921 3.467516 -0.500000
v -0.490213 4.301240 -0.500000
v 0.918651 4.301240 -0.500000
v 1.076321 4.275709 0.500000
v 1.064535 4.301240 0.500000
v -0.490213 4.838605 0.500000
v -0.718124 3.260463 0.500000
v -0.707401 3.345549 0.500000
v -0.580712 4.350842 0.500000
v -0.586963 4.301240 0.500000
v -0.644057 3.848195 0.500000
v -0.654683 3.763875 0.500000
v -0.710122 4.528785 0.051964
v -1.020072 3.553603 -0.500000
v -0.993573 3.763875 -0.500000
v -0.958177 4.044753 -0.500000
v -0.925853 4.301240 -0.500000
v -0.490213 4.838605 -0.500000
v 0.490213 4.838605 -0.500000
v 0.832139 4.488647 -0.500000
v 0.926982 4.599215 0.500000
v 0.490213 4.838605 0.500000
v -0.490213 5.068959 0.500000
v -0.517367 4.853488 0.500000
v -0.519243 4.838605 0.500000
v -0.544888 4.635105 0.500000
v -0.913684 4.397803 -0.500000
v -0.885431 4.621989 -0.500000
v -0.858133 4.838605 -0.500000
v -0.812687 5.199225 -0.500000
v -0.490213 5.375971 -0.500000
v -0.790413 5.375971 -0.500000
v 0.422527 5.375971 -0.500000
v 0.436194 5.346363 -0.500000
v 0.490213 5.229344 -0.500000
v 0.670588 4.838605 -0.500000
v 0.922713 4.608462 0.500000
v 0.883518 4.693368 0.500000
v 0.816473 4.838605 0.500000
v -0.760480 5.613488 -0.500000
v 0.546533 5.107342 -0.500000
v 0.634166 4.917505 -0.500000
v 0.655381 4.871550 -0.500000
vt 0.491667 0.016667
vt 0.491667 0.033333
vt 0.491667 0.050000
vt 0.491667 0.066667
vt 0.508333 0.066667
vt 0.491667 0.083333
vt 0.508333 0.083333
vt 0.491667 0.100000
vt 0.508333 0.100000
vt 0.491667 0.116667
vt 0.508333 0.116667
vt 0.491667 0.133333
vt 0.508333 0.133333
vt 0.491667 0.150000
vt 0.508333 0.150000
vt 0.491667 0.583333
vt 0.491667 0.600000
vt 0.508333 0.600000
vt 0.491667 0.616667
vt 0.508333 0.616667
vt 0.491667 0.633333
vt 0.508333 0.633333
vt 0.491667 0.650000
vt 0.508333 0.650000
vt 0.491667 0.666667
vt 0.508333 0.666667
vt 0.491667 0.683333
vt 0.508333 0.683333
vt 0.491667 0.700000
vt 0.491667 0.716666
vt 0.491667 0.733333
vt 0.500000 0.500000
vt 0.500000 0.525000
vt 0.500399 0.529669
vt 0.500000 0.531163
vt 0.501645 0.525000
vt 0.501645 0.525000
vt 0.502244 0.522757
vt 0.502093 0.523319
vt 0.502244 0.522757
vt 0.508317 0.500000
vt 0.507061 0.504706
vt 0.506842 0.505527
vt 0.504840 0.513027
vt 0.504468 0.514423
vt 0.502619 0.521348
vt 0.508317 0.500000
vt 0.510233 0.492818
vt 0.509281 0.496385
vt 0.509216 0.496631
vt 0.495125 0.479875
vt 0.495125 0.479875
vt 0.489754 0.500000
vt 0.490745 0.496289
vt 0.491702 0.492703
vt 0.493295 0.486733
vt 0.494076 0.483807
vt 0.489754 0.500000
vt 0.486025 0.513975
vt 0.486954 0.510494
vt 0.488195 0.505845
vt 0.489328 0.501599
vt 0.486025 0.513975
vt 0.483083 0.525000
vt 0.483094 0.524956
vt 0.484580 0.519390
vt 0.485644 0.515400
vt 0.483083 0.525000
vt 0.476924 0.548076
vt 0.477458 0.546078
vt 0.477994 0.544068
vt 0.479832 0.537182
vt 0.480544 0.534512
vt 0.482206 0.528286
vt 0.475000 0.555286
vt 0.475000 0.573811
vt 0.470335 0.572765
vt 0.470343 0.572736
vt 0.472709 0.563869
vt 0.472893 0.563180
vt 0.487849 0.576694
vt 0.483310 0.575675
vt 0.480299 0.575000
vt 0.488301 0.575000
vt 0.492597 0.558902
vt 0.491516 0.562953
vt 0.490223 0.567798
vt 0.489296 0.571274
vt 0.488301 0.575000
vt 0.480299 0.575000
vt 0.475971 0.574029
vt 0.493143 0.556857
vt 0.476411 0.550000
vt 0.494973 0.550000
vt 0.494971 0.550006
vt 0.493737 0.554632
vt 0.493143 0.556857
vt 0.475971 0.574029
vt 0.475000 0.573811
vt 0.475000 0.555286
vt 0.475084 0.554973
vt 0.475444 0.553624
vt 0.497346 0.541110
vt 0.495958 0.546311
vt 0.494973 0.550000
vt 0.476411 0.550000
vt 0.476924 0.548076
vt 0.500000 0.531163
vt 0.499720 0.532214
vt 0.498178 0.537990
vt 0.484744 0.056923
vt 0.485417 0.066667
vt 0.484266 0.050000
vt 0.484267 0.050011
vt 0.484744 0.056923
vt 0.483667 0.041333
vt 0.484266 0.050000
vt 0.483115 0.033333
vt 0.483380 0.037165
vt 0.483667 0.041333
vt 0.482591 0.025743
vt 0.483115 0.033333
vt 0.481964 0.016667
vt 0.482591 0.025743
vt 0.481514 0.010153
vt 0.481964 0.016667
vt 0.480812 0.000000
vt 0.481032 0.003173
vt 0.481514 0.010153
vt 0.479319 0.935209
vt 0.480812 1.000000
vt 0.476905 0.830441
vt 0.478329 0.892226
vt 0.479319 0.935209
vt 0.475052 0.750000
vt 0.476586 0.816583
vt 0.475055 0.749945
vt 0.475052 0.750000
vt 0.476203 0.733333
vt 0.475055 0.749945
vt 0.476292 0.732041
vt 0.476203 0.733333
vt 0.476292 0.732041
vt 0.477354 0.716666
vt 0.477313 0.717253
vt 0.477529 0.714138
vt 0.477354 0.716666
vt 0.477998 0.707348
vt 0.477529 0.714138
vt 0.478505 0.700000
vt 0.478247 0.703743
vt 0.478765 0.696235
vt 0.478505 0.700000
vt 0.479656 0.683333
vt 0.478765 0.696235
vt 0.480002 0.678331
vt 0.479656 0.683333
vt 0.480808 0.666667
vt 0.480002 0.678331
vt 0.481238 0.660428
vt 0.481233 0.660510
vt 0.480808 0.666667
vt 0.481959 0.650000
vt 0.481238 0.660428
vt 0.482475 0.642525
vt 0.481959 0.650000
vt 0.482475 0.642525
vt 0.483110 0.633333
vt 0.482659 0.639855
vt 0.483712 0.624622
vt 0.483110 0.633333
vt 0.484261 0.616667
vt 0.483712 0.624622
vt 0.484948 0.606718
vt 0.484468 0.613672
vt 0.484261 0.616666
vt 0.485412 0.600000
vt 0.484948 0.606718
vt 0.486185 0.588815
vt 0.485412 0.600000
vt 0.486564 0.583333
vt 0.486185 0.588815
vt 0.487072 0.575967
vt 0.486564 0.583333
vt 0.491667 0.157145
vt 0.491205 0.150462
vt 0.491667 0.157145
vt 0.491173 0.150000
vt 0.491205 0.150462
vt 0.490128 0.134872
vt 0.490737 0.143688
vt 0.491173 0.150000
vt 0.490022 0.133333
vt 0.490128 0.134872
vt 0.489052 0.119282
vt 0.490022 0.133333
vt 0.488871 0.116667
vt 0.489051 0.119282
vt 0.487975 0.103692
vt 0.488871 0.116667
vt 0.487975 0.103692
vt 0.487720 0.100000
vt 0.487792 0.101053
vt 0.486898 0.088102
vt 0.487502 0.096850
vt 0.487720 0.100000
vt 0.486568 0.083333
vt 0.486704 0.085303
vt 0.486898 0.088102
vt 0.485821 0.072512
vt 0.486568 0.083333
vt 0.485417 0.066667
vt 0.485821 0.072512
vt 0.539145 0.500000
vt 0.555443 0.494957
vt 0.554864 0.495136
vt 0.555270 0.494730
vt 0.550000 0.496641
vt 0.550000 0.487841
vt 0.552156 0.490660
vt 0.554802 0.494119
vt 0.555270 0.494730
vt 0.554864 0.495136
vt 0.551150 0.496285
vt 0.539145 0.500000
vt 0.544435 0.480565
vt 0.550000 0.487841
vt 0.550000 0.496641
vt 0.545229 0.498118
vt 0.527639 0.484592
vt 0.538393 0.481264
vt 0.543711 0.479619
vt 0.543949 0.479929
vt 0.544435 0.480565
vt 0.525000 0.485409
vt 0.525000 0.485409
vt 0.508333 0.155423
vt 0.510997 0.154089
vt 0.497477 0.160856
vt 0.508333 0.155423
vt 0.492109 0.163543
vt 0.497477 0.160856
vt 0.510831 0.489169
vt 0.511145 0.489402
vt 0.510190 0.488691
vt 0.510831 0.489169
vt 0.500000 0.481095
vt 0.502845 0.483216
vt 0.496508 0.478492
vt 0.500000 0.481095
vt 0.495662 0.477862
vt 0.495891 0.478032
vt 0.496508 0.478492
vt 0.491667 0.574364
vt 0.487917 0.572487
vt 0.487333 0.572195
vt 0.491667 0.574364
vt 0.497644 0.577356
vt 0.492828 0.574945
vt 0.497644 0.577356
vt 0.503785 0.580429
vt 0.497631 0.508137
vt 0.498167 0.510241
vt 0.500000 0.517423
vt 0.521829 0.533614
vt 0.521287 0.531491
vt 0.520722 0.529278
vt 0.516647 0.533353
vt 0.520971 0.534609
vt 0.522171 0.534957
vt 0.521966 0.534151
vt 0.502606 0.527635
vt 0.503058 0.529408
vt 0.506088 0.530287
vt 0.513968 0.532575
vt 0.516647 0.533353
vt 0.520722 0.529278
vt 0.519844 0.525834
vt 0.519631 0.525000
vt 0.501933 0.525000
vt 0.515640 0.509360
vt 0.501540 0.523460
vt 0.501933 0.525000
vt 0.519631 0.525000
vt 0.519478 0.524402
vt 0.517858 0.518053
vt 0.516991 0.514653
vt 0.515873 0.510273
vt 0.513252 0.500000
vt 0.500000 0.517423
vt 0.500118 0.517886
vt 0.501498 0.523292
vt 0.501540 0.523460
vt 0.515640 0.509360
vt 0.514503 0.504905
vt 0.513888 0.502493
vt 0.513252 0.500000
vt 0.510781 0.597553
vt 0.511400 0.600000
vt 0.511141 0.598978
vt 0.510781 0.597553
vt 0.509291 0.591665
vt 0.508333 0.587881
vt 0.507183 0.583333
vt 0.506834 0.581955
vt 0.513113 0.153031
vt 0.513880 0.150000
vt 0.513880 0.150000
vt 0.515019 0.145495
vt 0.515686 0.142862
vt 0.515758 0.142575
vt 0.514146 0.610854
vt 0.511400 0.600000
vt 0.508333 0.587881
vt 0.507415 0.584252
vt 0.507415 0.584252
vt 0.507183 0.583333
vt 0.515758 0.142575
vt 0.518097 0.133333
vt 0.515617 0.616667
vt 0.514146 0.610854
vt 0.518097 0.133333
vt 0.518297 0.132541
vt 0.521403 0.120263
vt 0.517511 0.624155
vt 0.515617 0.616666
vt 0.521403 0.120263
vt 0.522314 0.116667
vt 0.517511 0.624155
vt 0.519834 0.633333
vt 0.517906 0.625716
vt 0.522313 0.116667
vt 0.520877 0.637457
vt 0.519834 0.633333
vt 0.520877 0.637456
vt 0.521955 0.641718
vt 0.525000 0.488416
vt 0.522904 0.486057
vt 0.530451 0.494549
vt 0.524999 0.488415
vt 0.535295 0.500000
vt 0.532304 0.496634
vt 0.530451 0.494549
vt 0.536125 0.500935
vt 0.535295 0.500000
vt 0.500000 0.500000
vt 0.550000 0.525000
vt 0.526798 0.525175
vt 0.529567 0.526540
vt 0.536432 0.529923
vt 0.542223 0.532777
vt 0.526442 0.525000
vt 0.550000 0.536610
vt 0.542223 0.532777
vt 0.544141 0.533723
vt 0.546066 0.534671
vt 0.549819 0.536521
vt 0.557458 0.536111
vt 0.563364 0.525000
vt 0.550000 0.536610
vt 0.555700 0.539419
vt 0.563692 0.524383
vt 0.561775 0.523438
vt 0.556121 0.520651
vt 0.554934 0.520066
vt 0.563364 0.525000
vt 0.550000 0.517635
vt 0.554934 0.520066
vt 0.554580 0.519892
vt 0.554058 0.519635
vt 0.526442 0.525000
vt 0.550000 0.517635
vt 0.547385 0.516346
vt 0.544423 0.514887
vt 0.540189 0.512800
vt 0.538187 0.511813
vt 0.525476 0.524524
vt 0.525476 0.524524
vt 0.538187 0.511813
vt 0.534789 0.510139
vt 0.532994 0.509254
vt 0.527697 0.506644
vt 0.525799 0.505708
vt 0.525155 0.505391
vt 0.525000 0.505314
vt 0.525000 0.524289
vt 0.514993 0.519358
vt 0.517163 0.520427
vt 0.521396 0.522513
vt 0.525000 0.524289
vt 0.525000 0.505314
vt 0.521440 0.503560
vt 0.508729 0.516271
vt 0.514216 0.500000
vt 0.500000 0.511969
vt 0.500419 0.512175
vt 0.507529 0.515679
vt 0.508729 0.516271
vt 0.521440 0.503560
vt 0.518603 0.502162
vt 0.515521 0.500643
vt 0.504693 0.495307
vt 0.514216 0.500000
vt 0.511408 0.498616
vt 0.505887 0.495895
vt 0.500606 0.493293
vt 0.500000 0.495493
vt 0.504693 0.495307
vt 0.504213 0.495070
vt 0.499601 0.496941
vt 0.498759 0.500000
vt 0.500000 0.495493
vt 0.498287 0.501713
vt 0.498759 0.500000
vt 0.496004 0.510000
vt 0.497895 0.510931
vt 0.500000 0.511969
vt 0.498287 0.501713
vt 0.498029 0.502650
vt 0.492876 0.016667
vt 0.492570 0.015763
vt 0.493868 0.733333
vt 0.494996 0.730004
vt 0.509447 0.065553
vt 0.508333 0.062268
vt 0.498526 0.033333
vt 0.496789 0.028211
vt 0.492876 0.016667
vt 0.496789 0.028211
vt 0.495256 0.023686
vt 0.492570 0.015763
vt 0.492363 0.015151
vt 0.491667 0.013098
vt 0.491667 0.739826
vt 0.493868 0.733333
vt 0.494996 0.730004
vt 0.496121 0.726685
vt 0.499517 0.716666
vt 0.509824 0.066667
vt 0.509447 0.065553
vt 0.501009 0.040658
vt 0.504175 0.050000
vt 0.502183 0.044122
vt 0.508333 0.062268
vt 0.505228 0.053106
vt 0.501009 0.040658
vt 0.498526 0.033333
vt 0.491667 0.013098
vt 0.488351 0.003316
vt 0.488351 0.003316
vt 0.487227 0.000000
vt 0.487227 1.000000
vt 0.487268 0.989733
vt 0.488000 0.804996
vt 0.491667 0.739826
vt 0.488218 0.750000
vt 0.491561 0.740139
vt 0.499517 0.716666
vt 0.503542 0.704791
vt 0.508333 0.690656
vt 0.510816 0.683333
vt 0.516465 0.666667
vt 0.512088 0.679578
vt 0.515761 0.668742
vt 0.510816 0.683333
vt 0.512088 0.679578
vt 0.516465 0.666667
vt 0.520634 0.654366
vt 0.509824 0.066667
vt 0.513666 0.078001
vt 0.512003 0.073093
vt 0.509915 0.066935
vt 0.521123 0.100000
vt 0.517885 0.090448
vt 0.515474 0.083333
vt 0.513666 0.078001
vt 0.505228 0.053106
vt 0.504175 0.050000
vt 0.488000 0.804996
vt 0.488218 0.750000
vt 0.503542 0.704791
vt 0.505166 0.700000
vt 0.508333 0.690656
vt 0.505166 0.700000
vt 0.505375 0.699385
vt 0.505941 0.697714
vt 0.506220 0.696890
vt 0.520634 0.654366
vt 0.520880 0.653641
vt 0.522114 0.650000
vt 0.522114 0.650000
vt 0.523223 0.646729
vt 0.521123 0.100000
vt 0.522104 0.102896
vt 0.521823 0.102065
vt 0.517885 0.090448
vt 0.516238 0.085590
vt 0.515474 0.083333
vt 0.524219 0.109135
vt 0.522104 0.102896
vt 0.512504 0.497069
vt 0.505466 0.500000
vt 0.505466 0.500000
vt 0.504570 0.500374
vt 0.502929 0.501057
vt 0.500000 0.502277
vt 0.496506 0.503732
vt 0.500000 0.502277
vt 0.498614 0.502854
vn 0.849457 -0.525328 0.049530
vn 0.849457 -0.525328 0.049530
vn 0.849456 -0.525330 0.049524
vn 0.849458 -0.525327 0.049532
vn 0.849457 -0.525328 0.049530
vn 0.849456 -0.525329 0.049528
vn 0.849456 -0.525330 0.049531
vn 0.849455 -0.525332 0.049534
vn 0.849459 -0.525325 0.049530
vn 0.849459 -0.525325 0.049530
vn 0.849456 -0.525329 0.049530
vn 0.849456 -0.525329 0.049530
vn 0.849456 -0.525329 0.049530
vn 0.849453 -0.525334 0.049534
vn 0.849456 -0.525330 0.049528
vn 0.849453 -0.525335 0.049529
vn 0.849458 -0.525327 0.049534
vn 0.849454 -0.525333 0.049529
vn 0.849457 -0.525329 0.049530
vn 0.849458 -0.525328 0.049530
vn 0.849454 -0.525332 0.049530
vn 0.849456 -0.525330 0.049529
vn 0.849458 -0.525327 0.049531
vn 0.849457 -0.525328 0.049529
vn 0.849457 -0.525327 0.049530
vn 0.849457 -0.525329 0.049531
vn 0.849446 -0.525344 0.049542
vn 0.849457 -0.525328 0.049529
vn 0.849460 -0.525324 0.049528
vn 0.849457 -0.525329 0.049531
vn 0.849457 -0.525328 0.049529
vn 0.849458 -0.525326 0.049530
vn 0.849458 -0.525326 0.049529
vn 0.849457 -0.525328 0.049530
vn 0.849458 -0.525327 0.049530
vn 0.849457 -0.525329 0.049530
vn 0.849457 -0.525328 0.049529
vn 0.849457 -0.525328 0.049531
vn 0.849456 -0.525329 0.049530
vn 0.849458 -0.525327 0.049530
vn 0.849457 -0.525328 0.049530
vn 0.849458 -0.525327 0.049530
vn 0.849457 -0.525329 0.049530
vn 0.849457 -0.525328 0.049529
vn 0.849458 -0.525326 0.049535
vn 0.849458 -0.525326 0.049532
vn 0.849457 -0.525328 0.049530
vn 0.849458 -0.525327 0.049531
vn 0.849457 -0.525328 0.049528
vn 0.849458 -0.525327 0.049529
vn 0.849456 -0.525330 0.049531
vn 0.849458 -0.525326 0.049530
vn 0.849459 -0.525326 0.049529
vn 0.849449 -0.525340 0.049538
vn 0.849457 -0.525329 0.049529
vn 0.849457 -0.525328 0.049529
vn 0.248180 0.904703 0.346293
vn 0.248180 0.904706 0.346285
vn 0.248179 0.904703 0.346293
vn 0.248169 0.904711 0.346282
vn 0.248181 0.904712 0.346270
vn 0.248178 0.904703 0.346296
vn 0.248179 0.904704 0.346291
vn 0.248179 0.904704 0.346291
vn 0.248184 0.904703 0.346292
vn 0.248181 0.904702 0.346295
vn 0.248181 0.904704 0.346289
vn 0.248179 0.904705 0.346291
vn 0.248179 0.904704 0.346291
vn 0.248179 0.904704 0.346292
vn 0.248177 0.904702 0.346300
vn 0.248179 0.904704 0.346293
vn 0.248179 0.904702 0.346296
vn 0.248181 0.904710 0.346274
vn 0.248179 0.904703 0.346295
vn 0.248182 0.904706 0.346284
vn 0.248184 0.904714 0.346263
vn 0.248178 0.904703 0.346294
vn 0.000000 0.000000 1.000000
vn 0.000000 0.000000 1.000000
vn 0.000000 0.000000 1.000000
vn 0.000000 0.000000 -1.000000
vn 0.000000 0.000000 -1.000000
vn 0.000000 0.000000 -1.000000
vn 0.000000 0.000000 1.000000
vn 0.000000 0.000000 1.000000
vn 0.000000 0.000000 1.000000
vn 0.000000 0.000000 1.000000
vn 0.000000 0.000000 1.000000
vn 0.000000 0.000000 1.000000
vn 0.000000 0.000000 1.000000
vn 0.000000 0.000000 1.000000
vn 0.000000 0.000000 1.000000
vn 0.000000 0.000000 -1.000000
vn 0.000000 0.000000 -1.000000
vn 0.000000 0.000000 -1.000000
vn 0.000000 0.000000 -1.000000
vn 0.000000 0.000000 1.000000
vn 0.000000 0.000000 1.000000
vn 0.000000 0.000000 1.000000
vn 0.000000 0.000000 1.000000
vn 0.000000 0.000000 1.000000
vn 0.000000 0.000000 1.000000
vn 0.000000 0.000000 1.000000
vn 0.000000 0.000000 1.000000
vn 0.000000 0.000000 1.000000
vn 0.000000 0.000000 1.000000
vn 0.000000 0.000000 1.000000
vn 0.000000 0.000000 1.000000
vn 0.000000 0.000000 1.000000
vn 0.000000 0.000000 1.000000
vn 0.000000 0.000000 1.000000
vn -0.940418 0.118515 0.318697
vn -0.940418 0.118509 0.318700
vn -0.940418 0.118512 0.318700
vn -0.940418 0.118519 0.318696
vn 0.000000 -1.000000 0.000000
vn 0.000000 -1.000000 -0.000000
vn 0.000000 -1.000000 0.000000
vn 0.000000 -1.000000 0.000000
vn 0.000000 -1.000000 -0.000000
vn 0.000000 0.000000 -1.000000
vn 0.000000 0.000000 -1.000000
vn 0.000000 0.000000 -1.000000
vn 0.000000 0.000000 -1.000000
vn 0.000000 0.000000 -1.000000
vn 0.000000 0.000000 -1.000000
vn 0.000000 0.000000 -1.000000
vn 0.000000 0.000000 -1.000000
vn 0.000000 0.000000 -1.000000
vn 0.000000 0.000000 -1.000000
vn 0.000000 0.000000 -1.000000
vn 0.000000 0.000000 -1.000000
vn 0.000000 0.000000 -1.000000
vn 0.000000 0.000000 -1.000000
vn 0.000000 0.000000 -1.000000
vn 0.000000 0.000000 1.000000
vn 0.000000 0.000000 1.000000
vn 0.000000 0.000000 1.000000
vn 0.000000 0.000000 1.000000
vn 0.000000 0.000000 1.000000
vn 0.000000 0.000000 1.000000
vn 0.000000 0.000000 1.000000
vn 0.000000 0.000000 1.000000
vn 0.000000 0.000000 1.000000
vn 0.000000 0.000000 1.000000
vn 0.000000 0.000000 1.000000
vn 0.000000 0.000000 1.000000
vn -0.940418 0.118514 0.318698
vn -0.940418 0.118514 0.318698
vn -0.940417 0.118512 0.318701
vn -0.940418 0.118514 0.318698
vn -0.940418 0.118514 0.318698
vn -0.940418 0.118513 0.318699
vn 0.000000 -1.000000 0.000000
vn 0.000000 -1.000000 0.000000
vn 0.000000 -1.000000 0.000000
vn 0.000000 -1.000000 0.000000
vn 0.000000 -1.000000 0.000000
vn -0.940418 0.118513 0.318698
vn -0.940419 0.118513 0.318696
vn -0.940417 0.118515 0.318702
vn -0.940418 0.118515 0.318697
vn -0.940433 0.118379 0.318703
vn -0.940417 0.118515 0.318699
vn 0.000000 0.000000 -1.000000
vn 0.000000 0.000000 -1.000000
vn 0.000000 0.000000 -1.000000
vn 0.000000 0.000000 -1.000000
vn 0.000000 0.000000 -1.000000
vn 0.000000 0.000000 -1.000000
vn 0.000000 0.000000 -1.000000
vn 0.000000 0.000000 -1.000000
vn 0.000000 0.000000 -1.000000
vn 0.000000 0.000000 -1.000000
vn 0.000000 0.000000 -1.000000
vn 0.000000 0.000000 -1.000000
vn 0.000000 0.000000 -1.000000
vn 0.000000 0.000000 -1.000000
vn 0.000000 0.000000 1.000000
vn 0.000000 0.000000 1.000000
vn 0.000000 0.000000 1.000000
vn 0.000000 0.000000 1.000000
vn 0.000000 0.000000 1.000000
vn 0.000000 0.000000 1.000000
vn 0.000000 0.000000 1.000000
vn 0.000000 0.000000 1.000000
vn 0.000000 0.000000 1.000000
vn -0.940418 0.118514 0.318698
vn -0.940418 0.118514 0.318698
vn -0.940418 0.118513 0.318699
vn -0.940418 0.118515 0.318698
vn -0.940418 0.118514 0.318698
vn -0.940418 0.118512 0.318698
vn 0.000000 0.000000 -1.000000
vn 0.000000 0.000000 -1.000000
vn 0.000000 0.000000 -1.000000
vn 0.000000 0.000000 -1.000000
vn 0.000000 0.000000 -1.000000
vn 0.000000 0.000000 1.000000
vn 0.000000 0.000000 1.000000
vn 0.000000 0.000000 1.000000
vn 0.000000 0.000000 1.000000
vn 0.000000 0.000000 1.000000
vn 0.000000 0.000000 1.000000
vn -0.940418 0.118514 0.318698
vn -0.940418 0.118515 0.318698
vn -0.940418 0.118514 0.318697
vn -0.940418 0.118513 0.318700
vn -0.940418 0.118515 0.318697
vn -0.940418 0.118513 0.318698
vn -0.940418 0.118513 0.318699
vn 0.000000 0.000000 -1.000000
vn 0.000000 0.000000 -1.000000
vn 0.000000 0.000000 -1.000000
vn 0.000000 0.000000 -1.000000
vn 0.000000 0.000000 -1.000000
vn 0.000000 0.000000 -1.000000
vn 0.000000 0.000000 -1.000000
vn 0.000000 0.000000 -1.000000
vn 0.000000 0.000000 -1.000000
vn 0.000000 0.000000 -1.000000
vn 0.000000 0.000000 -1.000000
vn 0.000000 0.000000 1.000000
vn 0.000000 0.000000 1.000000
vn 0.000000 0.000000 1.000000
vn 0.000000 0.000000 1.000000
vn 0.000000 0.000000 1.000000
vn -0.940417 0.118514 0.318700
vn -0.940417 0.118515 0.318701
vn -0.940417 0.118512 0.318701
vn -0.940417 0.118512 0.318701
vn -0.940418 0.118514 0.318699
vn -0.940418 0.118516 0.318696
vn -0.940418 0.118513 0.318698
vn -0.940418 0.118514 0.318698
vn 0.000000 0.000000 -1.000000
vn 0.000000 0.000000 -1.000000
vn 0.000000 0.000000 -1.000000
vn 0.000000 0.000000 -1.000000
vn 0.000000 0.000000 -1.000000
vn 0.000000 0.000000 -1.000000
vn 0.000000 0.000000 1.000000
vn 0.000000 0.000000 1.000000
vn 0.000000 0.000000 1.000000
vn 0.000000 0.000000 1.000000
vn 0.000000 0.000000 1.000000
vn -0.940418 0.118513 0.318697
vn -0.940416 0.118506 0.318707
vn 0.000000 0.000000 1.000000
vn 0.000000 0.000000 1.000000
vn 0.000000 0.000000 1.000000
vn 0.000000 0.000000 1.000000
vn -0.940418 0.118514 0.318698
vn -0.940418 0.118514 0.318698
vn -0.940418 0.118515 0.318699
vn -0.940418 0.118513 0.318699
vn -0.940418 0.118512 0.318699
vn 0.000000 0.000000 -1.000000
vn 0.000000 0.000000 -1.000000
vn 0.000000 0.000000 -1.000000
vn 0.000000 0.000000 -1.000000
vn 0.000000 0.000000 -1.000000
vn 0.000000 0.000000 -1.000000
vn 0.000000 0.000000 -1.000000
vn 0.000000 0.000000 1.000000
vn 0.000000 0.000000 1.000000
vn 0.000000 0.000000 1.000000
vn 0.000000 0.000000 1.000000
vn 0.000000 0.000000 1.000000
vn 0.000000 0.000000 1.000000
vn -0.940416 0.118515 0.318704
vn -0.940418 0.118513 0.318697
vn -0.940418 0.118514 0.318698
vn -0.940418 0.118514 0.318699
vn -0.940418 0.118513 0.318698
vn -0.940418 0.118513 0.318698
vn -0.940418 0.118513 0.318699
vn -0.940418 0.118513 0.318699
vn -0.940418 0.118516 0.318697
vn -0.940418 0.118513 0.318699
vn 0.000000 0.000000 -1.000000
vn 0.000000 0.000000 -1.000000
vn 0.000000 0.000000 -1.000000
vn 0.000000 0.000000 -1.000000
vn 0.000000 0.000000 -1.000000
vn 0.000000 0.000000 -1.000000
vn 0.000000 0.000000 -1.000000
vn 0.000000 0.000000 -1.000000
vn 0.000000 0.000000 -1.000000
vn 0.000000 0.000000 -1.000000
vn 0.000000 0.000000 1.000000
vn 0.000000 0.000000 1.000000
vn 0.000000 0.000000 1.000000
vn 0.000000 0.000000 1.000000
vn 0.000000 0.000000 1.000000
vn 0.000000 0.000000 1.000000
vn 0.000000 0.000000 1.000000
vn 0.000000 0.000000 1.000000
vn -0.940418 0.118514 0.318699
vn -0.940418 0.118514 0.318698
vn -0.940419 0.118515 0.318695
vn -0.940418 0.118513 0.318699
vn -0.940417 0.118515 0.318699
vn -0.940418 0.118514 0.318698
vn -0.940418 0.118514 0.318699
vn -0.940418 0.118514 0.318699
vn -0.940418 0.118514 0.318698
vn -0.940417 0.118512 0.318702
vn -0.940418 0.118514 0.318699
vn -0.940418 0.118514 0.318698
vn -0.940418 0.118514 0.318698
vn -0.940417 0.118517 0.318700
vn -0.940409 0.118511 0.318726
vn -0.940413 0.118513 0.318712
vn 0.000000 0.000000 -1.000000
vn 0.000000 0.000000 -1.000000
vn 0.000000 0.000000 -1.000000
vn 0.000000 0.000000 -1.000000
vn 0.000000 0.000000 -1.000000
vn 0.000000 0.000000 -1.000000
vn 0.000000 0.000000 -1.000000
vn 0.000000 0.000000 -1.000000
vn 0.000000 0.000000 -1.000000
vn 0.000000 0.000000 -1.000000
vn 0.000000 0.000000 -1.000000
vn 0.900066 0.415500 -0.131302
vn 0.900068 0.415496 -0.131306
vn 0.900068 0.415495 -0.131307
vn 0.900068 0.415497 -0.131305
vn 0.900068 0.415495 -0.131305
vn 0.900068 0.415495 -0.131305
vn 0.900068 0.415496 -0.131306
vn 0.900068 0.415495 -0.131306
vn 0.900068 0.415496 -0.131306
vn 0.900068 0.415495 -0.131306
vn 0.900067 0.415498 -0.131304
vn 0.900069 0.415494 -0.131306
vn 0.900069 0.415494 -0.131306
vn 0.900069 0.415494 -0.131305
vn 0.900067 0.415497 -0.131306
vn 0.900068 0.415495 -0.131306
vn 0.900068 0.415495 -0.131306
vn 0.900067 0.415498 -0.131305
vn 0.900068 0.415495 -0.131306
vn 0.900068 0.415495 -0.131305
vn 0.900069 0.415493 -0.131306
vn 0.900068 0.415496 -0.131306
vn 0.900068 0.415495 -0.131306
vn 0.900068 0.415496 -0.131307
vn 0.900068 0.415496 -0.131306
vn 0.900067 0.415497 -0.131306
vn 0.900067 0.415497 -0.131308
vn 0.900068 0.415495 -0.131306
vn 0.900068 0.415495 -0.131306
vn 0.900068 0.415495 -0.131305
vn 0.900069 0.415494 -0.131306
vn 0.900068 0.415496 -0.131307
vn 0.900069 0.415494 -0.131304
vn 0.900070 0.415492 -0.131304
vn 0.900068 0.415495 -0.131308
s 1
g solidShatter1 shard8
usemtl shatterInteriorSG1
f 1461/3357/2323 1462/3352/2324 1466/3353/2325
f 1466/3353/2325 1462/3352/2324 1465/3354/2326
f 1465/3354/2326 1462/3352/2324 1464/3355/2327
f 1462/3352/2324 1463/3356/2328 1464/3355/2327
f 1470/3358/2329 1467/3362/2330 1462/3352/2324
f 1467/3362/2330 1468/3361/2331 1462/3352/2324
f 1463/3359/2328 1462/3352/2324 1469/3360/2332
f 1468/3361/2331 1469/3360/2332 1462/3352/2324
f 1472/3364/2333 1473/3363/2334 1462/3352/2324
f 1471/3366/2335 1470/3365/2329 1473/3363/2334
f 1470/3365/2329 1462/3352/2324 1473/3363/2334
f 1477/3367/2336 1472/3371/2333 1476/3368/2337
f 1472/3371/2333 1462/3352/2324 1476/3368/2337
f 1474/3370/2338 1475/3369/2339 1462/3352/2324
f 1462/3352/2324 1475/3369/2339 1476/3368/2337
f 1474/3373/2338 1462/3352/2324 1479/3374/2340
f 1479/3374/2340 1462/3352/2324 1478/3375/2341
f 1478/3375/2341 1462/3352/2324 1480/3372/2342
f 1481/3382/2343 1482/3381/2344 1461/3376/2323
f 1462/3352/2324 1461/3376/2323 1480/3377/2342
f 1480/3377/2342 1461/3376/2323 1485/3378/2345
f 1485/3378/2345 1461/3376/2323 1484/3379/2346
f 1484/3379/2346 1461/3376/2323 1483/3380/2347
f 1482/3381/2344 1483/3380/2347 1461/3376/2323
f 1487/3390/2348 1488/3389/2349 1486/3391/2350
f 1488/3389/2349 1489/3388/2351 1486/3391/2350
f 1489/3388/2351 1490/3387/2352 1486/3391/2350
f 1482/3384/2344 1481/3383/2343 1492/3385/2353
f 1490/3387/2352 1491/3386/2354 1486/3391/2350
f 1492/3385/2353 1481/3383/2343 1491/3386/2354
f 1486/3391/2350 1491/3386/2354 1481/3383/2343
f 1486/3395/2350 1495/3394/2355 1487/3396/2348
f 1493/3398/2356 1494/3397/2357 1497/3392/2358
f 1495/3394/2355 1496/3393/2359 1487/3396/2348
f 1494/3397/2357 1487/3396/2348 1497/3392/2358
f 1487/3396/2348 1496/3393/2359 1497/3392/2358
f 1494/3404/2357 1493/3403/2356 1499/3405/2360
f 1499/3405/2360 1493/3403/2356 1498/3406/2361
f 1493/3403/2356 1500/3402/2362 1498/3406/2361
f 1498/3406/2361 1500/3402/2362 1504/3399/2363
f 1504/3399/2363 1500/3402/2362 1503/3351/2364
f 1502/3400/2365 1503/3351/2364 1501/3401/2366
f 1500/3402/2362 1501/3401/2366 1503/3351/2364
f 1504/3408/2363 1503/3351/2364 1506/3409/2367
f 1507/3407/2368 1505/3410/2369 1503/3351/2364
f 1505/3410/2369 1506/3409/2367 1503/3351/2364
f 1503/3351/2364 1509/3412/2370 1507/3413/2368
f 1507/3413/2368 1509/3412/2370 1508/3414/2371
f 1508/3414/2371 1509/3412/2370 1510/3411/2372
f 1509/3417/2370 1503/3351/2364 1512/3415/2373
f 1512/3415/2373 1503/3351/2364 1511/3416/2374
f 1511/3419/2374 1503/3351/2364 1513/3418/2375
f 1503/3351/2364 1502/3422/2365 1513/3423/2375
f 1513/3423/2375 1502/3422/2365 1514/3424/2376
f 1502/3422/2365 1515/3421/2377 1514/3424/2376
f 1514/3424/2376 1515/3421/2377 1516/3420/2378
s 7
f 1517/3350/2379 1518/3349/2380 1519/3219/2381
f 1520/3222/2382 1521/3221/2383 1522/3220/2384
f 1526/3224/2385 1527/3223/2386 1525/3225/2387
f 1527/3223/2386 1523/3229/2388 1525/3225/2387
f 1520/3227/2382 1524/3226/2389 1521/3228/2383
f 1521/3228/2383 1524/3226/2389 1523/3229/2388
f 1523/3229/2388 1524/3226/2389 1525/3225/2387
f 1531/3231/2390 1528/3348/2391 1526/3232/2385
f 1528/3348/2391 1529/3347/2392 1526/3232/2385
f 1526/3232/2385 1529/3347/2392 1527/3233/2386
f 1527/3233/2386 1529/3347/2392 1530/3234/2393
f 1530/3234/2393 1529/3347/2392 1519/3230/2381
f 1529/3347/2392 1517/3346/2379 1519/3230/2381
f 1528/3344/2391 1531/3239/2390 1532/3345/2394
f 1532/3345/2394 1531/3239/2390 1537/3240/2395
f 1537/3240/2395 1531/3239/2390 1536/3235/2396
f 1536/3235/2396 1531/3239/2390 1535/3236/2397
f 1531/3239/2390 1533/3238/2398 1535/3236/2397
f 1533/3238/2398 1534/3237/2399 1535/3236/2397
f 1538/3343/2400 1532/3342/2394 1537/3241/2395
s 11
usemtl initialShadingGroup
f 1479/3426/2401 1478/3425/2402 1539/3006/2403
s 12
f 1469/3428/2404 1468/3427/2405 1540/3036/2406
s 11
f 1490/3430/2407 1489/3429/2408 1541/3010/2409
f 1485/3432/2410 1484/3431/2411 1542/3007/2412
f 1485/3434/2410 1542/3007/2412 1480/3435/2413
f 1539/3006/2403 1478/3433/2402 1542/3007/2412
f 1480/3435/2413 1542/3007/2412 1478/3433/2402
f 1475/3438/2414 1474/3437/2415 1539/3006/2403
f 1539/3006/2403 1474/3437/2415 1479/3436/2401
s 12
f 1468/3440/2405 1467/3439/2416 1540/3036/2406
f 1464/3443/2417 1463/3442/2418 1543/3035/2419
f 1540/3036/2406 1543/3035/2419 1469/3441/2404
f 1463/3442/2418 1469/3441/2404 1543/3035/2419
s 11
f 1489/3445/2408 1488/3444/2420 1541/3010/2409
f 1492/3447/2421 1544/3008/2422 1482/3448/2423
f 1482/3448/2423 1544/3008/2422 1483/3446/2424
f 1541/3010/2409 1545/3009/2425 1490/3449/2407
f 1491/3450/2426 1490/3449/2407 1545/3009/2425
f 1484/3452/2411 1483/3451/2424 1542/3007/2412
f 1542/3007/2412 1483/3451/2424 1544/3008/2422
f 1546/3127/2427 1547/3126/2428 1542/3007/2412
f 1542/3007/2412 1547/3126/2428 1539/3006/2403
f 1547/3129/2428 1548/3128/2429 1539/3006/2403
f 1539/3006/2403 1548/3131/2429 1475/3453/2414
f 1475/3453/2414 1548/3131/2429 1476/3454/2430
f 1476/3454/2430 1548/3131/2429 1549/3130/2431
f 1549/3134/2431 1550/3133/2432 1476/3455/2430
f 1476/3455/2430 1550/3133/2432 1477/3456/2433
f 1477/3456/2433 1550/3133/2432 1551/3132/2434
s 17
usemtl shatterInteriorSG1
f 1552/3088/2435 1553/3087/2436 1550/3089/2437
f 1550/3089/2437 1553/3087/2436 1551/3086/2438
s 18
usemtl initialShadingGroup
f 1477/3457/2439 1551/3136/2440 1472/3458/2441
f 1472/3458/2441 1551/3136/2440 1473/3459/2442
f 1473/3459/2442 1551/3136/2440 1553/3135/2443
s 12
f 1540/3036/2406 1467/3460/2416 1555/3142/2444
f 1467/3460/2416 1470/3462/2445 1555/3142/2444
f 1554/3143/2446 1555/3142/2444 1471/3461/2447
f 1470/3462/2445 1471/3461/2447 1555/3142/2444
f 1555/3145/2444 1556/3144/2448 1540/3036/2406
f 1556/3147/2448 1557/3146/2449 1540/3036/2406
f 1557/3146/2449 1543/3035/2419 1540/3036/2406
f 1465/3464/2450 1464/3463/2417 1543/3035/2419
f 1496/3466/2451 1495/3465/2452 1558/3033/2453
f 1500/3467/2454 1493/3469/2455 1559/3031/2456
f 1558/3033/2453 1559/3031/2456 1497/3468/2457
f 1493/3469/2455 1497/3468/2457 1559/3031/2456
f 1497/3471/2457 1496/3470/2451 1558/3033/2453
f 1501/3473/2458 1500/3472/2454 1559/3031/2456
s 11
f 1499/3475/2459 1560/3012/2460 1494/3476/2461
f 1541/3010/2409 1488/3474/2420 1560/3012/2460
f 1488/3474/2420 1487/3477/2462 1560/3012/2460
f 1487/3477/2462 1494/3476/2461 1560/3012/2460
f 1506/3479/2463 1505/3478/2464 1561/3014/2465
f 1499/3481/2459 1498/3480/2466 1560/3012/2460
f 1492/3483/2421 1491/3482/2426 1544/3008/2422
f 1544/3008/2422 1491/3482/2426 1545/3009/2425
f 1545/3009/2425 1541/3010/2409 1562/3011/2467
f 1563/3122/2468 1564/3121/2469 1544/3008/2422
f 1544/3008/2422 1564/3121/2469 1542/3007/2412
f 1564/3125/2469 1565/3124/2470 1542/3007/2412
f 1565/3124/2470 1546/3123/2427 1542/3007/2412
s 17
usemtl shatterInteriorSG1
f 1565/3097/2471 1566/3096/2472 1546/3090/2473
f 1546/3090/2473 1566/3096/2472 1547/3091/2474
f 1547/3091/2474 1566/3096/2472 1548/3092/2475
f 1566/3096/2472 1552/3095/2435 1548/3092/2475
f 1548/3092/2475 1552/3095/2435 1549/3093/2476
f 1552/3095/2435 1550/3094/2437 1549/3093/2476
s 18
usemtl initialShadingGroup
f 1553/3139/2443 1552/3138/2477 1473/3484/2442
f 1554/3140/2478 1471/3485/2479 1567/3141/2480
f 1471/3485/2479 1473/3484/2442 1567/3141/2480
f 1567/3141/2480 1473/3484/2442 1566/3137/2481
f 1473/3484/2442 1552/3138/2477 1566/3137/2481
s 17
usemtl shatterInteriorSG1
f 1568/3080/2482 1557/3085/2483 1567/3081/2484
f 1557/3085/2483 1556/3084/2485 1567/3081/2484
f 1554/3082/2486 1567/3081/2484 1555/3083/2487
f 1556/3084/2485 1555/3083/2487 1567/3081/2484
s 12
usemtl initialShadingGroup
f 1569/3149/2488 1543/3035/2419 1568/3150/2489
f 1568/3150/2489 1543/3035/2419 1557/3148/2449
f 1466/3487/2490 1465/3486/2450 1570/3034/2491
f 1570/3034/2491 1465/3486/2450 1543/3035/2419
f 1558/3033/2453 1495/3488/2452 1570/3034/2491
f 1495/3488/2452 1486/3492/2492 1570/3034/2491
f 1486/3492/2492 1481/3491/2493 1570/3034/2491
f 1481/3491/2493 1461/3490/2494 1570/3034/2491
f 1461/3490/2494 1466/3489/2490 1570/3034/2491
f 1571/3032/2495 1559/3031/2456 1558/3033/2453
f 1515/3495/2496 1502/3494/2497 1572/3029/2498
f 1502/3494/2497 1501/3493/2458 1572/3029/2498
f 1501/3493/2458 1559/3031/2456 1572/3029/2498
f 1573/3340/2499 1574/3341/2500 1572/3029/2498
f 1574/3341/2500 1516/3497/2501 1572/3029/2498
f 1516/3497/2501 1515/3496/2496 1572/3029/2498
s 11
f 1562/3011/2467 1541/3010/2409 1560/3012/2460
f 1508/3499/2502 1575/3016/2503 1507/3500/2504
f 1507/3500/2504 1575/3016/2503 1505/3498/2464
f 1575/3016/2503 1561/3014/2465 1505/3498/2464
f 1506/3501/2463 1561/3014/2465 1504/3502/2505
f 1560/3012/2460 1498/3503/2466 1561/3014/2465
f 1498/3503/2466 1504/3502/2505 1561/3014/2465
f 1576/3218/2506 1577/3217/2507 1545/3009/2425
f 1577/3117/2507 1578/3116/2508 1545/3009/2425
f 1545/3009/2425 1578/3116/2508 1544/3008/2422
f 1563/3118/2468 1544/3008/2422 1579/3119/2509
f 1578/3120/2508 1579/3119/2509 1544/3008/2422
f 1580/3216/2510 1576/3215/2506 1562/3011/2467
f 1562/3011/2467 1576/3215/2506 1545/3009/2425
s 17
usemtl shatterInteriorSG1
f 1579/3099/2511 1582/3098/2512 1563/3100/2513
f 1563/3100/2513 1582/3098/2512 1564/3101/2514
f 1582/3098/2512 1581/3107/2515 1564/3101/2514
f 1564/3101/2514 1581/3107/2515 1565/3102/2471
f 1581/3107/2515 1569/3106/2516 1565/3102/2471
f 1569/3106/2516 1568/3105/2482 1565/3102/2471
f 1567/3104/2484 1566/3103/2472 1568/3105/2482
f 1568/3105/2482 1566/3103/2472 1565/3102/2471
s 12
usemtl initialShadingGroup
f 1569/3152/2488 1581/3151/2517 1543/3035/2419
f 1543/3035/2419 1581/3151/2517 1570/3034/2491
f 1571/3032/2495 1558/3033/2453 1570/3034/2491
f 1583/3030/2518 1559/3031/2456 1571/3032/2495
f 1583/3030/2518 1572/3029/2498 1559/3031/2456
f 1584/3028/2519 1585/3027/2520 1572/3029/2498
f 1586/3339/2521 1573/3338/2499 1585/3027/2520
f 1585/3027/2520 1573/3338/2499 1572/3029/2498
s 11
f 1510/3504/2522 1587/3337/2523 1508/3505/2502
f 1508/3505/2502 1587/3337/2523 1575/3016/2503
f 1562/3011/2467 1560/3012/2460 1588/3013/2524
f 1589/3214/2525 1590/3213/2526 1562/3011/2467
f 1590/3213/2526 1580/3212/2510 1562/3011/2467
f 1591/3015/2527 1561/3014/2465 1575/3016/2503
f 1588/3013/2524 1560/3012/2460 1561/3014/2465
s 17
usemtl shatterInteriorSG1
f 1592/3038/2528 1593/3112/2529 1590/3113/2530
f 1590/3113/2530 1593/3112/2529 1580/3114/2531
f 1580/3114/2531 1593/3112/2529 1576/3115/2532
f 1576/3115/2532 1593/3112/2529 1577/3108/2533
f 1577/3108/2533 1593/3112/2529 1578/3109/2534
f 1578/3109/2534 1593/3112/2529 1579/3110/2511
f 1593/3112/2529 1582/3111/2512 1579/3110/2511
s 12
usemtl initialShadingGroup
f 1581/3154/2517 1582/3153/2535 1570/3034/2491
f 1582/3153/2535 1593/3156/2536 1570/3034/2491
f 1593/3156/2536 1594/3155/2537 1570/3034/2491
f 1594/3158/2537 1595/3157/2538 1570/3034/2491
f 1570/3034/2491 1595/3157/2538 1571/3032/2495
f 1595/3160/2538 1596/3159/2539 1571/3032/2495
f 1596/3162/2539 1597/3161/2540 1571/3032/2495
f 1571/3032/2495 1597/3161/2540 1583/3030/2518
f 1597/3164/2540 1598/3163/2541 1583/3030/2518
f 1584/3028/2519 1572/3029/2498 1583/3030/2518
f 1599/3026/2542 1585/3027/2520 1584/3028/2519
f 1599/3026/2542 1600/3025/2543 1585/3027/2520
f 1602/3334/2544 1601/3336/2545 1585/3027/2520
f 1601/3336/2545 1586/3335/2521 1585/3027/2520
s 11
f 1587/3333/2523 1603/3332/2546 1575/3016/2503
f 1575/3016/2503 1603/3332/2546 1604/3018/2547
f 1605/3017/2548 1575/3016/2503 1604/3018/2547
f 1562/3011/2467 1588/3013/2524 1589/3209/2525
f 1589/3209/2525 1588/3013/2524 1607/3210/2549
f 1606/3211/2550 1607/3210/2549 1588/3013/2524
s 17
usemtl shatterInteriorSG1
f 1607/3041/2551 1592/3038/2528 1589/3039/2552
f 1589/3039/2552 1592/3038/2528 1590/3040/2530
s 11
usemtl initialShadingGroup
f 1591/3015/2527 1575/3016/2503 1605/3017/2548
f 1588/3013/2524 1561/3014/2465 1591/3015/2527
s 17
usemtl shatterInteriorSG1
f 1593/3074/2529 1592/3038/2528 1594/3075/2553
f 1594/3075/2553 1592/3038/2528 1595/3076/2554
f 1595/3076/2554 1592/3038/2528 1596/3077/2555
f 1596/3077/2555 1592/3038/2528 1597/3078/2556
f 1597/3078/2556 1592/3038/2528 1598/3079/2557
f 1598/3079/2557 1592/3038/2528 1608/3073/2558
s 12
usemtl initialShadingGroup
f 1584/3028/2519 1583/3030/2518 1609/3165/2559
f 1609/3165/2559 1583/3030/2518 1608/3166/2560
f 1598/3167/2541 1608/3166/2560 1583/3030/2518
f 1609/3169/2559 1610/3168/2561 1584/3028/2519
f 1610/3171/2561 1611/3170/2562 1584/3028/2519
f 1584/3028/2519 1611/3170/2562 1599/3026/2542
f 1612/3024/2563 1600/3025/2543 1599/3026/2542
f 1613/3331/2564 1602/3330/2544 1600/3025/2543
f 1600/3025/2543 1602/3330/2544 1585/3027/2520
s 11
f 1615/3327/2565 1604/3018/2547 1614/3328/2566
f 1603/3329/2546 1614/3328/2566 1604/3018/2547
f 1605/3017/2548 1604/3018/2547 1616/3019/2567
f 1618/3206/2568 1617/3208/2569 1588/3013/2524
f 1617/3208/2569 1606/3207/2550 1588/3013/2524
s 17
usemtl shatterInteriorSG1
f 1617/3043/2570 1592/3038/2528 1606/3044/2571
f 1606/3044/2571 1592/3038/2528 1607/3042/2551
s 11
usemtl initialShadingGroup
f 1619/3199/2572 1620/3198/2573 1605/3017/2548
f 1620/3201/2573 1621/3200/2574 1605/3017/2548
f 1605/3017/2548 1621/3200/2574 1591/3015/2527
f 1621/3203/2574 1622/3202/2575 1591/3015/2527
f 1622/3205/2575 1618/3204/2568 1591/3015/2527
f 1591/3015/2527 1618/3204/2568 1588/3013/2524
s 17
usemtl shatterInteriorSG1
f 1623/3037/2576 1624/3068/2577 1592/3038/2528
f 1624/3068/2577 1611/3072/2578 1592/3038/2528
f 1611/3072/2578 1610/3071/2579 1592/3038/2528
f 1608/3069/2558 1592/3038/2528 1609/3070/2580
f 1610/3071/2579 1609/3070/2580 1592/3038/2528
s 12
usemtl initialShadingGroup
f 1611/3172/2562 1624/3174/2581 1599/3026/2542
f 1624/3174/2581 1625/3173/2582 1599/3026/2542
f 1625/3176/2582 1626/3175/2583 1599/3026/2542
f 1599/3026/2542 1626/3175/2583 1612/3024/2563
f 1626/3178/2583 1627/3177/2584 1612/3024/2563
f 1628/3022/2585 1629/3023/2586 1612/3024/2563
f 1612/3024/2563 1629/3023/2586 1600/3025/2543
f 1630/3326/2587 1613/3325/2564 1600/3025/2543
s 11
f 1615/3324/2565 1631/3323/2588 1604/3018/2547
f 1604/3018/2547 1631/3323/2588 1632/3020/2589
f 1616/3019/2567 1604/3018/2547 1632/3020/2589
f 1633/3192/2590 1634/3191/2591 1616/3019/2567
f 1634/3194/2591 1635/3193/2592 1616/3019/2567
f 1616/3019/2567 1635/3197/2592 1605/3017/2548
f 1635/3197/2592 1636/3196/2593 1605/3017/2548
f 1636/3196/2593 1619/3195/2572 1605/3017/2548
s 17
usemtl shatterInteriorSG1
f 1592/3038/2528 1617/3045/2570 1623/3037/2576
f 1617/3045/2570 1618/3051/2594 1623/3037/2576
f 1618/3051/2594 1622/3050/2595 1623/3037/2576
f 1622/3050/2595 1621/3049/2596 1623/3037/2576
f 1621/3049/2596 1620/3048/2597 1623/3037/2576
f 1620/3048/2597 1619/3047/2598 1623/3037/2576
f 1619/3047/2598 1636/3046/2599 1623/3037/2576
f 1624/3064/2577 1623/3037/2576 1625/3065/2600
f 1625/3065/2600 1623/3037/2576 1626/3066/2601
f 1626/3066/2601 1623/3037/2576 1627/3067/2602
f 1627/3067/2602 1623/3037/2576 1637/3063/2603
s 12
usemtl initialShadingGroup
f 1628/3022/2585 1612/3024/2563 1638/3179/2604
f 1638/3179/2604 1612/3024/2563 1637/3180/2605
f 1627/3181/2584 1637/3180/2605 1612/3024/2563
f 1638/3183/2604 1639/3182/2606 1628/3022/2585
f 1639/3185/2606 1640/3184/2607 1628/3022/2585
f 1628/3022/2585 1640/3184/2607 1641/3021/2608
f 1640/3187/2607 1642/3186/2609 1641/3021/2608
f 1644/3321/2610 1628/3022/2585 1643/3322/2611
f 1643/3322/2611 1628/3022/2585 1641/3021/2608
f 1644/3320/2610 1645/3319/2612 1628/3022/2585
f 1645/3319/2612 1629/3023/2586 1628/3022/2585
f 1646/3318/2613 1630/3317/2587 1629/3023/2586
f 1629/3023/2586 1630/3317/2587 1600/3025/2543
s 11
f 1631/3316/2588 1647/3315/2614 1632/3020/2589
f 1647/3315/2614 1648/3314/2615 1632/3020/2589
f 1648/3314/2615 1649/3313/2616 1632/3020/2589
f 1649/3312/2616 1538/3311/2617 1632/3020/2589
f 1538/3311/2617 1537/3243/2618 1632/3020/2589
f 1537/3243/2618 1536/3242/2619 1632/3020/2589
f 1536/3245/2619 1535/3244/2620 1632/3020/2589
f 1632/3020/2589 1535/3247/2620 1616/3019/2567
f 1616/3019/2567 1535/3247/2620 1633/3190/2590
f 1535/3247/2620 1534/3246/2621 1633/3190/2590
s 17
usemtl shatterInteriorSG1
f 1533/3248/2622 1623/3037/2576 1534/3249/2623
f 1534/3249/2623 1623/3037/2576 1633/3053/2624
f 1633/3053/2624 1623/3037/2576 1634/3054/2625
f 1634/3054/2625 1623/3037/2576 1635/3055/2626
f 1623/3037/2576 1636/3052/2599 1635/3055/2626
f 1525/3252/2627 1623/3037/2576 1526/3253/2628
f 1533/3251/2622 1531/3250/2629 1623/3037/2576
f 1526/3253/2628 1623/3037/2576 1531/3250/2629
f 1637/3058/2603 1623/3037/2576 1638/3059/2630
f 1623/3037/2576 1525/3255/2627 1638/3059/2630
f 1638/3059/2630 1525/3255/2627 1639/3060/2631
f 1639/3060/2631 1525/3255/2627 1640/3061/2632
f 1640/3061/2632 1525/3255/2627 1642/3062/2633
f 1642/3062/2633 1525/3255/2627 1650/3057/2634
f 1525/3255/2627 1524/3254/2635 1650/3057/2634
f 1522/3256/2636 1650/3056/2634 1520/3257/2637
f 1524/3258/2635 1520/3257/2637 1650/3056/2634
s 12
usemtl initialShadingGroup
f 1522/3261/2638 1521/3260/2639 1650/3188/2640
f 1642/3189/2609 1650/3188/2640 1641/3021/2608
f 1641/3021/2608 1650/3188/2640 1523/3259/2641
f 1521/3260/2639 1523/3259/2641 1650/3188/2640
f 1530/3263/2642 1641/3021/2608 1527/3264/2643
f 1527/3264/2643 1641/3021/2608 1523/3262/2641
f 1643/3309/2611 1641/3021/2608 1518/3310/2644
f 1518/3310/2644 1641/3021/2608 1519/3266/2645
f 1641/3021/2608 1530/3265/2642 1519/3266/2645
f 1645/3308/2612 1651/3307/2646 1629/3023/2586
f 1629/3023/2586 1651/3307/2646 1652/3306/2647
f 1646/3304/2613 1629/3023/2586 1653/3305/2648
f 1653/3305/2648 1629/3023/2586 1652/3303/2647
s 47
usemtl shatterInteriorSG1
f 1514/3507/2649 1516/3506/2650 1574/3302/2651
f 1647/3298/2652 1631/3297/2653 1601/3299/2654
f 1631/3297/2653 1615/3296/2655 1601/3299/2654
f 1615/3296/2655 1614/3295/2656 1601/3299/2654
f 1614/3295/2656 1512/3511/2657 1601/3299/2654
f 1512/3511/2657 1511/3510/2658 1601/3299/2654
f 1601/3299/2654 1511/3510/2658 1586/3300/2659
f 1511/3510/2658 1513/3509/2660 1586/3300/2659
f 1513/3509/2660 1514/3508/2649 1586/3300/2659
f 1586/3300/2659 1514/3508/2649 1573/3301/2661
f 1514/3508/2649 1574/3294/2651 1573/3301/2661
f 1601/3286/2654 1602/3293/2662 1647/3287/2652
f 1602/3293/2662 1613/3292/2663 1647/3287/2652
f 1613/3292/2663 1630/3291/2664 1647/3287/2652
f 1653/3289/2665 1648/3288/2666 1646/3290/2667
f 1630/3291/2664 1646/3290/2667 1647/3287/2652
f 1646/3290/2667 1648/3288/2666 1647/3287/2652
f 1648/3285/2666 1653/3284/2665 1649/3277/2668
f 1649/3277/2668 1653/3284/2665 1538/3278/2669
f 1538/3278/2669 1653/3284/2665 1532/3279/2670
f 1532/3279/2670 1653/3284/2665 1528/3280/2671
f 1653/3284/2665 1652/3283/2672 1528/3280/2671
f 1652/3283/2672 1651/3282/2673 1528/3280/2671
f 1651/3282/2673 1529/3281/2674 1528/3280/2671
f 1518/3275/2675 1517/3274/2676 1643/3276/2677
f 1651/3272/2673 1645/3271/2678 1529/3273/2674
f 1645/3271/2678 1644/3270/2679 1529/3273/2674
f 1643/3276/2677 1517/3274/2676 1644/3270/2679
f 1517/3274/2676 1529/3273/2674 1644/3270/2679
f 1614/3269/2656 1603/3268/2680 1512/3513/2657
f 1603/3268/2680 1587/3267/2681 1512/3513/2657
f 1512/3513/2657 1587/3267/2681 1509/3514/2682
f 1509/3514/2682 1587/3267/2681 1510/3512/2683
g default
v 7.353195 5.235938 -0.256858
v 7.017632 5.326032 -0.500000
v 7.146935 5.262922 -0.500000
v 7.353195 5.162256 -0.500000
v 7.353195 5.282338 -0.103744
v 5.712692 6.164753 0.166003
v 6.091450 5.778068 -0.500000
v 6.109711 5.769156 -0.500000
v 6.372768 5.640766 -0.500000
v 6.628323 5.516039 -0.500000
v 6.915310 5.375971 -0.500000
v 5.814297 5.913336 -0.500000
v 5.004391 6.354919 -0.347219
v 5.101624 6.261166 -0.500000
v 5.392334 6.119280 -0.500000
v 5.591095 6.022274 -0.500000
v 4.556805 6.786497 0.356065
v 4.895752 6.459675 -0.176515
v 4.465202 6.874823 0.500000
v 5.522751 6.358671 0.500000
v 5.392334 6.422321 0.500000
v 5.334190 6.450701 0.500000
v 5.865108 6.191580 0.500000
v 6.173645 6.040995 0.500000
v 6.435204 5.913336 0.500000
v 6.372768 5.943810 0.500000
v 7.353195 5.365532 0.170784
v 7.165970 5.556676 0.500000
v 7.353195 5.375971 0.205230
v 7.353195 5.465299 0.500000
v 5.392334 6.450701 0.500000
v 4.411915 6.988066 0.500000
v 4.411915 6.984488 0.500000
v 4.410179 6.988066 0.500000
v 4.409546 6.989365 0.500000
v 4.149082 7.525433 0.500000
v 4.328724 7.155708 0.500000
v 4.411915 7.525433 0.500000
v 4.053684 7.721779 0.500000
v 3.887989 8.062798 0.500000
v 4.411915 8.062798 0.500000
v 4.022385 8.062798 0.102690
v 3.993359 8.062798 0.188492
v 4.226250 8.062798 -0.500000
v 4.411915 8.062798 -0.500000
v 4.265297 7.982437 -0.500000
v 4.411915 7.680672 -0.500000
v 4.471481 7.558083 -0.500000
v 5.392334 8.062798 -0.500000
v 4.487343 7.525436 -0.500000
v 5.392334 7.525436 -0.500000
v 4.677666 7.133724 -0.500000
v 4.599998 7.293575 -0.500000
v 4.748440 6.988066 -0.500000
v 5.392334 6.988066 -0.500000
v 4.883854 6.709368 -0.500000
v 4.778038 6.927145 -0.500000
v 5.009533 6.450701 -0.500000
v 4.889278 6.698200 -0.500000
v 5.392334 6.450701 -0.500000
v 5.090038 6.285013 -0.500000
v 6.372768 5.913336 -0.500000
v 5.392334 6.988066 0.500000
v 5.392334 7.525433 0.500000
v 5.392334 8.062798 0.500000
v 6.372768 8.062798 -0.500000
v 6.372768 7.525436 -0.500000
v 6.372768 6.988066 -0.500000
v 6.372768 6.450701 -0.500000
v 7.353195 5.913336 -0.500000
v 7.353195 5.375971 -0.500000
v 6.372768 6.450701 0.500000
v 6.372768 8.062798 0.500000
v 7.353195 6.450701 -0.500000
v 7.353195 5.913336 0.500000
v 6.372768 6.988066 0.500000
v 6.372768 7.525433 0.500000
v 7.353195 8.062798 0.500000
v 7.353195 8.062798 -0.500000
v 7.353195 7.525436 -0.500000
v 7.353195 6.988066 -0.500000
v 7.353195 6.450701 0.500000
v 7.353195 7.525433 0.500000
v 7.353195 6.988066 0.500000
v 4.719372 6.956987 -0.369432
vt 0.625000 0.183333
vt 0.591667 0.200000
vt 0.608333 0.200000
vt 0.625000 0.200000
vt 0.575000 0.216667
vt 0.591667 0.216667
vt 0.608333 0.216667
vt 0.625000 0.216667
vt 0.575000 0.233333
vt 0.591667 0.233333
vt 0.608333 0.233333
vt 0.625000 0.233333
vt 0.575000 0.250000
vt 0.591667 0.250000
vt 0.608333 0.250000
vt 0.625000 0.250000
vt 0.575000 0.500000
vt 0.591667 0.500000
vt 0.608333 0.500000
vt 0.625000 0.500000
vt 0.591667 0.516667
vt 0.608333 0.516667
vt 0.625000 0.516667
vt 0.591667 0.533333
vt 0.608333 0.533333
vt 0.625000 0.533333
vt 0.591667 0.550000
vt 0.608333 0.550000
vt 0.625000 0.550000
vt 0.608333 0.566667
vt 0.625000 0.566667
vt 0.625000 0.583333
vt 0.875000 0.166667
vt 0.875000 0.183333
vt 0.875000 0.200000
vt 0.875000 0.216667
vt 0.875000 0.233333
vt 0.875000 0.250000
vt 0.500000 0.525000
vt 0.484577 0.522066
vt 0.484586 0.522043
vt 0.484610 0.521980
vt 0.483448 0.525000
vt 0.477295 0.541002
vt 0.479609 0.534986
vt 0.480940 0.531522
vt 0.483448 0.525000
vt 0.482742 0.542258
vt 0.498427 0.535554
vt 0.498206 0.536130
vt 0.497374 0.538293
vt 0.495327 0.543616
vt 0.494782 0.545033
vt 0.484243 0.542603
vt 0.482742 0.542258
vt 0.500000 0.531464
vt 0.502072 0.526075
vt 0.501084 0.528644
vt 0.500000 0.531464
vt 0.502486 0.525000
vt 0.503963 0.521158
vt 0.502486 0.525000
vt 0.504039 0.520961
vt 0.506842 0.513672
vt 0.505718 0.516595
vt 0.504039 0.520961
vt 0.586528 0.555139
vt 0.585159 0.550000
vt 0.586528 0.555139
vt 0.583023 0.541977
vt 0.583115 0.542324
vt 0.585159 0.550000
vt 0.580721 0.533333
vt 0.581224 0.535223
vt 0.583023 0.541977
vt 0.579518 0.528816
vt 0.580721 0.533333
vt 0.576282 0.516667
vt 0.578197 0.523858
vt 0.579518 0.528816
vt 0.576013 0.515654
vt 0.576282 0.516667
vt 0.575000 0.511852
vt 0.576013 0.515654
vt 0.572508 0.502492
vt 0.575000 0.511852
vt 0.571844 0.500000
vt 0.572508 0.502492
vt 0.568378 0.349328
vt 0.571844 0.500000
vt 0.566094 0.250000
vt 0.567885 0.327877
vt 0.568378 0.349328
vt 0.568910 0.239423
vt 0.566094 0.250000
vt 0.570532 0.233333
vt 0.568910 0.239423
vt 0.574960 0.216707
vt 0.573586 0.221866
vt 0.570532 0.233333
vt 0.574970 0.216667
vt 0.574960 0.216707
vt 0.575000 0.216556
vt 0.574970 0.216667
vt 0.575000 0.216556
vt 0.500000 0.500000
vt 0.480804 0.528772
vt 0.483942 0.526453
vt 0.485909 0.525000
vt 0.478700 0.525000
vt 0.478700 0.525000
vt 0.485909 0.525000
vt 0.487466 0.523850
vt 0.491832 0.520624
vt 0.495720 0.517751
vt 0.499722 0.514794
vt 0.500000 0.514589
vt 0.477375 0.522625
vt 0.507612 0.508965
vt 0.510636 0.506731
vt 0.515059 0.503463
vt 0.515217 0.500000
vt 0.500000 0.514589
vt 0.504217 0.511474
vt 0.515392 0.496131
vt 0.515941 0.484059
vt 0.515217 0.500000
vt 0.502869 0.490564
vt 0.501984 0.491218
vt 0.500000 0.492684
vt 0.515941 0.484059
vt 0.516090 0.480796
vt 0.490097 0.500000
vt 0.500000 0.492684
vt 0.494791 0.496532
vt 0.475000 0.511154
vt 0.475000 0.518366
vt 0.477375 0.522625
vt 0.490097 0.500000
vt 0.487068 0.502238
vt 0.486118 0.502940
vt 0.472152 0.513259
vt 0.474702 0.517832
vt 0.475000 0.518366
vt 0.475000 0.511154
vt 0.591667 0.199120
vt 0.590678 0.200000
vt 0.590678 0.200000
vt 0.575906 0.213154
vt 0.586725 0.555879
vt 0.591667 0.560279
vt 0.603862 0.571138
vt 0.598840 0.566667
vt 0.603551 0.570862
vt 0.603862 0.571138
vt 0.608333 0.575121
vt 0.591667 0.199120
vt 0.599703 0.191963
vt 0.593884 0.197146
vt 0.591667 0.560279
vt 0.595045 0.563288
vt 0.595046 0.563288
vt 0.598840 0.566667
vt 0.608333 0.575121
vt 0.612678 0.578989
vt 0.621494 0.586840
vt 0.617556 0.583333
vt 0.619296 0.584882
vt 0.599703 0.191963
vt 0.608333 0.184278
vt 0.604948 0.187293
vt 0.612678 0.578989
vt 0.617556 0.583333
vt 0.621494 0.586839
vt 0.625000 0.589962
vt 0.609395 0.183333
vt 0.608333 0.184278
vt 0.875000 0.160038
vt 0.814214 0.162324
vt 0.775936 0.163763
vt 0.707304 0.166343
vt 0.698693 0.166667
vt 0.609395 0.183333
vt 0.625000 0.169437
vt 0.621817 0.172271
vt 0.698693 0.166667
vt 0.625000 0.169437
vt 0.507003 0.513252
vt 0.500000 0.515449
vt 0.503696 0.514290
vt 0.500000 0.515449
vt 0.485354 0.520045
vt 0.488470 0.519067
vn -0.423199 -0.867097 0.262765
vn -0.423200 -0.867093 0.262776
vn -0.423196 -0.867097 0.262768
vn -0.423191 -0.867100 0.262768
vn -0.423198 -0.867097 0.262767
vn -0.423198 -0.867097 0.262767
vn -0.423198 -0.867097 0.262768
vn -0.423194 -0.867102 0.262758
vn -0.423199 -0.867094 0.262774
vn -0.423198 -0.867095 0.262772
vn -0.423198 -0.867096 0.262769
vn -0.423200 -0.867096 0.262768
vn -0.423197 -0.867097 0.262766
vn -0.423198 -0.867096 0.262770
vn -0.423197 -0.867098 0.262766
vn -0.423197 -0.867097 0.262768
vn -0.423199 -0.867096 0.262768
vn -0.423199 -0.867097 0.262766
vn -0.423199 -0.867097 0.262765
vn -0.423197 -0.867120 0.262692
vn -0.423206 -0.867083 0.262799
vn -0.423199 -0.867097 0.262766
vn -0.423197 -0.867097 0.262767
vn -0.423198 -0.867096 0.262770
vn -0.423201 -0.867096 0.262765
vn -0.423206 -0.867097 0.262752
vn -0.423197 -0.867097 0.262767
vn -0.423198 -0.867097 0.262766
vn -0.423196 -0.867094 0.262780
vn -0.423195 -0.867099 0.262765
vn 0.000000 0.000000 1.000000
vn 0.000000 0.000000 1.000000
vn 0.000000 0.000000 1.000000
vn 0.000000 0.000000 1.000000
vn 0.000000 0.000000 1.000000
vn 0.000000 0.000000 1.000000
vn 0.000000 0.000000 1.000000
vn 0.000000 0.000000 1.000000
vn 0.000000 0.000000 1.000000
vn 0.000000 0.000000 1.000000
vn 0.000000 0.000000 1.000000
vn 0.000000 0.000000 1.000000
vn 0.000000 0.000000 1.000000
vn 0.000000 0.000000 1.000000
vn 0.000000 1.000000 0.000000
vn 0.000000 1.000000 0.000000
vn 0.000000 1.000000 0.000000
vn 0.000000 1.000000 0.000000
vn 0.000000 1.000000 0.000000
vn 0.000000 1.000000 0.000000
vn 0.000000 0.000000 -1.000000
vn 0.000000 0.000000 -1.000000
vn 0.000000 0.000000 -1.000000
vn 0.000000 0.000000 -1.000000
vn 0.000000 0.000000 -1.000000
vn 0.000000 0.000000 -1.000000
vn 0.000000 0.000000 -1.000000
vn 0.000000 0.000000 -1.000000
vn 0.000000 0.000000 -1.000000
vn 0.000000 0.000000 -1.000000
vn 0.000000 0.000000 -1.000000
vn 0.000000 0.000000 -1.000000
vn 0.000000 0.000000 -1.000000
vn 0.000000 0.000000 -1.000000
vn 0.000000 0.000000 -1.000000
vn 0.000000 0.000000 -1.000000
vn 0.000000 0.000000 -1.000000
vn 0.000000 0.000000 -1.000000
vn 0.000000 0.000000 -1.000000
vn 0.000000 0.000000 -1.000000
vn 0.000000 0.000000 -1.000000
vn 0.000000 0.000000 -1.000000
vn 0.000000 0.000000 -1.000000
vn 0.000000 0.000000 -1.000000
vn 0.000000 0.000000 -1.000000
vn 0.000000 0.000000 1.000000
vn 0.000000 0.000000 1.000000
vn 0.000000 0.000000 1.000000
vn 0.000000 0.000000 1.000000
vn 0.000000 1.000000 0.000000
vn 0.000000 1.000000 0.000000
vn 0.000000 0.000000 -1.000000
vn 0.000000 0.000000 -1.000000
vn 0.000000 0.000000 -1.000000
vn 0.000000 0.000000 -1.000000
vn 0.000000 0.000000 -1.000000
vn 0.000000 0.000000 -1.000000
vn 0.000000 0.000000 -1.000000
vn 0.000000 0.000000 -1.000000
vn 0.000000 0.000000 -1.000000
vn 0.000000 0.000000 -1.000000
vn 0.000000 0.000000 -1.000000
vn 0.000000 0.000000 1.000000
vn 0.000000 0.000000 1.000000
vn 0.000000 0.000000 1.000000
vn 0.000000 0.000000 1.000000
vn 0.000000 1.000000 0.000000
vn 0.000000 1.000000 0.000000
vn 0.000000 0.000000 -1.000000
vn 0.000000 0.000000 -1.000000
vn 0.000000 0.000000 1.000000
vn 0.000000 0.000000 1.000000
vn 0.000000 0.000000 1.000000
vn 0.000000 0.000000 1.000000
vn 0.000000 0.000000 1.000000
vn 0.000000 1.000000 0.000000
vn 0.000000 0.000000 -1.000000
vn 0.000000 0.000000 -1.000000
vn 0.000000 0.000000 -1.000000
vn 1.000000 0.000000 0.000000
vn 1.000000 0.000000 0.000000
vn 1.000000 0.000000 0.000000
vn 1.000000 0.000000 0.000000
vn 1.000000 -0.000000 0.000000
vn 1.000000 -0.000000 0.000000
vn 1.000000 -0.000069 0.000000
vn 1.000000 0.000000 0.000000
vn 1.000000 0.000000 0.000000
vn 1.000000 0.000000 0.000000
vn 0.000000 0.000000 1.000000
vn 0.000000 0.000000 1.000000
vn 0.000000 0.000000 1.000000
vn 0.000000 0.000000 1.000000
vn 0.000000 0.000000 1.000000
vn 0.000000 1.000000 0.000000
vn 1.000000 0.000000 0.000000
vn 1.000000 0.000000 0.000000
vn 1.000000 0.000000 0.000000
vn 0.000000 0.000000 1.000000
vn 1.000000 0.000000 0.000000
vn 1.000000 0.000000 0.000000
vn 1.000000 0.000000 0.000000
vn 1.000000 0.000000 0.000000
vn -0.860503 -0.418102 -0.291074
vn -0.860503 -0.418103 -0.291075
vn -0.860503 -0.418104 -0.291073
vn -0.860516 -0.418046 -0.291120
vn -0.860507 -0.418096 -0.291074
vn -0.860504 -0.418092 -0.291087
vn -0.860505 -0.418099 -0.291073
vn -0.860502 -0.418073 -0.291120
vn -0.860501 -0.418106 -0.291078
vn -0.860504 -0.418098 -0.291079
vn -0.860505 -0.418099 -0.291076
vn -0.860502 -0.418098 -0.291086
vn -0.860504 -0.418102 -0.291072
vn -0.860505 -0.418097 -0.291079
vn -0.860508 -0.418084 -0.291088
vn -0.860503 -0.418106 -0.291070
vn -0.860504 -0.418107 -0.291066
vn -0.860498 -0.418117 -0.291071
vn -0.860506 -0.418096 -0.291076
vn -0.860504 -0.418104 -0.291072
vn -0.860505 -0.418102 -0.291072
vn -0.860505 -0.418095 -0.291079
vn -0.860505 -0.418101 -0.291074
vn -0.860502 -0.418104 -0.291075
vn -0.860505 -0.418102 -0.291072
vn -0.860528 -0.418057 -0.291068
vn -0.860505 -0.418099 -0.291074
vn -0.860497 -0.418118 -0.291071
s 1
g solidShatter1 shard9
usemtl shatterInteriorSG1
f 1655/3623/2684 1656/3622/2685 1654/3624/2686
f 1654/3624/2686 1656/3622/2685 1657/3621/2687
f 1659/3620/2688 1660/3631/2689 1658/3632/2690
f 1660/3631/2689 1661/3630/2691 1658/3632/2690
f 1661/3630/2691 1662/3629/2692 1658/3632/2690
f 1662/3629/2692 1663/3628/2693 1658/3632/2690
f 1663/3628/2693 1664/3627/2694 1658/3632/2690
f 1664/3627/2694 1655/3626/2684 1658/3632/2690
f 1658/3632/2690 1655/3626/2684 1654/3625/2686
f 1660/3637/2689 1659/3620/2688 1665/3638/2695
f 1665/3638/2695 1659/3620/2688 1669/3633/2696
f 1666/3636/2697 1667/3635/2698 1659/3620/2688
f 1667/3635/2698 1668/3634/2699 1659/3620/2688
f 1659/3620/2688 1668/3634/2699 1669/3633/2696
f 1666/3641/2697 1659/3620/2688 1671/3639/2700
f 1671/3639/2700 1659/3620/2688 1670/3640/2701
f 1659/3620/2688 1673/3644/2702 1670/3645/2701
f 1673/3644/2702 1674/3643/2703 1670/3645/2701
f 1674/3643/2703 1675/3642/2704 1670/3645/2701
f 1672/3646/2705 1670/3645/2701 1675/3642/2704
f 1673/3648/2702 1659/3620/2688 1676/3649/2706
f 1676/3649/2706 1659/3620/2688 1677/3647/2707
f 1659/3620/2688 1658/3652/2690 1677/3653/2707
f 1677/3653/2707 1658/3652/2690 1679/3654/2708
f 1679/3654/2708 1658/3652/2690 1678/3655/2709
f 1658/3652/2690 1680/3651/2710 1678/3655/2709
f 1678/3655/2709 1680/3651/2710 1681/3650/2711
f 1680/3658/2710 1682/3657/2712 1681/3659/2711
f 1681/3659/2711 1682/3657/2712 1683/3656/2713
s 4
usemtl initialShadingGroup
f 1675/3661/2714 1674/3660/2715 1684/3516/2716
f 1684/3516/2716 1685/3519/2717 1675/3662/2714
f 1685/3519/2717 1686/3619/2718 1675/3662/2714
f 1672/3663/2719 1675/3662/2714 1686/3619/2718
f 1687/3618/2720 1686/3617/2718 1685/3519/2717
f 1688/3616/2721 1687/3615/2720 1685/3519/2717
f 1685/3519/2717 1691/3523/2722 1688/3612/2721
f 1688/3612/2721 1691/3523/2722 1690/3613/2723
f 1689/3614/2724 1690/3613/2723 1691/3523/2722
f 1692/3611/2725 1689/3610/2724 1691/3523/2722
f 1693/3609/2726 1692/3608/2725 1694/3527/2727
f 1694/3527/2727 1692/3608/2725 1691/3523/2722
s 5
f 1695/3607/2728 1696/3606/2729 1694/3527/2730
f 1696/3606/2729 1693/3605/2731 1694/3527/2730
f 1697/3604/2732 1695/3603/2728 1698/3531/2733
f 1698/3531/2733 1695/3603/2728 1694/3527/2730
s 6
f 1699/3602/2734 1697/3601/2735 1698/3531/2736
f 1700/3600/2737 1699/3599/2734 1698/3531/2736
f 1701/3598/2738 1700/3597/2737 1702/3532/2739
f 1700/3597/2737 1698/3531/2736 1702/3532/2739
f 1701/3595/2738 1702/3532/2739 1703/3596/2740
f 1703/3596/2740 1702/3532/2739 1704/3535/2741
f 1703/3592/2740 1704/3535/2741 1706/3593/2742
f 1705/3594/2743 1706/3593/2742 1704/3535/2741
f 1707/3591/2744 1705/3590/2743 1708/3538/2745
f 1708/3538/2745 1705/3590/2743 1704/3535/2741
f 1707/3587/2744 1708/3538/2745 1710/3588/2746
f 1709/3589/2747 1710/3588/2746 1708/3538/2745
f 1708/3538/2745 1713/3541/2748 1709/3584/2747
f 1709/3584/2747 1713/3541/2748 1712/3585/2749
f 1711/3586/2750 1712/3585/2749 1713/3541/2748
f 1714/3583/2751 1711/3582/2750 1713/3541/2748
f 1714/3581/2751 1713/3541/2748 1667/3664/2752
f 1668/3665/2753 1667/3664/2752 1713/3541/2748
f 1665/3667/2754 1715/3544/2755 1660/3668/2756
f 1660/3668/2756 1715/3544/2755 1661/3666/2757
f 1662/3670/2758 1661/3669/2757 1715/3544/2755
s 4
f 1676/3672/2759 1684/3516/2716 1673/3673/2760
f 1673/3673/2760 1684/3516/2716 1674/3671/2715
f 1685/3519/2717 1684/3516/2716 1716/3520/2761
f 1685/3519/2717 1716/3520/2761 1691/3523/2722
f 1691/3523/2722 1717/3524/2762 1694/3527/2727
s 5
f 1694/3527/2730 1718/3528/2763 1698/3531/2733
f 1698/3531/2733 1718/3528/2763 1702/3532/2764
s 6
f 1702/3532/2739 1719/3533/2765 1704/3535/2741
f 1704/3535/2741 1720/3536/2766 1708/3538/2745
f 1708/3538/2745 1721/3539/2767 1713/3541/2748
f 1668/3674/2753 1713/3541/2748 1669/3675/2768
f 1669/3675/2768 1713/3541/2748 1722/3542/2769
f 1669/3676/2768 1722/3542/2769 1665/3677/2754
f 1665/3677/2754 1722/3542/2769 1715/3544/2755
f 1662/3678/2758 1715/3544/2755 1663/3679/2770
f 1663/3679/2770 1715/3544/2755 1723/3545/2771
f 1664/3681/2772 1724/3546/2773 1655/3682/2774
f 1655/3682/2774 1724/3546/2773 1656/3680/2775
s 4
f 1684/3516/2716 1676/3683/2759 1725/3517/2776
f 1676/3683/2759 1677/3685/2777 1725/3517/2776
f 1677/3685/2777 1679/3684/2778 1725/3517/2776
f 1684/3516/2716 1725/3517/2776 1716/3520/2761
f 1691/3523/2722 1716/3520/2761 1717/3524/2762
f 1694/3527/2727 1717/3524/2762 1718/3528/2779
s 5
f 1718/3528/2763 1726/3529/2780 1702/3532/2764
f 1702/3532/2764 1726/3529/2780 1719/3533/2781
s 6
f 1704/3535/2741 1719/3533/2765 1720/3536/2766
f 1708/3538/2745 1720/3536/2766 1721/3539/2767
f 1713/3541/2748 1721/3539/2767 1722/3542/2769
f 1722/3542/2769 1727/3543/2782 1715/3544/2755
f 1715/3544/2755 1727/3543/2782 1723/3545/2771
f 1663/3686/2770 1723/3545/2771 1664/3687/2772
f 1664/3687/2772 1723/3545/2771 1724/3546/2773
f 1657/3689/2783 1656/3688/2775 1724/3546/2773
s 4
f 1679/3691/2778 1678/3690/2784 1725/3517/2776
f 1678/3690/2784 1728/3515/2785 1725/3517/2776
f 1716/3520/2761 1725/3517/2776 1729/3521/2786
f 1716/3520/2761 1729/3521/2786 1717/3524/2762
f 1717/3524/2762 1730/3525/2787 1718/3528/2779
f 1718/3528/2779 1730/3525/2787 1726/3529/2788
s 5
f 1726/3529/2780 1731/3530/2789 1719/3533/2781
s 6
f 1719/3533/2765 1732/3534/2790 1720/3536/2766
f 1720/3536/2766 1733/3537/2791 1721/3539/2767
f 1721/3539/2767 1734/3540/2792 1722/3542/2769
f 1722/3542/2769 1734/3540/2792 1727/3543/2782
s 10
f 1735/3518/2793 1723/3548/2794 1727/3549/2795
f 1728/3515/2796 1724/3547/2797 1723/3548/2794
f 1682/3696/2798 1680/3695/2799 1724/3547/2797
f 1680/3695/2799 1658/3694/2800 1724/3547/2797
f 1658/3694/2800 1654/3693/2801 1724/3547/2797
f 1654/3693/2801 1657/3692/2802 1724/3547/2797
s 4
f 1683/3698/2803 1728/3515/2785 1681/3699/2804
f 1681/3699/2804 1728/3515/2785 1678/3697/2784
f 1725/3517/2776 1728/3515/2785 1735/3518/2805
f 1725/3517/2776 1735/3518/2805 1729/3521/2786
f 1717/3524/2762 1729/3521/2786 1730/3525/2787
f 1730/3525/2787 1736/3526/2806 1726/3529/2788
f 1726/3529/2788 1736/3526/2806 1731/3530/2807
s 5
f 1719/3533/2781 1731/3530/2789 1732/3534/2808
s 6
f 1720/3536/2766 1732/3534/2790 1733/3537/2791
f 1721/3539/2767 1733/3537/2791 1734/3540/2792
s 10
f 1737/3522/2809 1727/3549/2795 1734/3550/2810
f 1728/3515/2796 1723/3548/2794 1735/3518/2793
f 1735/3518/2793 1727/3549/2795 1737/3522/2809
f 1683/3701/2811 1682/3700/2798 1728/3515/2796
f 1728/3515/2796 1682/3700/2798 1724/3547/2797
s 4
f 1729/3521/2786 1735/3518/2805 1737/3522/2812
f 1729/3521/2786 1737/3522/2812 1730/3525/2787
f 1730/3525/2787 1737/3522/2812 1736/3526/2806
s 10
f 1736/3526/2813 1733/3551/2814 1731/3530/2815
f 1731/3530/2815 1733/3551/2814 1732/3552/2816
f 1736/3526/2813 1734/3550/2810 1733/3551/2814
f 1737/3522/2809 1734/3550/2810 1736/3526/2813
s 14
usemtl shatterInteriorSG1
f 1738/3553/2817 1712/3580/2818 1671/3703/2819
f 1667/3702/2820 1666/3704/2821 1714/3578/2822
f 1712/3580/2818 1711/3579/2823 1671/3703/2819
f 1671/3703/2819 1711/3579/2823 1666/3704/2821
f 1666/3704/2821 1711/3579/2823 1714/3578/2822
f 1712/3577/2818 1738/3553/2817 1709/3575/2824
f 1738/3553/2817 1710/3576/2825 1709/3575/2824
f 1706/3573/2826 1705/3572/2827 1738/3553/2817
f 1705/3572/2827 1707/3571/2828 1738/3553/2817
f 1710/3574/2825 1738/3553/2817 1707/3571/2828
f 1738/3553/2817 1696/3569/2829 1706/3570/2826
f 1706/3570/2826 1696/3569/2829 1703/3563/2830
f 1696/3569/2829 1695/3568/2831 1703/3563/2830
f 1703/3563/2830 1695/3568/2831 1701/3564/2832
f 1701/3564/2832 1695/3568/2831 1700/3565/2833
f 1697/3567/2834 1699/3566/2835 1695/3568/2831
f 1695/3568/2831 1699/3566/2835 1700/3565/2833
f 1693/3558/2836 1696/3562/2829 1692/3559/2837
f 1696/3562/2829 1738/3553/2817 1692/3559/2837
f 1692/3559/2837 1738/3553/2817 1689/3560/2838
f 1738/3553/2817 1690/3561/2839 1689/3560/2838
f 1690/3557/2839 1738/3553/2817 1688/3554/2840
f 1671/3705/2819 1670/3707/2841 1738/3553/2817
f 1688/3554/2840 1738/3553/2817 1687/3555/2842
f 1687/3555/2842 1738/3553/2817 1686/3556/2843
f 1686/3556/2843 1738/3553/2817 1672/3706/2844
f 1670/3707/2841 1672/3706/2844 1738/3553/2817
g default
v 5.865463 1.155256 0.500000
v 5.900173 1.396896 0.478148
v 5.940491 1.677572 0.452766
v 5.951385 1.753424 0.445907
v 6.331322 2.190106 -0.458912
v 5.887985 0.257198 0.167889
v 5.846279 0.981628 0.500000
v 5.856823 1.077047 0.500000
v 5.748531 0.096916 0.500000
v 5.774319 0.330318 0.500000
v 5.797451 0.539679 0.500000
v 5.830299 0.837002 0.500000
v 5.829525 0.002319 0.250542
v 5.738079 0.002319 0.500000
v 5.902657 0.002316 0.051040
v 6.164032 0.539682 -0.500000
v 6.150578 0.417900 -0.500000
v 6.104660 0.002319 -0.500000
v 5.944550 0.002319 -0.063234
v 6.168434 0.579535 -0.500000
v 6.213776 0.989906 -0.500000
v 6.336483 2.100480 -0.500000
v 6.282776 1.614414 -0.500000
v 6.276974 1.561911 -0.500000
v 6.223404 1.077047 -0.500000
v 6.348576 2.209936 -0.500000
v 6.342148 2.151779 -0.500000
v 6.340176 2.133915 -0.500000
v 6.360382 2.316812 -0.500000
v 6.401524 2.689144 -0.500000
v 6.372768 2.428903 -0.500000
v 6.258846 3.449046 0.118243
v 6.456303 3.423097 -0.428224
v 6.482239 3.419688 -0.500000
v 6.466576 3.277924 -0.500000
v 6.460896 3.226509 -0.500000
v 6.403374 2.705919 -0.500000
v 6.237656 3.451831 0.176893
v 6.124443 2.958241 0.336953
v 6.196125 3.457289 0.291823
v 6.234417 3.452257 0.185849
v 6.114803 2.891134 0.343022
v 6.102280 2.803941 0.350907
v 6.112305 2.873741 0.344595
v 6.372768 0.002319 -0.500000
v 6.372768 0.002319 0.500000
v 6.372768 0.539679 0.500000
v 6.372768 1.077047 0.500000
v 5.924931 1.322502 0.500000
v 5.954472 1.405586 0.500000
v 6.372768 1.614412 0.500000
v 6.028725 1.614412 0.500000
v 6.025902 1.606482 0.500000
v 6.084835 1.772226 0.500000
v 6.169342 2.009892 0.500000
v 6.372768 2.151779 0.500000
v 6.219791 2.151779 0.500000
v 6.244740 2.221949 0.500000
v 6.372768 2.582021 0.500000
v 6.393326 2.639841 0.500000
v 6.760029 2.151779 0.500000
v 6.544727 2.594894 0.500000
v 6.404644 2.671673 0.500000
v 6.410858 2.689144 0.500000
v 6.498932 2.689144 0.500000
v 6.448074 2.793817 0.500000
v 6.408989 2.896744 0.467705
v 6.900589 1.862482 0.500000
v 6.944427 1.772257 0.500000
v 7.156174 1.449738 0.337276
v 6.694489 2.751513 -0.167705
v 6.394146 2.935833 0.455440
v 6.372768 0.539682 -0.500000
v 7.353195 0.002319 -0.500000
v 7.353195 0.002319 0.500000
v 7.353195 0.539679 0.500000
v 7.282219 1.077047 0.500000
v 7.256454 1.130070 0.500000
v 7.021122 1.614412 0.500000
v 7.083065 1.486931 0.500000
v 7.151894 2.041449 -0.500000
v 7.126900 2.092899 -0.500000
v 7.353195 1.349518 -0.101205
v 7.353195 1.614414 -0.481702
v 7.353195 1.619963 -0.489673
v 7.353195 1.627151 -0.500000
v 6.533340 3.314517 -0.500000
v 7.353195 0.539682 -0.500000
v 7.304947 1.030258 0.500000
v 7.353195 0.930967 0.500000
v 6.372768 1.614414 -0.500000
v 6.372768 2.151779 -0.500000
v 7.098289 2.151779 -0.500000
v 6.945709 2.465805 -0.500000
v 6.843792 2.675562 -0.500000
v 7.353195 1.316687 -0.054048
v 7.353195 1.149656 0.185875
v 7.353195 1.077047 -0.500000
v 7.353195 1.614414 -0.500000
v 6.576099 3.226509 -0.500000
v 6.372768 1.077047 -0.500000
v 7.353195 1.013412 0.381578
v 7.353195 1.077047 0.290170
v 6.837196 2.689144 -0.500000
v 6.739525 2.890161 -0.500000
vt 0.608333 0.000000
vt 0.625000 0.000000
vt 0.608333 0.016667
vt 0.625000 0.016667
vt 0.608333 0.033333
vt 0.608333 0.050000
vt 0.608333 0.066667
vt 0.608333 0.683333
vt 0.608333 0.700000
vt 0.625000 0.700000
vt 0.608333 0.716666
vt 0.625000 0.716666
vt 0.608333 0.733333
vt 0.625000 0.733333
vt 0.608333 0.750000
vt 0.625000 0.750000
vt 0.608333 1.000000
vt 0.625000 1.000000
vt 0.875000 0.000000
vt 0.875000 0.016667
vt 0.875000 0.033333
vt 0.875000 0.050000
vt 0.525000 0.425000
vt 0.525000 0.450000
vt 0.521902 0.425000
vt 0.525000 0.416944
vt 0.524683 0.417769
vt 0.524323 0.418705
vt 0.519967 0.430033
vt 0.521902 0.425000
vt 0.521037 0.427249
vt 0.519967 0.430033
vt 0.519355 0.431625
vt 0.517392 0.436728
vt 0.514386 0.444545
vt 0.513747 0.446208
vt 0.531326 0.450000
vt 0.526992 0.461272
vt 0.527589 0.459719
vt 0.529870 0.453786
vt 0.531234 0.450240
vt 0.535278 0.439722
vt 0.531326 0.450000
vt 0.532749 0.446300
vt 0.534879 0.440760
vt 0.538438 0.431506
vt 0.538306 0.431337
vt 0.538204 0.431207
vt 0.533347 0.425000
vt 0.535278 0.439722
vt 0.535627 0.438814
vt 0.529683 0.420317
vt 0.533348 0.425000
vt 0.532746 0.424231
vt 0.528352 0.418615
vt 0.527185 0.417124
vt 0.525674 0.415193
vt 0.525000 0.416944
vt 0.529683 0.420317
vt 0.625000 0.028803
vt 0.623793 0.033333
vt 0.624180 0.031882
vt 0.623356 0.034978
vt 0.623793 0.033333
vt 0.623355 0.034978
vt 0.619355 0.050000
vt 0.620408 0.046046
vt 0.619355 0.050000
vt 0.617306 0.057694
vt 0.618051 0.054896
vt 0.614917 0.066667
vt 0.617306 0.057694
vt 0.611257 0.080410
vt 0.614917 0.066667
vt 0.610478 0.083333
vt 0.611257 0.080410
vt 0.610478 0.083333
vt 0.611063 0.647270
vt 0.611790 0.650000
vt 0.611063 0.647270
vt 0.614568 0.660432
vt 0.611790 0.650000
vt 0.616228 0.666667
vt 0.614568 0.660432
vt 0.616228 0.666667
vt 0.618073 0.673594
vt 0.616341 0.667088
vt 0.620667 0.683333
vt 0.618073 0.673594
vt 0.620667 0.683333
vt 0.621578 0.686755
vt 0.621153 0.685159
vt 0.625000 0.699605
vt 0.621578 0.686755
vt 0.625000 0.028803
vt 0.654606 0.031360
vt 0.654606 0.031360
vt 0.677457 0.033333
vt 0.677457 0.033333
vt 0.703531 0.035585
vt 0.763512 0.040766
vt 0.763512 0.040766
vt 0.775301 0.041784
vt 0.870426 0.050000
vt 0.870426 0.050000
vt 0.872418 0.050172
vt 0.872418 0.050172
vt 0.875000 0.050395
vt 0.450000 0.495140
vt 0.448658 0.494472
vt 0.450000 0.495140
vt 0.453245 0.496756
vt 0.453245 0.496755
vt 0.459760 0.500000
vt 0.455921 0.498089
vt 0.453373 0.496819
vt 0.459760 0.500000
vt 0.469934 0.505067
vt 0.469000 0.504601
vt 0.463184 0.501706
vt 0.462051 0.501141
vt 0.469933 0.505067
vt 0.475000 0.505538
vt 0.474290 0.505749
vt 0.472420 0.506305
vt 0.470730 0.505463
vt 0.470448 0.505323
vt 0.475000 0.505538
vt 0.512904 0.450000
vt 0.512853 0.450739
vt 0.513037 0.448054
vt 0.512904 0.450000
vt 0.608981 0.083333
vt 0.609614 0.086580
vt 0.608875 0.082791
vt 0.608981 0.083333
vt 0.608875 0.082791
vt 0.608333 0.080011
vt 0.608683 0.081804
vt 0.606157 0.068843
vt 0.608333 0.080011
vt 0.605733 0.066667
vt 0.606157 0.068843
vt 0.605733 0.066667
vt 0.603439 0.054895
vt 0.604875 0.062266
vt 0.602485 0.050000
vt 0.603439 0.054895
vt 0.602437 0.049754
vt 0.602485 0.050000
vt 0.600720 0.040946
vt 0.601223 0.043523
vt 0.600720 0.040946
vt 0.500000 0.525000
vt 0.475000 0.550000
vt 0.475723 0.534971
vt 0.475000 0.536434
vt 0.481741 0.525000
vt 0.481053 0.526112
vt 0.478507 0.530228
vt 0.476315 0.533772
vt 0.473904 0.538652
vt 0.471652 0.543211
vt 0.470066 0.546421
vt 0.468298 0.550000
vt 0.475000 0.536434
vt 0.467581 0.551451
vt 0.471703 0.553297
vt 0.468298 0.550000
vt 0.475000 0.554773
vt 0.471703 0.553297
vt 0.488478 0.550000
vt 0.475000 0.554773
vt 0.476888 0.555619
vt 0.484106 0.558851
vt 0.487254 0.552478
vt 0.488176 0.550611
vt 0.492247 0.542371
vt 0.495920 0.534937
vt 0.496318 0.534132
vt 0.500000 0.526678
vt 0.488478 0.550000
vt 0.491587 0.543707
vt 0.500253 0.526166
vt 0.500389 0.525892
vt 0.500829 0.525000
vt 0.500000 0.526678
vt 0.501639 0.523361
vt 0.500829 0.525000
vt 0.504586 0.517395
vt 0.508530 0.509412
vt 0.508920 0.508624
vt 0.509994 0.506450
vt 0.508833 0.505867
vt 0.500000 0.501425
vt 0.501639 0.523361
vt 0.502488 0.521642
vt 0.504459 0.517652
vt 0.498907 0.500875
vt 0.497194 0.500014
vt 0.492668 0.507332
vt 0.499052 0.500948
vt 0.491902 0.508571
vt 0.491268 0.509595
vt 0.481741 0.525000
vt 0.500000 0.501425
vt 0.499052 0.500948
vt 0.492668 0.507332
vt 0.492059 0.508316
vt 0.603776 0.750000
vt 0.601054 0.859191
vt 0.601054 0.859191
vt 0.600342 0.887760
vt 0.599099 0.937635
vt 0.597544 1.000000
vt 0.597544 0.000000
vt 0.597722 0.002934
vt 0.598160 0.010173
vt 0.598160 0.010173
vt 0.598553 0.016667
vt 0.598553 0.016667
vt 0.599112 0.025888
vt 0.599112 0.025888
vt 0.599383 0.030374
vt 0.599563 0.033333
vt 0.599563 0.033333
vt 0.599710 0.035759
vt 0.512177 0.460597
vt 0.514064 0.460936
vt 0.514064 0.460936
vt 0.514224 0.460965
vt 0.515268 0.461152
vt 0.525000 0.462898
vt 0.604556 0.737110
vt 0.603776 0.750000
vt 0.525000 0.462898
vt 0.526278 0.463127
vt 0.610195 0.644008
vt 0.609928 0.648405
vt 0.604785 0.733333
vt 0.604556 0.737110
vt 0.609928 0.648405
vt 0.609831 0.650000
vt 0.607813 0.683333
vt 0.607779 0.683887
vt 0.606804 0.700000
vt 0.606705 0.701628
vt 0.604785 0.733333
vt 0.605631 0.719369
vt 0.604860 0.732097
vt 0.607779 0.683887
vt 0.607717 0.684924
vt 0.606804 0.700000
vt 0.608822 0.666667
vt 0.608333 0.674738
vt 0.609831 0.650000
vt 0.608854 0.666146
vt 0.607813 0.683333
vt 0.608333 0.674738
vt 0.608123 0.678215
vt 0.607922 0.681529
vt 0.606705 0.701628
vt 0.605794 0.716666
vt 0.605794 0.716666
vt 0.605631 0.719369
vt 0.608854 0.666146
vt 0.608822 0.666667
vt 0.484472 0.502724
vt 0.475000 0.500363
vt 0.476123 0.500643
vt 0.474709 0.500291
vt 0.475000 0.500364
vt 0.473541 0.500000
vt 0.474709 0.500291
vt 0.473541 0.500000
vt 0.454696 0.495304
vt 0.455965 0.495620
vt 0.450000 0.494134
vt 0.454696 0.495304
vt 0.445957 0.493126
vt 0.450000 0.494134
vn -0.933891 0.103184 -0.342347
vn -0.933890 0.103184 -0.342348
vn -0.933891 0.103183 -0.342347
vn -0.933893 0.103194 -0.342339
vn -0.933889 0.103181 -0.342351
vn -0.933892 0.103188 -0.342343
vn -0.933892 0.103187 -0.342343
vn -0.933891 0.103181 -0.342346
vn -0.933890 0.103182 -0.342350
vn -0.933893 0.103179 -0.342342
vn -0.933891 0.103184 -0.342346
vn -0.933891 0.103183 -0.342345
vn -0.933892 0.103186 -0.342342
vn -0.933891 0.103186 -0.342345
vn -0.933889 0.103192 -0.342350
vn -0.933891 0.103183 -0.342346
vn -0.933891 0.103166 -0.342352
vn -0.933890 0.103182 -0.342348
vn -0.933890 0.103186 -0.342348
vn -0.933890 0.103183 -0.342348
vn -0.933887 0.103178 -0.342359
vn -0.933894 0.103188 -0.342335
vn -0.933894 0.103195 -0.342334
vn -0.933890 0.103181 -0.342350
vn -0.933891 0.103185 -0.342344
vn -0.933913 0.103151 -0.342296
vn -0.933909 0.103151 -0.342307
vn -0.933885 0.103181 -0.342364
vn -0.933894 0.103182 -0.342340
vn -0.933890 0.103186 -0.342347
vn -0.933884 0.103192 -0.342361
vn -0.933889 0.103187 -0.342350
vn -0.933898 0.103173 -0.342330
vn -0.933890 0.103187 -0.342349
vn -0.933893 0.103174 -0.342344
vn -0.933888 0.103179 -0.342357
vn -0.933892 0.103181 -0.342345
vn -0.933890 0.103181 -0.342350
vn -0.933893 0.103193 -0.342337
vn -0.933883 0.103173 -0.342371
vn -0.933891 0.103185 -0.342345
vn -0.933892 0.103183 -0.342345
vn -0.933890 0.103185 -0.342347
vn -0.933905 0.103182 -0.342309
vn 0.000003 -1.000000 -0.000002
vn 0.000000 -1.000000 0.000000
vn 0.000000 -1.000000 0.000000
vn 0.000000 -1.000000 0.000000
vn 0.000011 -1.000000 -0.000003
vn -0.000004 -1.000000 0.000008
vn 0.000000 -1.000000 0.000000
vn 0.000000 0.000000 1.000000
vn 0.000000 0.000000 1.000000
vn 0.000000 0.000000 1.000000
vn 0.000000 0.000000 1.000000
vn 0.000000 0.000000 1.000000
vn 0.000000 0.000000 1.000000
vn 0.000000 0.000000 1.000000
vn 0.000000 0.000000 1.000000
vn 0.000000 0.000000 1.000000
vn 0.000000 0.000000 1.000000
vn -0.023750 0.008445 0.999682
vn -0.004252 0.001512 0.999990
vn 0.000000 0.000000 1.000000
vn -0.074430 0.026464 0.996875
vn -0.107912 0.038371 0.993420
vn -0.110486 0.039286 0.993101
vn -0.230371 0.081910 0.969650
vn -0.199874 0.071070 0.977241
vn -0.292633 0.104047 0.950547
vn 0.000000 0.000000 1.000000
vn -0.231465 0.082298 0.969356
vn -0.260022 0.092454 0.961167
vn 0.000000 0.000000 1.000000
vn 0.000000 0.000000 1.000000
vn -0.266649 0.094820 0.959118
vn -0.281098 0.099944 0.954461
vn -0.326955 0.116255 0.937862
vn 0.000000 0.000000 1.000000
vn -0.362626 0.128933 0.922973
vn 0.860503 0.418101 0.291077
vn 0.860503 0.418101 0.291076
vn 0.860506 0.418097 0.291073
vn 0.860506 0.418098 0.291073
vn 0.860507 0.418098 0.291070
vn 0.860502 0.418104 0.291076
vn 0.860501 0.418106 0.291076
vn 0.860510 0.418085 0.291079
vn 0.860505 0.418096 0.291078
vn 0.860504 0.418102 0.291074
vn 0.860503 0.418102 0.291075
vn 0.860503 0.418101 0.291077
vn 0.860502 0.418071 0.291123
vn 0.860504 0.418103 0.291071
vn 0.860504 0.418101 0.291076
vn 0.000000 0.000000 -1.000000
vn 0.000000 0.000000 -1.000000
vn 0.000000 0.000000 -1.000000
vn 0.000000 0.000000 -1.000000
vn 0.000000 -1.000000 0.000000
vn 0.000000 0.000000 1.000000
vn 0.000000 0.000000 1.000000
vn 0.000000 0.000000 1.000000
vn 0.000000 0.000000 1.000000
vn 0.000000 0.000000 1.000000
vn 0.000000 0.000000 1.000000
vn 0.000000 0.000000 1.000000
vn 0.860510 0.418109 0.291045
vn 0.860509 0.418106 0.291052
vn 0.860503 0.418100 0.291080
vn 0.860500 0.418103 0.291083
vn 0.860530 0.418082 0.291026
vn 0.860500 0.418106 0.291080
vn 0.860509 0.418111 0.291044
vn 0.860506 0.418106 0.291061
vn 0.860498 0.418105 0.291086
vn 0.860498 0.418107 0.291084
vn 0.000000 0.000000 -1.000000
vn 0.000000 0.000000 -1.000000
vn 0.000000 0.000000 -1.000000
vn 0.000000 0.000000 -1.000000
vn 0.000000 0.000000 -1.000000
vn 0.000000 0.000000 -1.000000
vn 0.000000 -1.000000 0.000000
vn 0.000000 0.000000 1.000000
vn 0.000000 0.000000 1.000000
vn 0.860490 0.418112 0.291100
vn 0.860596 0.418052 0.290874
vn 0.860501 0.418107 0.291076
vn 0.000000 0.000000 1.000000
vn 0.000000 0.000000 -1.000000
vn 0.000000 0.000000 -1.000000
vn 0.000000 0.000000 -1.000000
vn 0.000000 0.000000 -1.000000
vn 0.000000 0.000000 -1.000000
vn 0.860504 0.418119 0.291050
vn 0.860504 0.418105 0.291069
vn 0.860506 0.418098 0.291074
vn 0.860499 0.418107 0.291081
vn 0.860498 0.418108 0.291081
vn 1.000000 0.000003 0.000000
vn 1.000000 0.000000 0.000000
vn 1.000000 0.000000 0.000000
vn 1.000000 -0.000000 0.000000
vn 1.000000 -0.000000 0.000000
vn 1.000000 -0.000086 0.000000
vn 1.000000 0.000000 0.000000
vn 0.000000 0.000000 -1.000000
vn 0.000000 0.000000 -1.000000
vn 0.860514 0.418091 0.291061
vn 0.000000 0.000000 -1.000000
vn 0.000000 0.000000 -1.000000
vn 0.000000 0.000000 -1.000000
vn 0.000000 0.000000 -1.000000
vn 0.000000 0.000000 -1.000000
vn 0.000000 0.000000 -1.000000
vn 0.000000 0.000000 -1.000000
vn 0.000000 0.000000 -1.000000
vn 0.000000 0.000000 -1.000000
vn 0.000000 0.000000 -1.000000
vn 1.000000 0.000000 0.000000
vn 1.000000 0.000000 0.000000
vn 1.000000 0.000000 0.000000
vn 1.000000 0.000000 0.000000
vn 1.000000 0.000001 0.000000
vn 1.000000 0.000000 0.000000
vn 0.860479 0.418134 0.291102
vn 0.860491 0.418112 0.291098
vn 0.860499 0.418110 0.291077
vn 0.000000 0.000000 -1.000000
vn 0.000000 0.000000 -1.000000
vn 0.000000 0.000000 -1.000000
vn 0.000000 0.000000 -1.000000
vn 0.000000 0.000000 -1.000000
vn 0.000000 0.000000 -1.000000
vn 0.860508 0.418087 0.291084
vn 1.000000 0.000001 0.000000
vn 1.000000 -0.000001 0.000000
vn 0.860502 0.418104 0.291076
vn 0.000000 0.000000 -1.000000
vn 0.000000 0.000000 -1.000000
vn 0.000000 0.000000 -1.000000
vn 0.000000 0.000000 -1.000000
vn 0.000000 0.000000 -1.000000
vn -0.388708 0.138215 0.910935
vn -0.388711 0.138214 0.910934
vn -0.388710 0.138212 0.910935
vn -0.388711 0.138211 0.910935
vn -0.388713 0.138210 0.910934
vn -0.388711 0.138216 0.910934
vn -0.388713 0.138211 0.910934
vn -0.388719 0.138211 0.910931
vn -0.388717 0.138211 0.910932
vn -0.388718 0.138214 0.910931
s 1
g solidShatter1 shard10
usemtl shatterInteriorSG1
f 1744/3862/2845 1745/3864/2846 1743/3861/2847
f 1745/3864/2846 1746/3863/2848 1743/3861/2847
f 1746/3863/2848 1739/3868/2849 1743/3861/2847
f 1739/3868/2849 1740/3867/2850 1743/3861/2847
f 1740/3867/2850 1741/3866/2851 1743/3861/2847
f 1741/3866/2851 1742/3865/2852 1743/3861/2847
f 1745/3873/2846 1744/3862/2845 1750/3869/2853
f 1750/3869/2853 1744/3862/2845 1749/3870/2854
f 1749/3870/2854 1744/3862/2845 1748/3871/2855
f 1744/3862/2845 1747/3872/2856 1748/3871/2855
f 1744/3862/2845 1751/3875/2857 1747/3876/2856
f 1747/3876/2856 1751/3875/2857 1752/3874/2858
f 1751/3878/2857 1744/3862/2845 1753/3877/2859
f 1758/3879/2860 1754/3884/2861 1744/3862/2845
f 1754/3884/2861 1755/3883/2862 1744/3862/2845
f 1755/3883/2862 1756/3882/2863 1744/3862/2845
f 1753/3880/2859 1744/3862/2845 1757/3881/2864
f 1756/3882/2863 1757/3881/2864 1744/3862/2845
f 1743/3861/2847 1760/3888/2865 1744/3862/2845
f 1760/3888/2865 1761/3887/2866 1744/3862/2845
f 1761/3887/2866 1762/3886/2867 1744/3862/2845
f 1762/3886/2867 1763/3885/2868 1744/3862/2845
f 1763/3885/2868 1759/3890/2869 1744/3862/2845
f 1759/3890/2869 1758/3889/2860 1744/3862/2845
f 1760/3894/2865 1743/3861/2847 1766/3891/2870
f 1766/3891/2870 1743/3861/2847 1765/3892/2871
f 1743/3861/2847 1764/3893/2872 1765/3892/2871
f 1764/3896/2872 1743/3861/2847 1767/3895/2873
f 1743/3861/2847 1770/3902/2874 1767/3903/2873
f 1767/3903/2873 1770/3902/2874 1769/3904/2875
f 1769/3904/2875 1770/3902/2874 1768/3905/2876
f 1768/3905/2876 1770/3902/2874 1775/3897/2877
f 1775/3897/2877 1770/3902/2874 1774/3898/2878
f 1774/3898/2878 1770/3902/2874 1773/3899/2879
f 1772/3900/2880 1773/3899/2879 1771/3901/2881
f 1770/3902/2874 1771/3901/2881 1773/3899/2879
f 1776/3909/2882 1777/3908/2883 1779/3906/2884
f 1777/3908/2883 1778/3907/2885 1779/3906/2884
f 1742/3912/2852 1781/3911/2886 1743/3861/2847
f 1776/3914/2882 1770/3913/2874 1777/3915/2883
f 1781/3911/2886 1782/3910/2887 1743/3861/2847
f 1743/3861/2847 1782/3910/2887 1770/3913/2874
f 1782/3910/2887 1780/3916/2888 1770/3913/2874
f 1780/3916/2888 1777/3915/2883 1770/3913/2874
s 4
usemtl initialShadingGroup
f 1757/3918/2889 1756/3917/2890 1783/3722/2891
f 1783/3722/2891 1784/3724/2892 1757/3919/2889
f 1757/3919/2889 1784/3724/2892 1753/3920/2893
f 1753/3920/2893 1784/3724/2892 1751/3921/2894
f 1752/3922/2895 1751/3921/2894 1784/3724/2892
s 5
f 1748/3925/2896 1747/3924/2897 1784/3708/2898
f 1747/3924/2897 1752/3923/2899 1784/3708/2898
f 1749/3927/2900 1748/3926/2896 1785/3710/2901
f 1785/3710/2901 1748/3926/2896 1784/3708/2898
f 1750/3929/2902 1749/3928/2900 1785/3710/2901
f 1785/3710/2901 1786/3712/2903 1750/3930/2902
f 1750/3930/2902 1786/3712/2903 1745/3931/2904
f 1746/3932/2905 1745/3931/2904 1786/3712/2903
f 1787/3860/2906 1739/3934/2907 1786/3712/2903
f 1739/3934/2907 1746/3933/2905 1786/3712/2903
f 1786/3712/2903 1789/3713/2908 1787/3858/2906
f 1787/3858/2906 1789/3713/2908 1788/3859/2909
f 1790/3857/2910 1791/3856/2911 1789/3713/2908
f 1788/3859/2909 1789/3713/2908 1791/3856/2911
f 1792/3855/2912 1790/3854/2910 1789/3713/2908
f 1792/3852/2912 1789/3713/2908 1793/3853/2913
f 1795/3851/2914 1793/3853/2913 1794/3714/2915
f 1793/3853/2913 1789/3713/2908 1794/3714/2915
f 1796/3850/2916 1795/3849/2914 1794/3714/2915
f 1797/3848/2917 1796/3847/2916 1794/3714/2915
f 1799/3781/2918 1800/3780/2919 1794/3714/2915
f 1801/3844/2920 1798/3846/2921 1800/3780/2919
f 1798/3846/2921 1797/3845/2917 1800/3780/2919
f 1797/3845/2917 1794/3714/2915 1800/3780/2919
f 1802/3843/2922 1801/3842/2920 1803/3782/2923
f 1803/3782/2923 1801/3842/2920 1800/3783/2919
f 1804/3841/2924 1802/3840/2922 1803/3784/2923
s 11
usemtl shatterInteriorSG1
f 1808/3730/2925 1809/3731/2926 1807/3739/2927
f 1807/3739/2927 1809/3731/2926 1806/3740/2928
f 1806/3740/2928 1809/3731/2926 1799/3741/2929
f 1799/3741/2929 1809/3731/2926 1800/3742/2930
f 1800/3742/2930 1809/3731/2926 1803/3743/2931
f 1805/3839/2932 1804/3838/2933 1809/3731/2926
f 1804/3838/2933 1803/3743/2931 1809/3731/2926
f 1805/3836/2932 1809/3731/2926 1810/3837/2934
f 1778/3935/2935 1810/3837/2934 1779/3936/2936
f 1779/3936/2936 1810/3837/2934 1809/3731/2926
f 1779/3937/2936 1809/3731/2926 1776/3938/2937
f 1776/3938/2937 1809/3731/2926 1770/3939/2938
f 1771/3940/2939 1770/3939/2938 1809/3731/2926
s 12
usemtl initialShadingGroup
f 1756/3942/2940 1755/3941/2941 1783/3722/2942
f 1783/3722/2942 1755/3941/2941 1811/3720/2943
s 4
f 1783/3722/2891 1812/3723/2944 1784/3724/2892
s 5
f 1784/3708/2898 1813/3709/2945 1785/3710/2901
f 1785/3710/2901 1814/3711/2946 1786/3712/2903
f 1815/3771/2947 1816/3770/2948 1786/3712/2903
f 1816/3770/2948 1789/3713/2908 1786/3712/2903
f 1794/3714/2915 1789/3713/2908 1806/3776/2949
f 1817/3775/2950 1807/3777/2951 1789/3713/2908
f 1807/3777/2951 1806/3776/2949 1789/3713/2908
f 1806/3779/2949 1799/3778/2918 1794/3714/2915
s 11
usemtl shatterInteriorSG1
f 1818/3737/2952 1808/3730/2925 1817/3738/2953
f 1817/3738/2953 1808/3730/2925 1807/3736/2927
f 1809/3731/2926 1808/3730/2925 1820/3757/2954
f 1808/3730/2925 1821/3756/2955 1820/3757/2954
f 1820/3757/2954 1821/3756/2955 1819/3758/2956
f 1821/3756/2955 1822/3755/2957 1819/3758/2956
f 1822/3755/2957 1823/3754/2958 1819/3758/2956
f 1819/3758/2956 1823/3754/2958 1824/3753/2959
f 1771/3943/2939 1809/3731/2926 1772/3944/2960
f 1772/3944/2960 1809/3731/2926 1825/3745/2961
s 12
usemtl initialShadingGroup
f 1773/3946/2962 1772/3945/2963 1825/3785/2964
f 1755/3948/2941 1754/3947/2965 1811/3720/2943
f 1811/3720/2943 1826/3721/2966 1783/3722/2942
f 1783/3722/2942 1826/3721/2966 1812/3723/2967
s 4
f 1784/3724/2892 1812/3723/2944 1813/3725/2968
s 5
f 1785/3710/2901 1813/3709/2945 1814/3711/2946
f 1814/3711/2946 1828/3767/2969 1786/3712/2903
f 1828/3767/2969 1827/3769/2970 1786/3712/2903
f 1827/3769/2970 1815/3768/2947 1786/3712/2903
s 11
usemtl shatterInteriorSG1
f 1827/3733/2971 1808/3730/2925 1815/3734/2972
f 1815/3734/2972 1808/3730/2925 1816/3735/2973
f 1816/3735/2973 1808/3730/2925 1818/3732/2952
s 5
usemtl initialShadingGroup
f 1816/3772/2948 1818/3774/2974 1789/3713/2908
f 1818/3774/2974 1817/3773/2950 1789/3713/2908
s 12
f 1819/3798/2975 1829/3716/2976 1820/3799/2977
f 1820/3799/2977 1829/3716/2976 1831/3797/2978
f 1829/3716/2976 1830/3715/2979 1831/3797/2978
s 11
usemtl shatterInteriorSG1
f 1820/3749/2954 1831/3752/2980 1809/3731/2926
f 1831/3752/2980 1832/3751/2981 1809/3731/2926
f 1832/3751/2981 1833/3750/2982 1809/3731/2926
f 1821/3760/2955 1808/3730/2925 1834/3761/2983
f 1834/3761/2983 1808/3730/2925 1835/3759/2984
s 17
usemtl initialShadingGroup
f 1834/3809/2985 1836/3728/2986 1821/3810/2987
f 1837/3729/2988 1822/3811/2989 1836/3728/2986
f 1822/3811/2989 1821/3810/2987 1836/3728/2986
f 1823/3813/2990 1822/3812/2989 1837/3729/2988
f 1824/3815/2991 1823/3814/2990 1837/3729/2988
s 12
f 1837/3717/2992 1829/3716/2976 1824/3800/2993
f 1819/3801/2975 1824/3800/2993 1829/3716/2976
s 11
usemtl shatterInteriorSG1
f 1825/3745/2961 1809/3731/2926 1838/3746/2994
s 12
usemtl initialShadingGroup
f 1773/3949/2962 1825/3787/2964 1774/3950/2995
f 1774/3950/2995 1825/3787/2964 1838/3786/2996
f 1766/3952/2997 1765/3951/2998 1830/3715/2979
f 1762/3954/2999 1761/3953/3000 1829/3716/2976
f 1839/3718/3001 1811/3720/2943 1759/3956/3002
f 1754/3955/2965 1758/3957/3003 1811/3720/2943
f 1758/3957/3003 1759/3956/3002 1811/3720/2943
f 1811/3720/2943 1836/3719/3004 1826/3721/2966
s 17
f 1814/3711/3005 1812/3726/3006 1826/3727/3007
f 1813/3709/3008 1812/3726/3006 1814/3711/3005
f 1840/3803/3009 1828/3802/3010 1826/3727/3007
f 1828/3802/3010 1814/3711/3005 1826/3727/3007
s 11
usemtl shatterInteriorSG1
f 1828/3764/3011 1840/3763/3012 1827/3765/2971
f 1827/3765/2971 1840/3763/3012 1808/3730/2925
f 1840/3763/3012 1841/3762/3013 1808/3730/2925
f 1835/3766/2984 1808/3730/2925 1841/3762/3013
s 12
usemtl initialShadingGroup
f 1830/3715/2979 1829/3716/2976 1766/3958/2997
f 1766/3958/2997 1829/3716/2976 1760/3959/3014
f 1761/3960/3000 1760/3959/3014 1829/3716/2976
f 1832/3796/3015 1831/3795/2978 1830/3715/2979
f 1830/3715/2979 1769/3962/3016 1832/3793/3015
f 1832/3793/3015 1769/3962/3016 1833/3794/3017
f 1833/3794/3017 1769/3962/3016 1842/3792/3018
f 1769/3962/3016 1768/3961/3019 1842/3792/3018
s 11
usemtl shatterInteriorSG1
f 1833/3744/2982 1842/3748/3020 1809/3731/2926
s 17
usemtl initialShadingGroup
f 1841/3806/3021 1836/3728/2986 1835/3807/3022
f 1834/3808/2985 1835/3807/3022 1836/3728/2986
s 12
f 1839/3718/3001 1837/3717/2992 1836/3719/3004
f 1829/3716/2976 1837/3717/2992 1839/3718/3001
s 11
usemtl shatterInteriorSG1
f 1838/3746/2994 1809/3731/2926 1843/3747/3023
s 12
usemtl initialShadingGroup
f 1775/3964/3024 1774/3963/2995 1843/3788/3025
f 1843/3788/3025 1774/3963/2995 1838/3789/2996
f 1769/3966/3016 1830/3715/2979 1767/3967/3026
f 1767/3967/3026 1830/3715/2979 1764/3968/3027
f 1764/3968/3027 1830/3715/2979 1765/3965/2998
f 1763/3970/3028 1762/3969/2999 1839/3718/3001
f 1839/3718/3001 1762/3969/2999 1829/3716/2976
f 1759/3972/3002 1763/3971/3028 1839/3718/3001
f 1839/3718/3001 1836/3719/3004 1811/3720/2943
s 17
f 1840/3804/3009 1826/3727/3007 1841/3805/3021
f 1841/3805/3021 1826/3727/3007 1836/3728/2986
s 12
f 1768/3974/3019 1775/3973/3024 1842/3790/3018
f 1775/3973/3024 1843/3791/3025 1842/3790/3018
s 11
usemtl shatterInteriorSG1
f 1842/3748/3020 1843/3747/3023 1809/3731/2926
s 5
f 1780/3976/3029 1810/3835/3030 1777/3977/3031
f 1777/3977/3031 1810/3835/3030 1778/3975/3032
f 1780/3979/3029 1782/3978/3033 1810/3830/3030
f 1810/3830/3030 1782/3978/3033 1805/3831/3034
f 1805/3831/3034 1782/3978/3033 1804/3832/2924
f 1804/3832/2924 1782/3978/3033 1802/3833/2922
f 1798/3829/2921 1801/3834/2920 1782/3978/3033
f 1782/3978/3033 1801/3834/2920 1802/3833/2922
f 1793/3824/2913 1795/3828/2914 1781/3980/3035
f 1795/3828/2914 1796/3827/2916 1781/3980/3035
f 1796/3827/2916 1797/3826/2917 1781/3980/3035
f 1782/3981/3033 1781/3980/3035 1798/3825/2921
f 1781/3980/3035 1797/3826/2917 1798/3825/2921
f 1791/3820/2911 1790/3823/2910 1741/3983/3036
f 1790/3823/2910 1792/3822/2912 1741/3983/3036
f 1741/3983/3036 1792/3822/2912 1742/3984/3037
f 1742/3984/3037 1792/3822/2912 1781/3982/3035
f 1792/3822/2912 1793/3821/2913 1781/3982/3035
f 1741/3986/3036 1740/3985/3038 1791/3819/2911
f 1791/3819/2911 1740/3985/3038 1788/3818/2909
f 1739/3987/2907 1787/3817/2906 1740/3988/3038
f 1740/3988/3038 1787/3817/2906 1788/3816/2909
g default
v -4.012634 2.689144 0.500000
v -4.019279 3.011307 0.500000
v -4.019409 3.017729 0.500000
v -3.822495 3.111415 0.236973
v -4.009384 2.531637 0.500000
v -4.023716 3.226509 0.500000
v -4.025150 3.296069 0.500000
v -3.632492 4.600767 -0.054980
v -3.788548 4.742956 0.147559
v -3.772095 4.743520 0.125782
v -3.733025 4.744859 0.074066
v -3.641800 4.747985 -0.046686
v -4.041698 4.098325 0.500000
v -4.045883 4.301240 0.500000
v -4.052906 4.641834 0.500000
v -4.054806 4.733831 0.500000
v -3.890728 4.739454 0.282816
v -3.632153 4.595385 -0.055283
v -3.613407 4.298852 -0.071988
v -4.041630 4.095119 0.500000
v -4.030487 3.554816 0.500000
v -4.034798 3.763874 0.500000
v -3.584934 3.848379 -0.097364
v -3.546644 3.242654 -0.131487
v -3.573330 3.664830 -0.107704
v -3.520981 2.836688 -0.154356
v -4.001553 2.151779 0.500000
v -4.008068 2.467797 0.500000
v -3.497385 2.463391 -0.175385
v -3.479879 2.186458 -0.190986
v -3.997192 1.940340 0.500000
v -3.990467 1.614412 0.500000
v -3.996861 1.924288 0.500000
v -3.477003 2.140984 -0.193548
v -3.425938 1.333124 -0.239058
v -3.418550 1.216278 -0.245640
v -3.452288 1.111624 -0.198161
v -3.990208 1.601757 0.500000
v -3.413115 1.130260 -0.250486
v -3.409470 1.072611 -0.253733
v -3.431492 0.002319 -0.195406
v -3.497156 0.002319 -0.108548
v -3.346348 0.074066 -0.309985
v -3.341814 0.002319 -0.314027
v -3.809872 0.002319 0.305097
v -3.380678 0.617138 -0.279392
v -3.362616 0.331394 -0.295489
v -3.974442 0.837269 0.500000
v -3.974972 0.862951 0.500000
v -3.957222 0.002319 0.500000
v -3.963230 0.293758 0.500000
v -3.968304 0.539679 0.500000
v -3.985649 1.380779 0.500000
v -3.979385 1.077047 0.500000
v -1.641034 0.633072 0.500000
v -1.725021 1.077047 0.500000
v -2.451065 1.077047 0.500000
v -1.527622 0.033550 0.500000
v -1.623367 0.539679 0.500000
v -2.451065 0.539679 0.500000
v -1.579565 0.002319 0.474127
v -1.521715 0.002319 0.500000
v -2.451065 0.002319 0.500000
v -2.167776 0.002319 0.211054
v -1.948092 1.128277 0.404568
v -1.748203 1.199594 0.500000
v -1.754447 1.232601 0.500000
v -1.799181 1.469074 0.500000
v -1.826675 1.614412 0.500000
v -2.451065 1.614412 0.500000
v -1.867859 1.832127 0.500000
v -1.928328 2.151779 0.500000
v -2.451065 2.151779 0.500000
v -1.981272 2.431653 0.500000
v -2.024334 2.659289 0.500000
v -2.029982 2.689144 0.500000
v -2.451065 2.689144 0.500000
v -2.321508 4.230231 0.500000
v -2.334942 4.301240 0.500000
v -2.451065 4.301240 0.500000
v -2.094685 3.031179 0.500000
v -2.451065 3.226509 0.500000
v -2.440073 0.002319 0.089271
v -2.451065 0.002319 0.084354
v -2.404764 2.523554 0.318371
v -2.300465 4.118981 0.500000
v -2.451065 3.763874 0.500000
v -2.233288 3.763874 0.500000
v -2.121355 3.172169 0.500000
v -2.131636 3.226509 0.500000
v -2.208097 3.630705 0.500000
v -2.615427 4.481858 0.389837
v -2.356405 4.414697 0.500000
v -2.861439 3.918829 0.232174
v -2.451065 4.432484 0.500000
v -2.815437 4.500950 0.500000
v -3.431492 4.301240 0.500000
v -3.431492 3.763874 0.500000
v -3.431492 3.226509 0.500000
v -3.431492 2.689144 0.500000
v -3.431492 2.151779 0.500000
v -3.431492 1.614412 0.500000
v -3.431492 1.077047 0.500000
v -3.431492 0.539679 0.500000
v -3.431492 0.002319 0.500000
v -2.849342 0.002319 -0.093772
v -2.990364 0.002319 -0.156844
v -3.211367 0.677546 -0.198558
v -3.085621 4.603774 0.189860
v -2.897264 4.554935 0.269969
v -3.506044 4.712786 0.011051
v -3.688053 4.725403 0.139633
v -3.431492 4.616708 0.500000
v -3.440880 4.618473 0.500000
v -3.573242 4.730209 -0.017528
vt 0.441667 0.000000
vt 0.458333 0.000000
vt 0.441667 0.016667
vt 0.458333 0.016667
vt 0.441667 0.033333
vt 0.458333 0.033333
vt 0.441667 0.050000
vt 0.458333 0.050000
vt 0.441667 0.066667
vt 0.458333 0.066667
vt 0.441667 0.083333
vt 0.458333 0.083333
vt 0.441667 0.100000
vt 0.458333 0.100000
vt 0.441667 0.116667
vt 0.458333 0.116667
vt 0.441667 0.133333
vt 0.458333 0.133333
vt 0.441667 1.000000
vt 0.458333 1.000000
vt 0.500000 0.425000
vt 0.525000 0.425000
vt 0.500000 0.450000
vt 0.500000 0.475000
vt 0.495963 0.425565
vt 0.495385 0.429615
vt 0.496044 0.425000
vt 0.495029 0.432105
vt 0.494496 0.435833
vt 0.493714 0.441308
vt 0.493028 0.446101
vt 0.492471 0.450000
vt 0.495385 0.429615
vt 0.491216 0.458784
vt 0.492471 0.450000
vt 0.492398 0.450511
vt 0.491561 0.456369
vt 0.488898 0.475000
vt 0.491216 0.458784
vt 0.491083 0.459715
vt 0.490094 0.466637
vt 0.489768 0.468918
vt 0.488898 0.475000
vt 0.488626 0.476905
vt 0.488452 0.478121
vt 0.525000 0.412902
vt 0.515249 0.409751
vt 0.525000 0.412902
vt 0.522501 0.412094
vt 0.515443 0.409814
vt 0.510423 0.408193
vt 0.500000 0.404826
vt 0.515249 0.409751
vt 0.497660 0.413698
vt 0.497431 0.415297
vt 0.496344 0.422901
vt 0.496044 0.425000
vt 0.500000 0.404826
vt 0.498975 0.404494
vt 0.498898 0.405029
vt 0.451563 0.851557
vt 0.449166 0.835789
vt 0.458333 0.896088
vt 0.451563 0.851557
vt 0.464392 0.093942
vt 0.465492 0.083333
vt 0.462464 0.112536
vt 0.463764 0.100000
vt 0.462036 0.116667
vt 0.460536 0.131131
vt 0.460894 0.127680
vt 0.460307 0.133333
vt 0.466320 0.075347
vt 0.467220 0.066667
vt 0.468248 0.056753
vt 0.468948 0.050000
vt 0.470676 0.033333
vt 0.470176 0.038158
vt 0.470282 0.037134
vt 0.472103 0.019563
vt 0.472404 0.016667
vt 0.474031 0.000969
vt 0.474132 0.000000
vt 0.458333 0.896088
vt 0.463149 0.927763
vt 0.458520 0.897318
vt 0.465492 0.083333
vt 0.465588 0.082407
vt 0.466320 0.075347
vt 0.464392 0.093942
vt 0.463764 0.100000
vt 0.463938 0.098315
vt 0.462036 0.116667
vt 0.462464 0.112536
vt 0.460307 0.133333
vt 0.460536 0.131131
vt 0.467220 0.066667
vt 0.468248 0.056753
vt 0.468948 0.050000
vt 0.469415 0.045492
vt 0.470176 0.038158
vt 0.470676 0.033333
vt 0.472103 0.019563
vt 0.472404 0.016667
vt 0.474031 0.000969
vt 0.463149 0.927763
vt 0.474132 1.000000
vt 0.473148 0.993531
vt 0.500000 0.500000
vt 0.507648 0.500000
vt 0.507648 0.500000
vt 0.509849 0.490151
vt 0.514409 0.487347
vt 0.518600 0.484771
vt 0.517644 0.486100
vt 0.513964 0.491217
vt 0.507742 0.499868
vt 0.506802 0.492024
vt 0.509849 0.490151
vt 0.500000 0.496206
vt 0.500000 0.496206
vt 0.498913 0.496874
vt 0.507908 0.492092
vt 0.500000 0.487273
vt 0.506818 0.491428
vt 0.507908 0.492092
vt 0.492375 0.482625
vt 0.496946 0.485411
vt 0.500000 0.487273
vt 0.488175 0.480065
vt 0.492375 0.482625
vt 0.458333 0.137404
vt 0.459943 0.136852
vt 0.452139 0.139527
vt 0.458333 0.137404
vt 0.441667 0.143118
vt 0.452139 0.139527
vt 0.441507 0.143172
vt 0.441667 0.143118
vt 0.475000 0.475000
vt 0.500000 0.500000
vt 0.488721 0.500000
vt 0.495893 0.504107
vt 0.495798 0.504053
vt 0.491045 0.501331
vt 0.495893 0.504107
vt 0.500000 0.506459
vt 0.498974 0.505871
vt 0.527086 0.508545
vt 0.525789 0.510767
vt 0.525234 0.511719
vt 0.525000 0.512120
vt 0.525000 0.507146
vt 0.511790 0.513210
vt 0.520721 0.504279
vt 0.524924 0.507095
vt 0.525000 0.507146
vt 0.525000 0.512120
vt 0.523547 0.514609
vt 0.521215 0.518606
vt 0.519857 0.517829
vt 0.514832 0.514951
vt 0.511837 0.513237
vt 0.500000 0.506459
vt 0.514337 0.500000
vt 0.520721 0.504279
vt 0.511790 0.513210
vt 0.506903 0.510411
vt 0.503818 0.508645
vt 0.511736 0.498257
vt 0.514337 0.500000
vt 0.505753 0.494247
vt 0.505753 0.494247
vt 0.500000 0.490391
vt 0.479996 0.495004
vt 0.490785 0.484215
vt 0.494710 0.486845
vt 0.500000 0.490391
vt 0.488721 0.500000
vt 0.487779 0.499461
vt 0.483116 0.496791
vt 0.475000 0.492143
vt 0.477036 0.475000
vt 0.478692 0.476110
vt 0.490141 0.483783
vt 0.490785 0.484215
vt 0.479996 0.495004
vt 0.479759 0.494868
vt 0.475187 0.492250
vt 0.477036 0.475000
vt 0.475817 0.474183
vt 0.475817 0.474183
vt 0.475000 0.473635
vt 0.459832 0.463470
vt 0.460849 0.464151
vt 0.457704 0.467296
vt 0.458603 0.465679
vt 0.457704 0.467296
vt 0.460849 0.464151
vt 0.464496 0.466595
vt 0.468545 0.469309
vt 0.475000 0.473635
vt 0.453419 0.475000
vt 0.459329 0.483170
vt 0.455700 0.481092
vt 0.451400 0.478630
vt 0.453419 0.475000
vt 0.464099 0.485901
vt 0.463720 0.485684
vt 0.467258 0.487710
vt 0.464099 0.485901
vt 0.475000 0.492143
vt 0.471739 0.490276
vt 0.432541 0.016667
vt 0.432437 0.025896
vt 0.432627 0.009039
vt 0.432541 0.016667
vt 0.432730 0.000000
vt 0.432627 0.009039
vt 0.432730 1.000000
vt 0.441667 0.826148
vt 0.440550 0.847863
vt 0.435234 0.951274
vt 0.443191 0.796493
vt 0.441667 0.826148
vt 0.529688 0.420312
vt 0.530892 0.416090
vt 0.531228 0.414913
vt 0.528351 0.425000
vt 0.529688 0.420312
vt 0.526219 0.432472
vt 0.528351 0.425000
vt 0.525000 0.436746
vt 0.525547 0.434829
vt 0.525949 0.433418
vt 0.521219 0.450000
vt 0.525000 0.436746
vt 0.519711 0.455289
vt 0.521007 0.450746
vt 0.521219 0.450000
vt 0.519711 0.455289
vt 0.514088 0.475000
vt 0.516064 0.468074
vt 0.517964 0.461414
vt 0.509733 0.490267
vt 0.511121 0.485402
vt 0.513229 0.478011
vt 0.514088 0.475000
vt 0.509733 0.490267
vt 0.509019 0.492770
vt 0.509708 0.490355
vt 0.498609 0.500000
vt 0.497804 0.497556
vt 0.498953 0.501047
vt 0.498608 0.500000
vt 0.500000 0.504225
vt 0.499098 0.501488
vt 0.498953 0.501047
vt 0.501448 0.508621
vt 0.500000 0.504225
vt 0.431103 0.143897
vt 0.431071 0.146750
vt 0.431223 0.133333
vt 0.431103 0.143897
vt 0.431294 0.127040
vt 0.431222 0.133333
vt 0.431294 0.127040
vt 0.431411 0.116667
vt 0.431295 0.126940
vt 0.431484 0.110183
vt 0.431411 0.116667
vt 0.431484 0.110183
vt 0.431599 0.100000
vt 0.431575 0.102157
vt 0.431599 0.100000
vt 0.431675 0.093325
vt 0.431672 0.093525
vt 0.431788 0.083333
vt 0.431675 0.093325
vt 0.431788 0.083333
vt 0.431865 0.076468
vt 0.431843 0.078448
vt 0.431976 0.066667
vt 0.431865 0.076468
vt 0.432056 0.059611
vt 0.432050 0.060109
vt 0.431976 0.066667
vt 0.432164 0.050000
vt 0.432056 0.059611
vt 0.432246 0.042754
vt 0.432169 0.049607
vt 0.432164 0.050000
vt 0.432353 0.033333
vt 0.432246 0.042754
vt 0.432437 0.025896
vt 0.432428 0.026693
vt 0.432353 0.033333
vn -0.797587 -0.016450 -0.602979
vn -0.797583 -0.016457 -0.602985
vn -0.797588 -0.016451 -0.602978
vn -0.797593 -0.016437 -0.602973
vn -0.797587 -0.016447 -0.602980
vn -0.797589 -0.016450 -0.602977
vn -0.797590 -0.016452 -0.602976
vn -0.797588 -0.016464 -0.602978
vn -0.797584 -0.016444 -0.602984
vn -0.797583 -0.016455 -0.602984
vn -0.797587 -0.016460 -0.602980
vn -0.797588 -0.016459 -0.602978
vn -0.797589 -0.016453 -0.602977
vn -0.797584 -0.016463 -0.602983
vn -0.797587 -0.016448 -0.602980
vn -0.797587 -0.016447 -0.602980
vn -0.797585 -0.016450 -0.602982
vn -0.797588 -0.016448 -0.602979
vn -0.797596 -0.016435 -0.602968
vn -0.797583 -0.016470 -0.602984
vn -0.797588 -0.016448 -0.602978
vn -0.797589 -0.016448 -0.602977
vn -0.797589 -0.016449 -0.602977
vn -0.797584 -0.016452 -0.602984
vn -0.797588 -0.016449 -0.602979
vn -0.797588 -0.016450 -0.602978
vn -0.797587 -0.016448 -0.602980
vn -0.797588 -0.016446 -0.602978
vn -0.797586 -0.016453 -0.602980
vn -0.797588 -0.016448 -0.602978
vn -0.797589 -0.016445 -0.602978
vn -0.797586 -0.016449 -0.602981
vn -0.797587 -0.016450 -0.602979
vn -0.797591 -0.016461 -0.602974
vn -0.797589 -0.016453 -0.602977
vn -0.797587 -0.016445 -0.602979
vn -0.797587 -0.016448 -0.602979
vn -0.797587 -0.016446 -0.602980
vn -0.797588 -0.016447 -0.602978
vn -0.797584 -0.016451 -0.602983
vn -0.797589 -0.016450 -0.602977
vn -0.797585 -0.016451 -0.602983
vn -0.797589 -0.016426 -0.602978
vn -0.797587 -0.016434 -0.602980
vn -0.797588 -0.016450 -0.602978
vn -0.797588 -0.016450 -0.602978
vn -0.797587 -0.016450 -0.602980
vn -0.797582 -0.016442 -0.602986
vn -0.797587 -0.016451 -0.602979
vn -0.797586 -0.016454 -0.602981
vn -0.797588 -0.016444 -0.602978
vn -0.797587 -0.016451 -0.602979
vn -0.797589 -0.016452 -0.602977
vn -0.797588 -0.016446 -0.602978
vn 0.000000 0.000000 1.000000
vn 0.000000 0.000000 1.000000
vn 0.000000 0.000000 1.000000
vn 0.000000 0.000000 1.000000
vn 0.000000 0.000000 1.000000
vn 0.000000 0.000000 1.000000
vn 0.000000 -1.000000 0.000000
vn 0.000000 -1.000000 0.000000
vn 0.000000 -1.000000 0.000000
vn 0.000000 -1.000000 0.000000
vn 0.407062 0.076992 -0.910150
vn 0.407058 0.077003 -0.910151
vn 0.407057 0.077003 -0.910151
vn 0.407059 0.077003 -0.910150
vn 0.407059 0.077004 -0.910150
vn 0.407055 0.077002 -0.910152
vn 0.407058 0.077002 -0.910151
vn 0.407058 0.077003 -0.910151
vn 0.000000 0.000000 1.000000
vn 0.000000 0.000000 1.000000
vn 0.000000 0.000000 1.000000
vn 0.000000 0.000000 1.000000
vn 0.000000 0.000000 1.000000
vn 0.000000 0.000000 1.000000
vn 0.000000 0.000000 1.000000
vn 0.407057 0.077003 -0.910151
vn 0.407058 0.077003 -0.910151
vn 0.000000 0.000000 1.000000
vn 0.000000 0.000000 1.000000
vn 0.000000 0.000000 1.000000
vn 0.000000 0.000000 1.000000
vn 0.000000 0.000000 1.000000
vn 0.000000 0.000000 1.000000
vn 0.000000 0.000000 1.000000
vn 0.000000 0.000000 1.000000
vn 0.000000 0.000000 1.000000
vn 0.000000 0.000000 1.000000
vn 0.000000 0.000000 1.000000
vn 0.000000 0.000000 1.000000
vn 0.000000 -1.000000 0.000000
vn 0.000000 -1.000000 0.000000
vn 0.407061 0.077002 -0.910149
vn 0.407058 0.077003 -0.910151
vn 0.407058 0.077003 -0.910151
vn 0.407062 0.077005 -0.910149
vn 0.407056 0.077001 -0.910152
vn 0.407058 0.077003 -0.910151
vn 0.407058 0.077004 -0.910150
vn 0.407059 0.077004 -0.910150
vn 0.000000 0.000000 1.000000
vn 0.000000 0.000000 1.000000
vn 0.000000 0.000000 1.000000
vn 0.407058 0.077004 -0.910150
vn 0.407060 0.077003 -0.910150
vn 0.407059 0.077003 -0.910150
vn 0.000000 0.000000 1.000000
vn 0.000000 0.000000 1.000000
vn 0.000000 0.000000 1.000000
vn 0.407059 0.077003 -0.910150
vn 0.407058 0.077003 -0.910151
vn 0.407057 0.077002 -0.910151
vn 0.407059 0.077003 -0.910150
vn 0.407058 0.077004 -0.910151
vn 0.407055 0.077007 -0.910152
vn 0.000000 0.000000 1.000000
vn 0.000000 0.000000 1.000000
vn 0.000000 0.000000 1.000000
vn 0.000000 0.000000 1.000000
vn 0.000000 0.000000 1.000000
vn 0.000000 0.000000 1.000000
vn 0.000000 0.000000 1.000000
vn 0.000000 0.000000 1.000000
vn 0.000000 0.000000 1.000000
vn 0.000000 0.000000 1.000000
vn 0.000000 0.000000 1.000000
vn 0.000000 0.000000 1.000000
vn 0.000000 -1.000000 0.000000
vn 0.000000 -1.000000 0.000000
vn 0.407059 0.077003 -0.910150
vn 0.407059 0.077003 -0.910150
vn 0.407060 0.077002 -0.910150
vn 0.407058 0.077004 -0.910151
vn 0.407061 0.077006 -0.910149
vn 0.407058 0.077003 -0.910151
vn 0.407058 0.077002 -0.910151
vn 0.407059 0.077003 -0.910150
vn 0.407059 0.077003 -0.910150
vn 0.182208 0.969696 0.162756
vn 0.182209 0.969696 0.162758
vn 0.182208 0.969693 0.162775
vn 0.182208 0.969695 0.162761
vn 0.182209 0.969692 0.162779
vn 0.182209 0.969695 0.162759
vn 0.182209 0.969694 0.162771
vn 0.182209 0.969695 0.162760
vn 0.182209 0.969696 0.162759
vn 0.182211 0.969695 0.162759
vn 0.000000 0.000000 1.000000
vn 0.000000 0.000000 1.000000
vn 0.000000 0.000000 1.000000
vn 0.000000 0.000000 1.000000
vn 0.000000 0.000000 1.000000
vn 0.000000 -1.000000 0.000000
vn 0.000000 -1.000000 0.000000
vn 0.000000 -1.000000 0.000000
vn 0.000000 -1.000000 0.000000
vn 0.000000 -1.000000 0.000000
vn 0.000000 -1.000000 0.000000
vn 0.407058 0.077004 -0.910151
vn 0.407057 0.076993 -0.910152
vn 0.407059 0.077004 -0.910150
vn 0.407058 0.077003 -0.910151
vn 0.407058 0.077003 -0.910151
vn 0.407064 0.077006 -0.910148
vn 0.407043 0.076996 -0.910158
vn 0.407064 0.077007 -0.910148
vn 0.407058 0.077004 -0.910151
vn 0.407057 0.077006 -0.910151
vn 0.407058 0.077003 -0.910151
vn 0.407060 0.077002 -0.910150
vn 0.407058 0.077004 -0.910151
vn 0.407059 0.077003 -0.910150
vn 0.407059 0.077004 -0.910150
vn 0.407060 0.077002 -0.910150
vn 0.407059 0.077005 -0.910150
vn 0.407059 0.077004 -0.910150
vn 0.407062 0.077005 -0.910149
vn 0.407061 0.076993 -0.910150
vn 0.407055 0.077009 -0.910152
vn 0.182207 0.969696 0.162762
vn 0.182207 0.969696 0.162759
vn 0.182206 0.969696 0.162763
vn 0.182207 0.969694 0.162772
vn 0.182208 0.969694 0.162770
vn 0.182208 0.969695 0.162761
vn 0.182208 0.969695 0.162762
vn 0.000000 0.000000 1.000000
vn 0.000000 0.000000 1.000000
vn 0.000000 0.000000 1.000000
vn 0.000000 0.000000 1.000000
vn 0.000000 0.000000 1.000000
vn 0.000000 0.000000 1.000000
vn 0.000000 0.000000 1.000000
vn 0.000000 0.000000 1.000000
vn 0.000000 0.000000 1.000000
vn 0.000000 0.000000 1.000000
vn 0.000000 0.000000 1.000000
vn 0.000000 0.000000 1.000000
vn 0.000000 0.000000 1.000000
vn 0.000000 0.000000 1.000000
vn 0.000000 0.000000 1.000000
vn 0.000000 0.000000 1.000000
vn 0.000000 0.000000 1.000000
vn 0.000000 0.000000 1.000000
vn 0.000000 0.000000 1.000000
vn 0.000000 0.000000 1.000000
vn 0.000000 0.000000 1.000000
vn 0.000000 0.000000 1.000000
vn 0.000000 0.000000 1.000000
s 1
g solidShatter1 shard11
usemtl shatterInteriorSG1
f 1848/4130/3039 1844/4133/3040 1847/4129/3041
f 1846/4131/3042 1847/4129/3041 1845/4132/3043
f 1844/4133/3040 1845/4132/3043 1847/4129/3041
f 1850/4135/3044 1847/4129/3041 1849/4136/3045
f 1849/4136/3045 1847/4129/3041 1846/4134/3042
f 1852/4140/3046 1853/4139/3047 1851/4141/3048
f 1853/4139/3047 1854/4138/3049 1851/4141/3048
f 1851/4141/3048 1854/4138/3049 1855/4137/3050
f 1863/4142/3051 1856/4151/3052 1862/4143/3053
f 1856/4151/3052 1857/4150/3054 1862/4143/3053
f 1862/4143/3053 1857/4150/3054 1861/4144/3055
f 1857/4150/3054 1858/4149/3056 1861/4144/3055
f 1861/4144/3055 1858/4149/3056 1851/4145/3048
f 1851/4145/3048 1858/4149/3056 1852/4146/3046
f 1852/4146/3046 1858/4149/3056 1860/4147/3057
f 1858/4149/3056 1859/4148/3058 1860/4147/3057
f 1862/4154/3053 1866/4153/3059 1863/4155/3051
f 1863/4155/3051 1866/4153/3059 1865/4156/3060
f 1847/4129/3041 1850/4152/3044 1866/4153/3059
f 1850/4152/3044 1864/4157/3061 1866/4153/3059
f 1864/4157/3061 1865/4156/3060 1866/4153/3059
f 1866/4159/3059 1868/4158/3062 1847/4129/3041
f 1867/4160/3063 1847/4129/3041 1868/4158/3062
f 1869/4162/3064 1847/4129/3041 1867/4161/3063
f 1874/4163/3065 1870/4169/3066 1873/4164/3067
f 1873/4164/3067 1870/4169/3066 1872/4165/3068
f 1870/4169/3066 1871/4168/3069 1872/4165/3068
f 1872/4165/3068 1871/4168/3069 1869/4166/3064
f 1871/4168/3069 1848/4167/3039 1869/4166/3064
f 1848/4167/3039 1847/4129/3041 1869/4166/3064
f 1873/4174/3067 1877/4173/3070 1874/4175/3065
f 1877/4173/3070 1878/4172/3071 1874/4175/3065
f 1874/4175/3065 1878/4172/3071 1876/4176/3072
f 1876/4176/3072 1878/4172/3071 1875/4177/3073
f 1875/4177/3073 1878/4172/3071 1881/4170/3074
f 1880/4128/3075 1881/4170/3074 1879/4171/3076
f 1878/4172/3071 1879/4171/3076 1881/4170/3074
f 1882/4179/3077 1880/4128/3075 1879/4178/3076
f 1883/4181/3078 1880/4128/3075 1882/4180/3077
f 1885/4184/3079 1886/4183/3080 1884/4185/3081
f 1884/4185/3081 1886/4183/3080 1887/4182/3082
f 1888/4191/3083 1880/4128/3075 1885/4186/3079
f 1880/4128/3075 1883/4190/3078 1885/4186/3079
f 1883/4190/3078 1889/4189/3084 1885/4186/3079
f 1889/4189/3084 1890/4188/3085 1885/4186/3079
f 1890/4188/3085 1886/4187/3080 1885/4186/3079
f 1893/4194/3086 1894/4193/3087 1888/4195/3083
f 1888/4195/3083 1894/4193/3087 1880/4128/3075
f 1894/4193/3087 1895/4192/3088 1880/4128/3075
f 1892/4196/3089 1880/4128/3075 1891/4197/3090
f 1891/4197/3090 1880/4128/3075 1895/4192/3088
f 1881/4200/3074 1880/4128/3075 1896/4201/3091
f 1896/4201/3091 1880/4128/3075 1897/4198/3092
f 1880/4128/3075 1892/4199/3089 1897/4198/3092
s 11
usemtl initialShadingGroup
f 1898/4091/3093 1899/4090/3094 1900/3994/3095
f 1901/4093/3096 1902/4092/3097 1903/3992/3098
s 13
f 1905/4095/3099 1906/4008/3100 1904/4096/3101
f 1904/4096/3101 1906/4008/3100 1907/4094/3102
s 14
usemtl shatterInteriorSG1
f 1905/4047/3103 1904/4046/3104 1901/4048/3105
f 1904/4046/3104 1908/4009/3106 1901/4048/3105
f 1901/4048/3105 1908/4009/3106 1902/4042/3107
f 1902/4042/3107 1908/4009/3106 1898/4043/3108
f 1909/4045/3109 1899/4044/3110 1908/4009/3106
f 1908/4009/3106 1899/4044/3110 1898/4043/3108
s 11
usemtl initialShadingGroup
f 1910/4089/3111 1911/4088/3112 1913/3996/3113
f 1911/4088/3112 1912/4087/3114 1913/3996/3113
f 1914/4086/3115 1915/4085/3116 1916/3998/3117
s 14
usemtl shatterInteriorSG1
f 1909/4015/3109 1908/4009/3106 1910/4013/3118
f 1908/4009/3106 1911/4014/3119 1910/4013/3118
s 11
usemtl initialShadingGroup
f 1919/4075/3120 1920/4000/3121 1918/4076/3122
f 1917/4077/3123 1918/4076/3122 1920/4000/3121
f 1921/4084/3124 1922/4083/3125 1923/4006/3126
f 1919/4054/3120 1924/4053/3127 1920/4000/3121
f 1920/4000/3121 1924/4053/3127 1925/4002/3128
f 1915/4062/3116 1917/4061/3123 1916/3998/3117
f 1916/3998/3117 1917/4061/3123 1920/4000/3121
f 1912/4064/3114 1914/4063/3115 1913/3996/3113
f 1913/3996/3113 1914/4063/3115 1916/3998/3117
f 1899/4065/3094 1909/4067/3129 1900/3994/3095
f 1909/4067/3129 1910/4066/3111 1900/3994/3095
f 1910/4066/3111 1913/3996/3113 1900/3994/3095
f 1902/4069/3097 1898/4068/3093 1903/3992/3098
f 1903/3992/3098 1898/4068/3093 1900/3994/3095
f 1905/4071/3130 1901/4070/3096 1906/3990/3131
f 1901/4070/3096 1903/3992/3098 1906/3990/3131
s 13
f 1927/4072/3132 1926/4074/3133 1906/4008/3100
f 1926/4074/3133 1907/4073/3102 1906/4008/3100
s 14
usemtl shatterInteriorSG1
f 1926/4041/3134 1908/4009/3106 1907/4039/3135
f 1908/4009/3106 1904/4040/3104 1907/4039/3135
f 1908/4009/3106 1928/4011/3136 1911/4021/3119
f 1911/4021/3119 1928/4011/3136 1912/4016/3137
f 1912/4016/3137 1928/4011/3136 1914/4017/3138
f 1914/4017/3138 1928/4011/3136 1915/4018/3139
f 1915/4018/3139 1928/4011/3136 1917/4019/3140
f 1928/4011/3136 1918/4020/3141 1917/4019/3140
s 11
usemtl initialShadingGroup
f 1923/4006/3126 1930/4004/3142 1921/4058/3124
f 1921/4058/3124 1930/4004/3142 1929/4059/3143
f 1929/4059/3143 1930/4004/3142 1931/4057/3144
s 14
usemtl shatterInteriorSG1
f 1932/4022/3145 1924/4025/3146 1928/4011/3136
f 1918/4023/3141 1928/4011/3136 1919/4024/3147
f 1924/4025/3146 1919/4024/3147 1928/4011/3136
s 11
usemtl initialShadingGroup
f 1924/4078/3127 1932/4080/3148 1925/4002/3128
f 1932/4080/3148 1933/4079/3149 1925/4002/3128
f 1933/4056/3149 1934/4055/3150 1925/4002/3128
f 1925/4002/3128 1934/4055/3150 1930/4004/3142
f 1934/4082/3150 1931/4081/3144 1930/4004/3142
s 14
usemtl shatterInteriorSG1
f 1929/4031/3151 1937/4012/3152 1921/4032/3153
f 1935/4119/3154 1936/4118/3155 1937/4012/3152
f 1936/4118/3155 1922/4033/3156 1937/4012/3152
f 1922/4033/3156 1921/4032/3153 1937/4012/3152
s 11
usemtl initialShadingGroup
f 1938/4120/3157 1923/4006/3126 1936/4121/3158
f 1936/4121/3158 1923/4006/3126 1922/4060/3125
f 1938/4123/3157 1939/4122/3159 1923/4006/3126
f 1940/4005/3160 1930/4004/3142 1923/4006/3126
f 1941/4003/3161 1925/4002/3128 1930/4004/3142
f 1942/4001/3162 1920/4000/3121 1925/4002/3128
f 1943/3999/3163 1916/3998/3117 1920/4000/3121
f 1944/3997/3164 1913/3996/3113 1916/3998/3117
f 1945/3995/3165 1900/3994/3095 1913/3996/3113
f 1946/3993/3166 1903/3992/3098 1900/3994/3095
f 1947/3991/3167 1906/3990/3131 1903/3992/3098
f 1948/3989/3168 1906/3990/3131 1947/3991/3167
s 13
f 1927/4051/3132 1906/4008/3100 1949/4052/3169
f 1949/4052/3169 1906/4008/3100 1948/4007/3170
s 14
usemtl shatterInteriorSG1
f 1951/4010/3171 1908/4009/3106 1950/4036/3172
f 1950/4036/3172 1908/4009/3106 1949/4037/3173
f 1926/4035/3134 1927/4038/3174 1908/4009/3106
f 1927/4038/3174 1949/4037/3173 1908/4009/3106
f 1928/4011/3136 1908/4009/3106 1951/4010/3171
f 1928/4011/3136 1937/4012/3152 1932/4027/3145
f 1932/4027/3145 1937/4012/3152 1933/4028/3175
f 1933/4028/3175 1937/4012/3152 1934/4029/3176
f 1934/4029/3176 1937/4012/3152 1931/4030/3177
f 1931/4030/3177 1937/4012/3152 1929/4026/3151
f 1952/4117/3178 1953/4116/3179 1937/4012/3152
f 1953/4116/3179 1935/4115/3154 1937/4012/3152
s 24
f 1954/4108/3180 1955/4097/3181 1952/4106/3182
f 1952/4106/3182 1955/4097/3181 1953/4107/3183
f 1936/4102/3184 1935/4101/3185 1938/4103/3186
f 1938/4103/3186 1935/4101/3185 1939/4104/3187
f 1955/4097/3181 1957/4099/3188 1953/4100/3183
f 1957/4099/3188 1956/4105/3189 1953/4100/3183
f 1956/4105/3189 1939/4104/3187 1953/4100/3183
f 1939/4104/3187 1935/4101/3185 1953/4100/3183
s 11
usemtl initialShadingGroup
f 1956/4124/3190 1940/4005/3160 1939/4125/3159
f 1939/4125/3159 1940/4005/3160 1923/4006/3126
f 1941/4003/3161 1930/4004/3142 1940/4005/3160
f 1942/4001/3162 1925/4002/3128 1941/4003/3161
f 1943/3999/3163 1920/4000/3121 1942/4001/3162
f 1944/3997/3164 1916/3998/3117 1943/3999/3163
f 1945/3995/3165 1913/3996/3113 1944/3997/3164
f 1946/3993/3166 1900/3994/3095 1945/3995/3165
f 1947/3991/3167 1903/3992/3098 1946/3993/3166
f 1891/4203/3191 1895/4202/3192 1947/3991/3167
f 1895/4205/3192 1894/4204/3193 1947/3991/3167
f 1947/3991/3167 1894/4204/3193 1948/3989/3168
f 1894/4207/3193 1893/4206/3194 1948/3989/3168
s 13
f 1884/4209/3195 1948/4007/3170 1885/4210/3196
f 1885/4210/3196 1948/4007/3170 1888/4211/3197
f 1888/4211/3197 1948/4007/3170 1893/4208/3198
f 1949/4049/3169 1948/4007/3170 1950/4050/3199
f 1887/4212/3200 1950/4050/3199 1884/4213/3195
f 1884/4213/3195 1950/4050/3199 1948/4007/3170
s 14
usemtl shatterInteriorSG1
f 1951/4010/3171 1950/4034/3172 1890/4214/3201
f 1887/4216/3202 1886/4215/3203 1950/4034/3172
f 1886/4215/3203 1890/4214/3201 1950/4034/3172
f 1890/4218/3201 1889/4217/3204 1951/4010/3171
f 1878/4221/3205 1951/4010/3171 1879/4222/3206
f 1879/4222/3206 1951/4010/3171 1882/4223/3207
f 1882/4223/3207 1951/4010/3171 1883/4219/3208
f 1951/4010/3171 1889/4220/3204 1883/4219/3208
f 1951/4010/3171 1878/4225/3205 1928/4011/3136
f 1878/4225/3205 1877/4224/3209 1928/4011/3136
f 1877/4228/3209 1873/4227/3210 1928/4011/3136
f 1873/4227/3210 1872/4226/3211 1928/4011/3136
f 1872/4226/3211 1937/4012/3152 1928/4011/3136
f 1872/4229/3211 1869/4232/3212 1937/4012/3152
f 1869/4232/3212 1867/4231/3213 1937/4012/3152
f 1867/4231/3213 1868/4230/3214 1937/4012/3152
f 1868/4236/3214 1866/4235/3215 1937/4012/3152
f 1937/4012/3152 1866/4235/3215 1952/4112/3178
f 1866/4235/3215 1862/4234/3216 1952/4112/3178
f 1862/4234/3216 1861/4233/3217 1952/4112/3178
f 1958/4114/3218 1954/4113/3219 1861/4233/3217
f 1861/4233/3217 1954/4113/3219 1952/4112/3178
f 1861/4237/3217 1851/4239/3220 1958/4111/3218
f 1851/4239/3220 1855/4238/3221 1958/4111/3218
s 24
f 1954/4109/3180 1958/4110/3222 1955/4097/3181
f 1955/4097/3181 1958/4110/3222 1854/4240/3223
f 1855/4241/3224 1854/4240/3223 1958/4110/3222
f 1854/4243/3223 1853/4242/3225 1955/4097/3181
f 1853/4246/3225 1852/4245/3226 1955/4097/3181
f 1955/4097/3181 1852/4245/3226 1860/4244/3227
f 1859/4247/3228 1957/4098/3188 1860/4248/3227
f 1860/4248/3227 1957/4098/3188 1955/4097/3181
s 11
usemtl initialShadingGroup
f 1859/4250/3229 1858/4249/3230 1957/4126/3231
f 1956/4127/3190 1957/4126/3231 1940/4005/3160
f 1858/4249/3230 1940/4005/3160 1957/4126/3231
f 1858/4252/3230 1857/4251/3232 1940/4005/3160
f 1857/4254/3232 1856/4253/3233 1940/4005/3160
f 1940/4005/3160 1856/4253/3233 1941/4003/3161
f 1856/4255/3233 1863/4257/3234 1941/4003/3161
f 1863/4257/3234 1865/4256/3235 1941/4003/3161
f 1865/4259/3235 1864/4258/3236 1941/4003/3161
f 1941/4003/3161 1864/4258/3236 1942/4001/3162
f 1849/4261/3237 1942/4001/3162 1850/4262/3238
f 1850/4262/3238 1942/4001/3162 1864/4260/3236
f 1943/3999/3163 1942/4001/3162 1845/4264/3239
f 1845/4264/3239 1942/4001/3162 1846/4265/3240
f 1846/4265/3240 1942/4001/3162 1849/4263/3237
f 1845/4267/3239 1844/4266/3241 1943/3999/3163
f 1944/3997/3164 1943/3999/3163 1871/4269/3242
f 1871/4269/3242 1943/3999/3163 1848/4270/3243
f 1848/4270/3243 1943/3999/3163 1844/4268/3241
f 1871/4272/3242 1870/4271/3244 1944/3997/3164
f 1945/3995/3165 1944/3997/3164 1876/4273/3245
f 1876/4273/3245 1944/3997/3164 1874/4274/3246
f 1870/4275/3244 1874/4274/3246 1944/3997/3164
f 1876/4277/3245 1875/4276/3247 1945/3995/3165
f 1946/3993/3166 1945/3995/3165 1896/4278/3248
f 1875/4280/3247 1881/4279/3249 1945/3995/3165
f 1881/4279/3249 1896/4278/3248 1945/3995/3165
f 1896/4282/3248 1897/4281/3250 1946/3993/3166
f 1947/3991/3167 1946/3993/3166 1891/4283/3191
f 1891/4283/3191 1946/3993/3166 1892/4284/3251
f 1897/4285/3250 1892/4284/3251 1946/3993/3166
g default
v 5.747528 4.638604 -0.078836
v 5.652191 4.794580 -0.021030
v 5.533508 4.685662 -0.177302
v 5.548206 4.682431 -0.170541
v 5.382278 5.236161 0.142622
v 4.689304 5.898125 0.207537
v 4.864029 4.832866 -0.485316
v 4.874035 6.067656 0.450777
v 5.256985 5.441146 0.218590
v 5.101353 5.695759 0.312950
v 4.615551 6.347784 0.500000
v 4.792854 6.200474 0.500000
v 4.646301 6.322235 0.500000
v 3.844917 6.988066 0.500000
v 3.774948 7.046200 0.500000
v 3.628315 6.911633 0.306926
v 4.491680 6.450701 0.500000
v 4.411915 6.516973 0.500000
v 3.579628 7.208481 0.500000
v 3.025614 7.511934 0.381888
v 3.020939 7.491827 0.363823
v 3.431490 7.331560 0.500000
v 3.198149 7.525433 0.500000
v 3.056175 7.643391 0.500000
v 2.895006 6.950142 -0.122872
v 2.797424 6.530403 -0.500000
v 2.893353 6.450701 -0.500000
v 3.015488 6.349226 -0.500000
v 2.989622 7.357121 0.242791
v 3.831806 5.670990 -0.500000
v 3.107248 6.272985 -0.500000
v 3.431490 6.003590 -0.500000
v 3.496943 5.949209 -0.500000
v 3.540119 5.913336 -0.500000
v 4.151958 5.404989 -0.500000
v 3.886635 5.625433 -0.500000
v 4.832115 4.839884 -0.500000
v 4.186886 5.375971 -0.500000
v 4.276329 5.301656 -0.500000
v 4.411915 5.189004 -0.500000
v 4.666023 4.977880 -0.500000
v 4.471481 7.558083 -0.500000
v 4.411915 7.680672 -0.500000
v 4.022385 8.062798 0.102690
v 4.487343 7.525436 -0.500000
v 4.411915 7.525436 -0.500000
v 4.265297 7.982437 -0.500000
v 4.226250 8.062798 -0.500000
v 3.431490 8.062798 -0.500000
v 3.993359 8.062798 0.188492
v 4.599998 7.293575 -0.500000
v 4.677666 7.133724 -0.500000
v 4.748440 6.988066 -0.500000
v 4.411915 6.988066 -0.500000
v 3.431490 7.525436 -0.500000
v 3.431490 8.062798 0.500000
v 3.887989 8.062798 0.500000
v 4.719372 6.956987 -0.369432
v 4.053684 7.721779 0.500000
v 4.778038 6.927145 -0.500000
v 4.883854 6.709368 -0.500000
v 4.411915 6.450701 -0.500000
v 3.431490 6.988066 -0.500000
v 2.730328 7.525436 -0.500000
v 2.720373 7.673042 -0.500000
v 2.714138 7.765503 -0.500000
v 2.694092 8.062798 -0.500000
v 2.819548 8.062798 -0.124161
v 4.149082 7.525433 0.500000
v 3.431490 7.525433 0.500000
v 4.328724 7.155708 0.500000
v 4.409546 6.989365 0.500000
v 4.889278 6.698200 -0.500000
v 5.009533 6.450701 -0.500000
v 5.237808 5.980881 -0.500000
v 5.213791 5.913336 -0.500000
v 4.411915 5.913336 -0.500000
v 5.090038 6.285013 -0.500000
v 5.170574 5.791789 -0.500000
v 4.411915 5.375971 -0.500000
v 3.431490 6.450701 -0.500000
v 2.790262 6.636614 -0.500000
v 2.766563 6.988066 -0.500000
v 2.755318 7.154827 -0.500000
v 2.751034 7.218367 -0.500000
v 2.944029 7.424707 0.119859
v 3.009945 8.062798 0.446229
v 3.027893 8.062798 0.500000
v 3.050030 7.734509 0.500000
v 4.410179 6.988066 0.500000
v 4.411915 6.984488 0.500000
v 4.671272 6.450701 0.500000
v 4.706810 6.377558 0.500000
v 5.181065 5.655211 0.135550
v 5.608994 5.003422 -0.193304
v 5.404675 5.541462 -0.362124
v 5.348888 5.688365 -0.408217
v 5.120827 5.651870 -0.500000
v 5.022724 5.375971 -0.500000
v 4.765411 6.256950 0.500000
v 4.952442 5.178299 -0.500000
v 4.933258 5.124352 -0.500000
vt 0.558333 0.233333
vt 0.558333 0.250000
vt 0.558333 0.500000
vt 0.558333 0.516667
vt 0.575000 0.516667
vt 0.558333 0.533333
vt 0.575000 0.533333
vt 0.558333 0.550000
vt 0.575000 0.550000
vt 0.575000 0.566667
vt 0.575000 0.583333
vt 0.450000 0.475000
vt 0.458188 0.466812
vt 0.466895 0.471549
vt 0.461635 0.468687
vt 0.459139 0.467329
vt 0.450000 0.462356
vt 0.458188 0.466812
vt 0.453593 0.464311
vt 0.451384 0.463109
vt 0.437765 0.475000
vt 0.450000 0.462356
vt 0.445551 0.459935
vt 0.442458 0.465919
vt 0.437765 0.475000
vt 0.437322 0.475856
vt 0.442236 0.478529
vt 0.547433 0.544234
vt 0.547030 0.533333
vt 0.547433 0.544234
vt 0.546839 0.528161
vt 0.547030 0.533333
vt 0.546839 0.528161
vt 0.546414 0.516667
vt 0.546766 0.526190
vt 0.546245 0.512089
vt 0.546414 0.516667
vt 0.546245 0.512089
vt 0.545798 0.500000
vt 0.546139 0.509221
vt 0.547931 0.406040
vt 0.545798 0.500000
vt 0.547931 0.406040
vt 0.551472 0.250000
vt 0.551167 0.263443
vt 0.551849 0.239818
vt 0.551472 0.250000
vt 0.551849 0.239818
vt 0.500000 0.500000
vt 0.500000 0.525000
vt 0.488727 0.511273
vt 0.489545 0.509145
vt 0.483448 0.525000
vt 0.488727 0.511273
vt 0.488231 0.512563
vt 0.484610 0.521980
vt 0.484586 0.522043
vt 0.484577 0.522066
vt 0.482742 0.542258
vt 0.483448 0.525000
vt 0.480940 0.531522
vt 0.479609 0.534986
vt 0.477295 0.541002
vt 0.500000 0.531464
vt 0.482742 0.542258
vt 0.484243 0.542603
vt 0.494782 0.545033
vt 0.495327 0.543616
vt 0.497374 0.538293
vt 0.498206 0.536130
vt 0.498427 0.535554
vt 0.502486 0.525000
vt 0.500000 0.531464
vt 0.501084 0.528644
vt 0.502072 0.526075
vt 0.504039 0.520961
vt 0.502486 0.525000
vt 0.503963 0.521158
vt 0.504039 0.520961
vt 0.505718 0.516595
vt 0.506842 0.513672
vt 0.581009 0.193991
vt 0.581009 0.193991
vt 0.579409 0.200000
vt 0.580013 0.197731
vt 0.574970 0.216667
vt 0.575000 0.216556
vt 0.575000 0.216556
vt 0.579409 0.200000
vt 0.574960 0.216707
vt 0.574970 0.216667
vt 0.574960 0.216707
vt 0.570532 0.233333
vt 0.573586 0.221866
vt 0.568910 0.239423
vt 0.570532 0.233333
vt 0.566094 0.250000
vt 0.568910 0.239423
vt 0.566094 0.250000
vt 0.568378 0.349328
vt 0.567885 0.327877
vt 0.571844 0.500000
vt 0.568378 0.349328
vt 0.572508 0.502492
vt 0.571844 0.500000
vt 0.575000 0.511852
vt 0.572508 0.502492
vt 0.576013 0.515654
vt 0.575000 0.511852
vt 0.576282 0.516667
vt 0.576013 0.515654
vt 0.576282 0.516667
vt 0.579518 0.528816
vt 0.578197 0.523858
vt 0.580721 0.533333
vt 0.579518 0.528816
vt 0.580721 0.533333
vt 0.583023 0.541977
vt 0.581224 0.535223
vt 0.583023 0.541977
vt 0.585159 0.550000
vt 0.583115 0.542324
vt 0.586528 0.555139
vt 0.585159 0.550000
vt 0.586528 0.555139
vt 0.530314 0.489103
vt 0.529223 0.488560
vt 0.527260 0.487582
vt 0.525000 0.486457
vt 0.525000 0.490682
vt 0.517352 0.482648
vt 0.516480 0.482214
vt 0.512558 0.494379
vt 0.522332 0.491475
vt 0.525000 0.490682
vt 0.525000 0.486457
vt 0.520544 0.484238
vt 0.517352 0.482648
vt 0.583863 0.591137
vt 0.583863 0.591137
vt 0.584189 0.589464
vt 0.585384 0.583333
vt 0.585384 0.583333
vt 0.587051 0.574776
vt 0.587897 0.570436
vt 0.587897 0.570436
vt 0.588632 0.566667
vt 0.588632 0.566667
vt 0.589040 0.564572
vt 0.510172 0.489828
vt 0.509474 0.500000
vt 0.510172 0.489828
vt 0.508905 0.508307
vt 0.509284 0.502777
vt 0.509474 0.500000
vt 0.500000 0.475000
vt 0.500000 0.500000
vt 0.493217 0.525210
vt 0.493031 0.525000
vt 0.496846 0.525000
vt 0.495732 0.528063
vt 0.496846 0.525000
vt 0.493031 0.525000
vt 0.484581 0.515419
vt 0.500000 0.516328
vt 0.503282 0.507303
vt 0.501464 0.512303
vt 0.500000 0.516329
vt 0.505938 0.500000
vt 0.506574 0.494168
vt 0.506887 0.497392
vt 0.505938 0.500000
vt 0.506508 0.493492
vt 0.506074 0.489012
vt 0.506244 0.490767
vt 0.506508 0.493492
vt 0.504714 0.475000
vt 0.504863 0.476539
vt 0.504714 0.475000
vt 0.504297 0.470703
vt 0.503179 0.459188
vt 0.503482 0.462312
vt 0.503980 0.467445
vt 0.504297 0.470703
vt 0.500000 0.460688
vt 0.500422 0.460490
vt 0.497175 0.462022
vt 0.500000 0.460688
vt 0.480300 0.475000
vt 0.480039 0.472313
vt 0.479834 0.470203
vt 0.488638 0.466049
vt 0.481420 0.486541
vt 0.481328 0.485591
vt 0.481188 0.484151
vt 0.480496 0.477019
vt 0.480300 0.475000
vt 0.482043 0.492957
vt 0.482160 0.494163
vt 0.482043 0.492957
vt 0.482726 0.500000
vt 0.483824 0.511308
vt 0.483281 0.505719
vt 0.482992 0.502736
vt 0.482801 0.500768
vt 0.482726 0.500000
vt 0.484581 0.515419
vt 0.484178 0.514962
vt 0.572695 0.585638
vt 0.575000 0.589132
vt 0.571175 0.583333
vt 0.572695 0.585638
vt 0.566071 0.575596
vt 0.570581 0.582433
vt 0.571175 0.583333
vt 0.560180 0.566667
vt 0.565139 0.574183
vt 0.566071 0.575596
vt 0.559446 0.565554
vt 0.560180 0.566667
vt 0.558333 0.563867
vt 0.559446 0.565554
vt 0.552822 0.555512
vt 0.558333 0.563867
vt 0.549185 0.550000
vt 0.551262 0.553147
vt 0.552821 0.555512
vt 0.547555 0.547528
vt 0.549185 0.550000
vt 0.459100 0.475000
vt 0.468485 0.472414
vt 0.449999 0.477507
vt 0.459100 0.475000
vt 0.450000 0.477508
vt 0.446539 0.478461
vt 0.446988 0.478338
vt 0.443599 0.479271
vt 0.446539 0.478461
vt 0.554367 0.233333
vt 0.551953 0.236992
vt 0.558333 0.227320
vt 0.554367 0.233333
vt 0.558333 0.227320
vt 0.565361 0.216667
vt 0.564172 0.218470
vt 0.560852 0.223503
vt 0.575000 0.202055
vt 0.565361 0.216667
vt 0.576356 0.200000
vt 0.575000 0.202055
vt 0.578984 0.196016
vt 0.578462 0.196808
vt 0.576356 0.200000
vt 0.581476 0.192239
vt 0.578984 0.196016
vt 0.496623 0.500000
vt 0.491690 0.506005
vt 0.489928 0.508149
vt 0.500000 0.495889
vt 0.496623 0.500000
vt 0.502719 0.492579
vt 0.500000 0.495889
vt 0.510645 0.482931
vt 0.508576 0.485449
vt 0.507228 0.492772
vt 0.505931 0.496348
vt 0.511886 0.479926
vt 0.511679 0.480499
vt 0.507323 0.492509
vt 0.507228 0.492772
vt 0.579320 0.595680
vt 0.582143 0.599960
vt 0.575000 0.589132
vt 0.579320 0.595680
vn -0.447067 -0.538084 0.714560
vn -0.447061 -0.538096 0.714556
vn -0.447068 -0.538085 0.714560
vn -0.447073 -0.538084 0.714557
vn -0.447067 -0.538085 0.714560
vn -0.447069 -0.538084 0.714560
vn -0.447067 -0.538084 0.714560
vn -0.447066 -0.538083 0.714562
vn -0.447071 -0.538089 0.714554
vn -0.447072 -0.538081 0.714560
vn -0.447067 -0.538085 0.714559
vn -0.447063 -0.538088 0.714560
vn -0.447064 -0.538084 0.714562
vn -0.447067 -0.538084 0.714560
vn -0.447068 -0.538093 0.714553
vn -0.447072 -0.538090 0.714553
vn -0.447065 -0.538083 0.714563
vn -0.447067 -0.538081 0.714563
vn -0.447065 -0.538083 0.714562
vn -0.447068 -0.538084 0.714560
vn -0.447067 -0.538087 0.714559
vn -0.447064 -0.538079 0.714566
vn -0.447075 -0.538076 0.714562
vn -0.447067 -0.538087 0.714558
vn -0.447068 -0.538085 0.714559
vn -0.447067 -0.538084 0.714560
vn -0.447067 -0.538085 0.714560
vn -0.447067 -0.538086 0.714559
vn -0.447068 -0.538084 0.714560
vn -0.447067 -0.538085 0.714560
vn -0.447064 -0.538085 0.714561
vn -0.447065 -0.538087 0.714559
vn -0.447066 -0.538085 0.714561
vn -0.447068 -0.538083 0.714561
vn -0.447065 -0.538085 0.714561
vn -0.447069 -0.538080 0.714562
vn -0.447067 -0.538084 0.714561
vn -0.447072 -0.538084 0.714557
vn -0.447065 -0.538085 0.714561
vn -0.447065 -0.538085 0.714561
vn -0.447069 -0.538082 0.714561
vn 0.860504 0.418106 0.291068
vn 0.860504 0.418107 0.291065
vn 0.860507 0.418085 0.291089
vn 0.860505 0.418096 0.291080
vn 0.000000 0.000000 -1.000000
vn 0.000000 0.000000 -1.000000
vn 0.000000 0.000000 -1.000000
vn 0.000000 0.000000 -1.000000
vn 0.860506 0.418096 0.291076
vn 0.860497 0.418116 0.291072
vn 0.000000 1.000000 -0.000000
vn 0.000000 1.000000 0.000002
vn 0.000000 1.000000 0.000001
vn 0.860504 0.418102 0.291073
vn 0.860504 0.418098 0.291078
vn 0.000000 0.000000 -1.000000
vn 0.000000 0.000000 -1.000000
vn 0.000000 0.000000 -1.000000
vn 0.000000 0.000000 -1.000000
vn 0.000000 0.000000 -1.000000
vn 0.000000 0.000000 -1.000000
vn 0.000000 0.000000 -1.000000
vn 0.000000 0.000000 -1.000000
vn 0.000000 1.000000 -0.000000
vn 0.000000 1.000000 0.000000
vn 0.000000 1.000000 -0.000000
vn 0.860503 0.418102 0.291076
vn 0.000000 0.000000 1.000000
vn 0.000000 0.000000 1.000000
vn 0.000000 0.000000 1.000000
vn 0.860505 0.418098 0.291075
vn 0.860502 0.418098 0.291086
vn 0.860501 0.418106 0.291078
vn 0.000000 0.000000 -1.000000
vn 0.000000 0.000000 -1.000000
vn 0.000000 0.000000 -1.000000
vn 0.000000 0.000000 -1.000000
vn 0.000000 0.000000 -1.000000
vn 0.000000 0.000000 -1.000000
vn 0.000000 0.000000 -1.000000
vn 0.000000 0.000000 -1.000000
vn 0.000000 1.000000 0.000000
vn 0.000000 1.000000 -0.000000
vn 0.000000 0.000000 1.000000
vn 0.000000 0.000000 1.000000
vn 0.860504 0.418104 0.291072
vn 0.860504 0.418102 0.291072
vn 0.860505 0.418095 0.291079
vn 0.860505 0.418100 0.291074
vn 0.860502 0.418104 0.291076
vn 0.860502 0.418103 0.291077
vn 0.860502 0.418073 0.291120
vn 0.000000 0.000000 -1.000000
vn 0.000000 0.000000 -1.000000
vn 0.085683 -0.030466 -0.995857
vn 0.000000 0.000000 -1.000000
vn 0.012043 -0.004282 -0.999918
vn 0.000000 0.000000 -1.000000
vn 0.063273 -0.022497 -0.997743
vn 0.000000 0.000000 -1.000000
vn 0.000000 0.000000 -1.000000
vn 0.000000 0.000000 -1.000000
vn 0.000000 0.000000 -1.000000
vn 0.000000 0.000000 -1.000000
vn 0.000000 0.000000 -1.000000
vn -0.946615 -0.063831 0.315983
vn -0.946616 -0.063837 0.315979
vn -0.946615 -0.063832 0.315983
vn -0.946616 -0.063835 0.315979
vn -0.946616 -0.063831 0.315981
vn -0.946616 -0.063831 0.315982
vn -0.946615 -0.063831 0.315982
vn -0.946615 -0.063830 0.315982
vn 0.000000 1.000000 0.000014
vn 0.000000 1.000000 -0.000001
vn 0.000000 0.000000 1.000000
vn 0.000000 0.000000 1.000000
vn 0.000000 0.000000 1.000000
vn 0.000000 0.000000 1.000000
vn 0.860525 0.418055 0.291079
vn 0.860505 0.418098 0.291076
vn 0.860505 0.418100 0.291074
vn 0.860503 0.418102 0.291075
vn 0.860503 0.418102 0.291075
vn 0.860504 0.418101 0.291075
vn 0.860505 0.418103 0.291070
vn 0.860505 0.418101 0.291073
vn 0.860502 0.418104 0.291076
vn 0.860507 0.418097 0.291071
vn 0.860506 0.418099 0.291071
vn 0.388717 -0.138207 -0.910933
vn 0.150260 -0.053428 -0.987202
vn 0.135563 -0.048201 -0.989596
vn 0.000000 0.000000 -1.000000
vn 0.000000 0.000000 -1.000000
vn 0.000000 0.000000 -1.000000
vn 0.000000 0.000000 -1.000000
vn 0.000000 0.000000 -1.000000
vn 0.000000 0.000000 -1.000000
vn 0.000000 0.000000 -1.000000
vn 0.000000 0.000000 -1.000000
vn 0.000000 0.000000 -1.000000
vn 0.000000 0.000000 -1.000000
vn 0.000000 0.000000 -1.000000
vn 0.000000 0.000000 -1.000000
vn 0.000000 0.000000 -1.000000
vn -0.946616 -0.063833 0.315980
vn -0.946616 -0.063833 0.315981
vn -0.946616 -0.063833 0.315980
vn -0.946616 -0.063833 0.315981
vn -0.946616 -0.063828 0.315981
vn -0.946614 -0.063836 0.315986
vn -0.946614 -0.063833 0.315985
vn -0.946617 -0.063816 0.315981
vn -0.946616 -0.063833 0.315980
vn -0.946640 -0.063844 0.315907
vn -0.946620 -0.063832 0.315970
vn 0.000000 0.000000 1.000000
vn 0.000000 0.000000 1.000000
vn 0.000000 0.000000 1.000000
vn 0.000000 0.000000 1.000000
vn 0.000000 0.000000 1.000000
vn 0.000000 0.000000 1.000000
vn 0.000000 0.000000 1.000000
vn 0.000000 0.000000 1.000000
vn 0.000000 0.000000 1.000000
vn 0.000000 0.000000 1.000000
vn 0.000000 0.000000 1.000000
vn 0.000000 0.000000 1.000000
vn 0.000000 0.000000 1.000000
vn 0.000000 0.000000 1.000000
vn 0.000000 0.000000 1.000000
vn 0.000000 0.000000 1.000000
vn 0.860504 0.418110 0.291061
vn 0.860503 0.418129 0.291038
vn 0.860505 0.418061 0.291129
vn 0.860501 0.418096 0.291090
vn 0.860503 0.418099 0.291079
vn 0.860507 0.418096 0.291073
vn 0.860505 0.418098 0.291076
vn 0.860504 0.418093 0.291085
vn 0.388717 -0.138212 -0.910932
vn 0.388713 -0.138211 -0.910933
vn 0.388713 -0.138210 -0.910934
vn 0.269069 -0.095671 -0.958357
vn 0.388713 -0.138211 -0.910934
vn 0.388702 -0.138228 -0.910936
vn 0.260768 -0.092721 -0.960939
vn 0.068282 -0.024278 -0.997371
vn 0.388713 -0.138210 -0.910934
vn 0.000000 0.000000 -1.000000
s 1
g solidShatter1 shard12
usemtl shatterInteriorSG1
f 1961/4444/3252 1962/4443/3253 1960/4445/3254
f 1959/4446/3255 1960/4445/3254 1962/4443/3253
f 1964/4442/3256 1965/4449/3257 1963/4450/3258
f 1960/4447/3254 1963/4450/3258 1961/4448/3252
f 1963/4450/3258 1965/4449/3257 1961/4448/3252
f 1963/4453/3258 1967/4452/3259 1964/4442/3256
f 1967/4452/3259 1968/4451/3260 1964/4442/3256
f 1966/4454/3261 1964/4442/3256 1968/4451/3260
f 1969/4458/3262 1964/4442/3256 1971/4455/3263
f 1971/4455/3263 1964/4442/3256 1970/4456/3264
f 1964/4442/3256 1966/4457/3261 1970/4456/3264
f 1964/4442/3256 1969/4461/3262 1974/4441/3265
f 1969/4461/3262 1975/4460/3266 1974/4441/3265
f 1975/4460/3266 1976/4459/3267 1974/4441/3265
f 1973/4462/3268 1974/4441/3265 1972/4463/3269
f 1972/4463/3269 1974/4441/3265 1976/4459/3267
f 1977/4465/3270 1974/4441/3265 1973/4464/3268
f 1974/4441/3265 1977/4469/3270 1979/4470/3271
f 1977/4469/3270 1980/4468/3272 1979/4470/3271
f 1980/4468/3272 1981/4467/3273 1979/4470/3271
f 1979/4470/3271 1981/4467/3273 1978/4471/3274
f 1978/4471/3274 1981/4467/3273 1982/4466/3275
f 1979/4473/3271 1987/4472/3276 1974/4441/3265
f 1987/4472/3276 1983/4477/3277 1974/4441/3265
f 1986/4474/3278 1974/4441/3265 1985/4475/3279
f 1985/4475/3279 1974/4441/3265 1984/4476/3280
f 1983/4477/3277 1984/4476/3280 1974/4441/3265
f 1988/4483/3281 1974/4441/3265 1992/4478/3282
f 1992/4478/3282 1974/4441/3265 1991/4479/3283
f 1991/4479/3283 1974/4441/3265 1990/4480/3284
f 1986/4482/3278 1989/4481/3285 1974/4441/3265
f 1974/4441/3265 1989/4481/3285 1990/4480/3284
f 1993/4486/3286 1964/4442/3256 1994/4484/3287
f 1994/4484/3287 1964/4442/3256 1988/4485/3281
f 1964/4442/3256 1974/4441/3265 1988/4485/3281
f 1993/4491/3286 1996/4490/3288 1964/4442/3256
f 1965/4492/3257 1964/4442/3256 1995/4493/3289
f 1995/4493/3289 1964/4442/3256 1999/4487/3290
f 1999/4487/3290 1964/4442/3256 1998/4488/3291
f 1998/4488/3291 1964/4442/3256 1997/4489/3292
f 1964/4442/3256 1996/4490/3288 1997/4489/3292
s 7
f 2000/4355/3293 2001/4354/3294 2002/4351/3295
f 2003/4356/3296 2000/4355/3293 2002/4351/3295
s 8
usemtl initialShadingGroup
f 2000/4396/3297 2003/4395/3298 2004/4290/3299
f 2001/4394/3300 2000/4393/3297 2004/4290/3299
s 7
usemtl shatterInteriorSG1
f 2001/4354/3294 2005/4353/3301 2002/4351/3295
f 2006/4352/3302 2002/4351/3295 2005/4353/3301
s 9
usemtl initialShadingGroup
f 2002/4388/3303 2006/4387/3304 2007/4288/3305
s 7
usemtl shatterInteriorSG1
f 2008/4350/3306 2003/4356/3296 2002/4351/3295
f 2009/4349/3307 2003/4356/3296 2008/4350/3306
s 8
usemtl initialShadingGroup
f 2010/4401/3308 2011/4400/3309 2012/4292/3310
f 2004/4290/3299 2003/4397/3298 2012/4292/3310
f 2003/4397/3298 2009/4399/3311 2012/4292/3310
f 2009/4399/3311 2010/4398/3308 2012/4292/3310
f 2005/4392/3312 2001/4391/3300 2013/4289/3313
f 2001/4391/3300 2004/4290/3299 2013/4289/3313
f 2006/4390/3314 2005/4389/3312 2007/4288/3315
f 2007/4288/3315 2005/4389/3312 2013/4289/3313
s 9
f 2014/4287/3316 2015/4384/3317 2007/4288/3305
f 2002/4385/3303 2007/4288/3305 2008/4386/3318
f 2008/4386/3318 2007/4288/3305 2015/4384/3317
s 7
usemtl shatterInteriorSG1
f 2016/4335/3319 2009/4349/3307 2008/4350/3306
s 12
usemtl initialShadingGroup
f 2017/4383/3320 2015/4382/3321 2014/4287/3322
s 7
usemtl shatterInteriorSG1
f 2009/4358/3307 2016/4335/3319 2010/4359/3323
f 2010/4359/3323 2016/4335/3319 2011/4360/3324
f 2011/4360/3324 2016/4335/3319 2018/4357/3325
s 8
usemtl initialShadingGroup
f 2020/4294/3326 2012/4292/3310 2019/4403/3327
f 2011/4402/3309 2018/4404/3328 2012/4292/3310
f 2018/4404/3328 2019/4403/3327 2012/4292/3310
f 2021/4291/3329 2004/4290/3299 2012/4292/3310
f 2013/4289/3313 2004/4290/3299 2021/4291/3329
f 2022/4322/3330 2023/4321/3331 2013/4289/3313
f 2013/4289/3313 2023/4321/3331 2007/4288/3315
f 2023/4323/3331 2024/4325/3332 2007/4288/3315
f 2024/4325/3332 2025/4324/3333 2007/4288/3315
s 9
f 2025/4327/3334 2026/4326/3335 2007/4288/3305
f 2007/4288/3305 2026/4326/3335 2014/4287/3316
s 12
f 2027/4381/3336 2017/4380/3320 2028/4286/3337
f 2028/4286/3337 2017/4380/3320 2014/4287/3322
s 7
usemtl shatterInteriorSG1
f 2015/4348/3338 2017/4347/3339 2008/4344/3306
f 2008/4344/3306 2017/4347/3339 2016/4335/3319
f 2017/4347/3339 2027/4346/3340 2016/4335/3319
f 2027/4346/3340 2029/4345/3341 2016/4335/3319
f 2029/4338/3341 2030/4343/3342 2016/4335/3319
f 2031/4361/3343 2019/4363/3344 2016/4335/3319
f 2019/4363/3344 2018/4362/3325 2016/4335/3319
s 8
usemtl initialShadingGroup
f 2019/4405/3327 2031/4407/3345 2020/4294/3326
f 2031/4407/3345 2032/4406/3346 2020/4294/3326
f 2034/4433/3347 2035/4295/3348 2033/4434/3349
f 2033/4434/3349 2035/4295/3348 2036/4410/3350
f 2034/4432/3347 2037/4431/3351 2035/4295/3348
f 2035/4295/3348 2037/4431/3351 2038/4296/3352
f 2032/4409/3346 2036/4408/3350 2020/4294/3326
f 2020/4294/3326 2036/4408/3350 2035/4295/3348
f 2039/4293/3353 2012/4292/3310 2020/4294/3326
f 2021/4291/3329 2012/4292/3310 2039/4293/3353
f 2040/4315/3354 2041/4314/3355 2021/4291/3329
f 2041/4317/3355 2042/4316/3356 2021/4291/3329
f 2021/4291/3329 2042/4316/3356 2013/4289/3313
f 2042/4318/3356 2043/4320/3357 2013/4289/3313
f 2043/4320/3357 2022/4319/3330 2013/4289/3313
s 16
usemtl shatterInteriorSG1
f 2024/4302/3358 2023/4305/3359 2044/4297/3360
f 2023/4305/3359 2022/4304/3361 2044/4297/3360
f 2022/4304/3361 2043/4303/3362 2044/4297/3360
f 2045/4306/3363 2026/4309/3364 2044/4297/3360
f 2044/4297/3360 2026/4309/3364 2024/4307/3358
f 2026/4309/3364 2025/4308/3365 2024/4307/3358
s 9
usemtl initialShadingGroup
f 2046/4329/3366 2014/4287/3316 2045/4330/3367
f 2045/4330/3367 2014/4287/3316 2026/4328/3335
s 12
f 2046/4332/3368 2047/4331/3369 2014/4287/3322
f 2014/4287/3322 2047/4331/3369 2028/4286/3337
f 2030/4377/3370 2029/4379/3371 2028/4286/3337
f 2029/4379/3371 2027/4378/3336 2028/4286/3337
s 7
usemtl shatterInteriorSG1
f 2030/4343/3342 2048/4342/3372 2016/4335/3319
f 2048/4342/3372 2049/4341/3373 2016/4335/3319
f 2049/4341/3373 2050/4340/3374 2016/4335/3319
f 2051/4339/3375 2016/4335/3319 2050/4340/3374
f 2052/4334/3376 2016/4335/3319 2051/4339/3375
f 2053/4437/3377 2054/4436/3378 2052/4334/3376
f 2016/4335/3319 2052/4334/3376 2031/4364/3343
f 2031/4364/3343 2052/4334/3376 2032/4365/3379
f 2032/4365/3379 2052/4334/3376 2036/4366/3380
f 2036/4366/3380 2052/4334/3376 2033/4438/3381
f 2033/4438/3381 2052/4334/3376 2055/4439/3382
f 2054/4440/3378 2055/4439/3382 2052/4334/3376
s 8
f 2033/4411/3349 2055/4415/3383 2034/4412/3347
f 2034/4412/3347 2055/4415/3383 2037/4413/3351
f 2055/4415/3383 2056/4414/3384 2037/4413/3351
usemtl initialShadingGroup
f 2037/4430/3351 2056/4429/3384 2038/4296/3352
f 2056/4429/3384 2057/4428/3385 2038/4296/3352
f 1998/4495/3386 1997/4494/3387 2038/4296/3352
f 1997/4497/3387 1996/4496/3388 2038/4296/3352
f 1994/4498/3389 2035/4295/3348 1993/4499/3390
f 2038/4296/3352 1996/4500/3388 2035/4295/3348
f 1996/4500/3388 1993/4499/3390 2035/4295/3348
f 1994/4503/3389 1988/4502/3391 2035/4295/3348
f 1988/4502/3391 1992/4501/3392 2035/4295/3348
f 1991/4504/3393 2020/4294/3326 1992/4505/3392
f 1992/4505/3392 2020/4294/3326 2035/4295/3348
f 1991/4507/3393 1990/4506/3394 2020/4294/3326
f 1990/4506/3394 2039/4293/3353 2020/4294/3326
f 1990/4509/3394 1989/4508/3395 2039/4293/3353
f 1985/4510/3396 2039/4293/3353 1986/4511/3397
f 1989/4512/3395 1986/4511/3397 2039/4293/3353
f 2039/4293/3353 1985/4514/3396 2021/4291/3329
f 1985/4514/3396 1984/4513/3398 2021/4291/3329
f 1984/4513/3398 2040/4313/3354 2021/4291/3329
s 16
usemtl shatterInteriorSG1
f 1984/4516/3399 1983/4515/3400 2040/4299/3401
f 2044/4297/3360 2043/4298/3362 1983/4515/3400
f 2040/4299/3401 1983/4515/3400 2041/4300/3402
f 2043/4298/3362 2042/4301/3403 1983/4515/3400
f 1983/4515/3400 2042/4301/3403 2041/4300/3402
f 1983/4518/3400 1987/4517/3404 2044/4297/3360
f 1978/4520/3405 2044/4297/3360 1979/4521/3406
f 1979/4521/3406 2044/4297/3360 1987/4519/3404
f 2044/4297/3360 1978/4523/3405 2045/4310/3363
f 1978/4523/3405 1982/4522/3407 2045/4310/3363
f 1982/4522/3407 2047/4312/3408 2045/4310/3363
f 2047/4312/3408 2046/4311/3409 2045/4310/3363
s 12
usemtl initialShadingGroup
f 1982/4525/3410 1981/4524/3411 2047/4333/3369
f 2047/4333/3369 1981/4524/3411 2028/4286/3337
f 1981/4527/3411 1980/4526/3412 2028/4286/3337
f 2028/4286/3337 1980/4528/3412 2030/4375/3370
f 1980/4528/3412 1977/4531/3413 2030/4375/3370
f 1977/4531/3413 1973/4530/3414 2030/4375/3370
f 2048/4376/3415 2030/4375/3370 1972/4529/3416
f 1973/4530/3414 1972/4529/3416 2030/4375/3370
f 2048/4371/3415 1972/4533/3416 2049/4372/3417
f 1972/4533/3416 1976/4532/3418 2049/4372/3417
f 2050/4374/3419 2049/4373/3417 1975/4534/3420
f 1976/4535/3418 1975/4534/3420 2049/4373/3417
f 2058/4368/3421 2051/4370/3422 1971/4536/3423
f 1975/4538/3420 1969/4537/3424 2050/4369/3419
f 2050/4369/3419 1969/4537/3424 2051/4370/3422
f 1969/4537/3424 1971/4536/3423 2051/4370/3422
f 1971/4540/3423 1970/4539/3425 2058/4367/3421
s 7
usemtl shatterInteriorSG1
f 2051/4336/3375 2058/4337/3426 2052/4334/3376
f 2058/4337/3426 1970/4543/3427 2052/4334/3376
f 1970/4543/3427 1966/4542/3428 2052/4334/3376
f 1966/4542/3428 1968/4541/3429 2052/4334/3376
f 1968/4545/3429 1967/4544/3430 2052/4334/3376
f 1959/4548/3431 2053/4435/3377 1960/4549/3432
f 2052/4334/3376 1967/4547/3430 2053/4435/3377
f 1967/4547/3430 1963/4546/3433 2053/4435/3377
f 1960/4549/3432 2053/4435/3377 1963/4546/3433
s 8
f 1959/4551/3434 1962/4550/3435 2053/4418/3436
f 1962/4550/3435 2059/4423/3437 2053/4418/3436
f 2053/4418/3436 2059/4423/3437 2054/4419/3438
f 2059/4423/3437 2057/4422/3385 2054/4419/3438
f 2057/4422/3385 2056/4421/3384 2054/4419/3438
f 2056/4421/3384 2055/4420/3383 2054/4419/3438
f 1962/4555/3435 1961/4554/3439 2059/4416/3437
f 2059/4416/3437 1961/4554/3439 2060/4417/3440
f 1995/4552/3441 2060/4417/3440 1965/4553/3442
f 1961/4554/3439 1965/4553/3442 2060/4417/3440
usemtl initialShadingGroup
f 1995/4557/3441 1999/4556/3443 2060/4424/3440
f 1999/4559/3443 1998/4558/3386 2060/4425/3440
f 1998/4558/3386 2038/4296/3352 2060/4425/3440
f 2057/4427/3385 2059/4426/3437 2038/4296/3352
f 2038/4296/3352 2059/4426/3437 2060/4425/3440
g default
v 3.049034 0.002319 0.500000
v 2.949953 0.216949 0.500000
v 2.996761 0.002319 0.141682
v 2.587406 1.002319 0.500000
v 2.552908 1.077047 0.500000
v 2.451065 1.297668 0.500000
v 2.443144 1.314827 0.500000
v 2.570131 0.732527 -0.472122
v 2.791908 0.559315 0.500000
v 2.304846 1.614412 0.500000
v 2.255320 1.721699 0.500000
v 2.155779 1.937330 0.500000
v 2.016235 2.046317 -0.111665
v 2.056784 2.151779 0.500000
v 1.936335 2.412704 0.500000
v 1.923235 2.441078 0.500000
v 1.808722 2.689144 0.500000
v 1.591151 3.160457 0.500000
v 1.560659 3.226509 0.500000
v 1.519649 3.315349 0.500000
v 1.462339 3.360109 0.248792
v 1.470638 3.421517 0.500000
v 1.429523 3.510582 0.500000
v 1.312597 3.763875 0.500000
v 1.259067 3.879836 0.500000
v 1.076321 4.275709 0.500000
v 0.436194 5.346363 -0.500000
v 0.490213 5.229344 -0.500000
v 0.546533 5.107342 -0.500000
v 0.508775 5.280479 -0.210954
v 0.425217 5.389995 -0.437183
v 0.402015 5.420403 -0.500000
v 0.422527 5.375971 -0.500000
v 0.816473 4.838605 0.500000
v 0.771368 4.936315 0.500000
v 0.712820 5.013050 0.341485
v 0.560542 5.212632 -0.070799
v 0.634166 4.917505 -0.500000
v 0.655381 4.871550 -0.500000
v 0.883518 4.693368 0.500000
v 1.053343 4.009463 -0.500000
v 0.922713 4.608462 0.500000
v 0.670588 4.838605 -0.500000
v 0.832139 4.488647 -0.500000
v 0.918651 4.301240 -0.500000
v 1.030111 4.059790 -0.500000
v 1.291512 3.493530 -0.500000
v 1.064535 4.301240 0.500000
v 0.926982 4.599215 0.500000
v 1.166714 3.763875 -0.500000
v 1.228084 3.630932 -0.500000
v 1.426056 3.202074 -0.500000
v 1.470638 3.105496 -0.500000
v 1.560154 2.911584 -0.500000
v 1.414776 3.226509 -0.500000
v 1.927643 2.115511 -0.500000
v 1.624028 2.773216 -0.500000
v 1.662838 2.689144 -0.500000
v 1.822001 2.344357 -0.500000
v 1.910900 2.151779 -0.500000
v 2.066963 1.813705 -0.500000
v 2.019972 1.915501 -0.500000
v 2.451065 0.981647 -0.500000
v 2.563772 0.737495 -0.500000
v 2.158962 1.614414 -0.500000
v 2.217945 1.486643 -0.500000
v 2.407024 1.077047 -0.500000
v 2.415916 1.057785 -0.500000
v 2.573772 0.715828 -0.500000
v 2.612970 0.630919 -0.500000
v 2.903149 0.002319 -0.500000
v 2.971582 0.002319 -0.030910
v 2.919491 0.282940 0.500000
v 2.800974 0.539679 0.500000
v 2.613890 0.628925 -0.500000
v 2.655087 0.539682 -0.500000
v 2.811863 0.200069 -0.500000
v 3.310301 3.874810 0.500000
v 3.313416 3.828590 0.500000
v 3.025860 3.142786 -0.500000
v 3.157324 4.415412 0.150923
v 3.258696 4.281700 0.427603
v 3.129210 4.143260 0.011723
v 3.317780 3.763875 0.500000
v 3.351042 3.270602 0.500000
v 3.431490 2.077585 0.500000
v 3.434843 2.027863 0.500000
v 3.115782 1.809278 -0.500000
v 3.128922 1.614414 -0.500000
v 3.104761 1.972700 -0.500000
v 3.427137 2.142164 0.500000
v 3.069818 2.490913 -0.500000
v 3.422943 2.204357 0.500000
v 3.092686 2.151779 -0.500000
v 2.939425 4.424602 -0.500000
v 2.969883 3.972915 -0.500000
v 2.964985 4.045551 -0.500000
v 2.947742 4.301240 -0.500000
v 2.983978 3.763875 -0.500000
v 2.451065 3.763875 -0.500000
v 2.451065 4.301240 -0.500000
v 2.930040 4.563764 -0.500000
v 2.918831 4.729988 -0.500000
v 3.020567 4.595796 -0.222327
v 3.264479 4.274072 0.443387
v 3.285221 4.246712 0.500000
v 3.086449 4.301240 0.500000
v 2.451065 4.301240 0.500000
v 2.281763 4.660311 0.138607
v 2.451065 4.475539 0.500000
v 2.451065 3.763875 0.500000
v 3.354015 3.226509 0.500000
v 3.354187 3.223982 0.500000
v 3.042831 2.891096 -0.500000
v 3.034872 3.009126 -0.500000
v 3.052067 2.754148 -0.500000
v 3.056450 2.689144 -0.500000
v 3.426296 2.154625 0.500000
v 3.462725 1.614412 0.500000
v 3.431490 1.614412 0.500000
v 3.426489 2.151779 0.500000
v 3.463923 1.596638 0.500000
v 3.500086 1.060347 0.500000
v 3.314390 0.861811 -0.096412
v 3.498960 1.077047 0.500000
v 3.501549 1.038649 0.500000
v 3.164709 1.083698 -0.500000
v 3.139706 1.454489 -0.500000
v 2.451065 1.614414 -0.500000
v 2.451065 2.151779 -0.500000
v 2.999929 3.527338 -0.500000
v 3.020214 3.226509 -0.500000
v 2.451065 3.226509 -0.500000
v 2.451065 2.689144 -0.500000
v 1.470638 3.763875 -0.500000
v 1.470638 4.301240 -0.500000
v 2.451065 4.838605 -0.500000
v 2.475019 4.851735 -0.500000
v 2.522882 4.838605 -0.500000
v 2.547268 4.831916 -0.500000
v 1.821621 5.030976 -0.500000
v 2.451065 4.858306 -0.500000
v 1.470638 4.838605 -0.500000
v 2.131514 4.563199 0.500000
v 1.814409 4.650187 0.500000
v 1.470638 4.301240 0.500000
v 2.451065 3.226509 0.500000
v 3.388670 2.712614 0.500000
v 3.390253 2.689144 0.500000
v 2.451065 2.689144 0.500000
v 2.451065 2.151779 0.500000
v 3.431490 1.077047 0.500000
v 3.535196 0.539679 0.500000
v 3.535887 0.002319 0.393518
v 3.571434 0.002319 0.500000
v 3.431490 0.002319 0.500000
v 3.535585 0.533907 0.500000
v 3.431490 0.539679 0.500000
v 3.539175 0.480658 0.500000
v 3.188732 0.727463 -0.500000
v 3.174650 0.936275 -0.500000
v 3.165157 1.077047 -0.500000
v 2.451065 1.077047 -0.500000
v 1.470638 3.226509 -0.500000
v 1.470638 5.127257 -0.500000
v 0.490213 5.396209 -0.500000
v 0.514821 5.389459 -0.500000
v 0.490213 5.375971 -0.500000
v 0.563989 5.375971 -0.500000
v 1.168221 5.210217 -0.500000
v 1.062672 5.239172 -0.500000
v 0.966731 5.177162 -0.269238
v 1.439084 5.135914 -0.500000
v 1.542019 4.724909 0.500000
v 1.470638 4.744490 0.500000
v 1.470638 3.763875 0.500000
v 2.451065 1.614412 0.500000
v 3.431490 0.002319 0.080767
v 3.232880 0.072754 -0.500000
v 3.286869 0.002319 -0.352491
v 3.237629 0.002319 -0.500000
v 3.209595 0.418064 -0.500000
v 3.201395 0.539682 -0.500000
v 1.127554 4.838605 0.500000
vt 0.558333 0.000000
vt 0.558333 0.016667
vt 0.558333 0.033333
vt 0.541667 0.050000
vt 0.558333 0.050000
vt 0.541667 0.066667
vt 0.541667 0.083333
vt 0.541667 0.100000
vt 0.525000 0.116667
vt 0.541667 0.116667
vt 0.525000 0.133333
vt 0.541667 0.133333
vt 0.508333 0.583333
vt 0.525000 0.600000
vt 0.541667 0.600000
vt 0.525000 0.616667
vt 0.541667 0.616667
vt 0.525000 0.633333
vt 0.541667 0.633333
vt 0.525000 0.650000
vt 0.541667 0.650000
vt 0.541667 0.666667
vt 0.541667 0.683333
vt 0.541667 0.700000
vt 0.541667 0.716666
vt 0.558333 1.000000
vt 0.500000 0.500000
vt 0.550000 0.525000
vt 0.566184 0.525574
vt 0.564970 0.527922
vt 0.561405 0.534820
vt 0.558832 0.539799
vt 0.557956 0.541495
vt 0.550797 0.537599
vt 0.550000 0.537166
vt 0.565130 0.525000
vt 0.558142 0.521198
vt 0.559962 0.522188
vt 0.565130 0.525000
vt 0.555331 0.519669
vt 0.550099 0.516822
vt 0.552206 0.517968
vt 0.555331 0.519669
vt 0.550000 0.516768
vt 0.509888 0.494942
vt 0.513428 0.496868
vt 0.517931 0.499318
vt 0.519184 0.500000
vt 0.506760 0.493240
vt 0.501846 0.490566
vt 0.505673 0.492649
vt 0.506760 0.493240
vt 0.500000 0.489562
vt 0.497917 0.488429
vt 0.500000 0.489562
vt 0.500000 0.509960
vt 0.509703 0.515239
vt 0.509043 0.514880
vt 0.501660 0.510863
vt 0.500692 0.510336
vt 0.500000 0.509960
vt 0.519184 0.500000
vt 0.521184 0.501088
vt 0.522950 0.502050
vt 0.509740 0.515260
vt 0.517745 0.519615
vt 0.517393 0.519424
vt 0.509740 0.515260
vt 0.522950 0.502050
vt 0.525000 0.503165
vt 0.525000 0.523563
vt 0.525787 0.523991
vt 0.525744 0.523968
vt 0.525000 0.523563
vt 0.525000 0.503165
vt 0.525973 0.503694
vt 0.528940 0.505308
vt 0.534015 0.508070
vt 0.536695 0.509528
vt 0.539141 0.510859
vt 0.525931 0.524069
vt 0.526897 0.524595
vt 0.525931 0.524069
vt 0.539141 0.510859
vt 0.542057 0.512446
vt 0.544451 0.513748
vt 0.550000 0.516768
vt 0.527641 0.525000
vt 0.541871 0.532743
vt 0.534095 0.528512
vt 0.533829 0.528367
vt 0.527641 0.525000
vt 0.542121 0.532879
vt 0.542446 0.533055
vt 0.542121 0.532879
vt 0.550000 0.537166
vt 0.549914 0.537119
vt 0.558864 0.050000
vt 0.558885 0.049449
vt 0.558333 0.064366
vt 0.558390 0.062823
vt 0.558864 0.050000
vt 0.558248 0.066667
vt 0.558259 0.066368
vt 0.558333 0.064366
vt 0.558245 0.066755
vt 0.558248 0.066667
vt 0.557632 0.083333
vt 0.558188 0.068297
vt 0.558245 0.066755
vt 0.557605 0.084061
vt 0.557632 0.083333
vt 0.557016 0.100000
vt 0.557019 0.099922
vt 0.557605 0.084061
vt 0.556966 0.101368
vt 0.557016 0.100000
vt 0.556400 0.116667
vt 0.556966 0.101368
vt 0.556326 0.118674
vt 0.556400 0.116667
vt 0.556273 0.120107
vt 0.556326 0.118674
vt 0.549809 0.608524
vt 0.550110 0.616667
vt 0.549969 0.612840
vt 0.549809 0.608524
vt 0.550403 0.624597
vt 0.550110 0.616667
vt 0.550726 0.633333
vt 0.550486 0.626850
vt 0.550403 0.624597
vt 0.550997 0.640670
vt 0.550726 0.633333
vt 0.551342 0.650000
vt 0.550997 0.640670
vt 0.551591 0.656742
vt 0.551438 0.652597
vt 0.551342 0.650000
vt 0.551591 0.656742
vt 0.551958 0.666667
vt 0.551883 0.664650
vt 0.551726 0.660403
vt 0.552185 0.672815
vt 0.551958 0.666667
vt 0.552574 0.683333
vt 0.552185 0.672815
vt 0.552779 0.688887
vt 0.552574 0.683333
vt 0.553190 0.700000
vt 0.552967 0.693956
vt 0.552779 0.688887
vt 0.553373 0.704960
vt 0.553190 0.700000
vt 0.553806 0.716666
vt 0.553798 0.716460
vt 0.553373 0.704960
vt 0.553967 0.721033
vt 0.553806 0.716666
vt 0.554422 0.733333
vt 0.554207 0.727509
vt 0.553967 0.721033
vt 0.554561 0.737105
vt 0.554422 0.733333
vt 0.555038 0.750000
vt 0.554957 0.747815
vt 0.554561 0.737105
vt 0.555875 0.786877
vt 0.555038 0.750000
vt 0.558333 0.895191
vt 0.555875 0.786877
vt 0.560108 0.973379
vt 0.558333 0.895191
vt 0.560712 1.000000
vt 0.560108 0.973379
vt 0.560164 0.014836
vt 0.560712 0.000000
vt 0.560164 0.014836
vt 0.560096 0.016667
vt 0.560103 0.016488
vt 0.559524 0.032142
vt 0.560096 0.016667
vt 0.559480 0.033333
vt 0.559499 0.032815
vt 0.559524 0.032142
vt 0.558885 0.049449
vt 0.559480 0.033333
vt 0.500000 0.500000
vt 0.525000 0.500000
vt 0.518661 0.506339
vt 0.525000 0.504377
vt 0.523223 0.504927
vt 0.525000 0.504377
vt 0.534640 0.501394
vt 0.534226 0.501522
vt 0.533398 0.501779
vt 0.511129 0.489701
vt 0.516906 0.487913
vt 0.509927 0.490073
vt 0.505340 0.491493
vt 0.509927 0.490073
vt 0.500000 0.493145
vt 0.480572 0.499157
vt 0.483919 0.498121
vt 0.494619 0.494810
vt 0.500000 0.493145
vt 0.481318 0.500000
vt 0.485170 0.504356
vt 0.481526 0.500235
vt 0.481318 0.500000
vt 0.490086 0.509914
vt 0.493743 0.514050
vt 0.490086 0.509914
vt 0.500000 0.512113
vt 0.500411 0.511986
vt 0.500000 0.512113
vt 0.518661 0.506339
vt 0.518130 0.506503
vt 0.512220 0.508332
vt 0.501620 0.511612
vt 0.501217 0.511737
vt 0.549618 0.603369
vt 0.543302 0.600207
vt 0.542888 0.600000
vt 0.494782 0.500000
vt 0.495153 0.492589
vt 0.495430 0.487075
vt 0.494506 0.505494
vt 0.494782 0.500000
vt 0.494434 0.506931
vt 0.494490 0.505807
vt 0.494506 0.505494
vt 0.552468 0.133333
vt 0.555847 0.131642
vt 0.541667 0.138739
vt 0.552468 0.133333
vt 0.530844 0.144156
vt 0.536235 0.141458
vt 0.541667 0.138739
vt 0.525000 0.147081
vt 0.526214 0.146474
vt 0.530844 0.144156
vt 0.519168 0.150000
vt 0.525000 0.147081
vt 0.519168 0.150000
vt 0.508333 0.582706
vt 0.508752 0.582915
vt 0.508333 0.582706
vt 0.509588 0.583333
vt 0.508752 0.582915
vt 0.519859 0.588474
vt 0.518065 0.587576
vt 0.509588 0.583333
vt 0.519859 0.588474
vt 0.525000 0.591047
vt 0.524464 0.590779
vt 0.530967 0.594033
vt 0.525000 0.591047
vt 0.541667 0.599389
vt 0.530967 0.594033
vt 0.542074 0.599593
vt 0.541667 0.599389
vt 0.542888 0.600000
vt 0.542074 0.599593
vt 0.500000 0.450000
vt 0.500000 0.475000
vt 0.500000 0.500000
vt 0.486263 0.438737
vt 0.481211 0.443789
vt 0.480218 0.439895
vt 0.482796 0.450000
vt 0.486293 0.463706
vt 0.486214 0.463395
vt 0.485193 0.459393
vt 0.484847 0.458037
vt 0.486293 0.463707
vt 0.489175 0.475000
vt 0.488177 0.471088
vt 0.487680 0.469142
vt 0.489175 0.475000
vt 0.491376 0.483624
vt 0.490168 0.478891
vt 0.491376 0.483624
vt 0.495554 0.500000
vt 0.495143 0.498388
vt 0.494837 0.497190
vt 0.492655 0.488639
vt 0.491507 0.484139
vt 0.495554 0.500000
vt 0.496458 0.503542
vt 0.496046 0.501926
vt 0.496458 0.503542
vt 0.500000 0.517423
vt 0.498167 0.510241
vt 0.497631 0.508137
vt 0.521966 0.534151
vt 0.522171 0.534957
vt 0.520971 0.534609
vt 0.516647 0.533353
vt 0.520722 0.529278
vt 0.521287 0.531491
vt 0.521829 0.533614
vt 0.501933 0.525000
vt 0.519631 0.525000
vt 0.519844 0.525834
vt 0.520722 0.529278
vt 0.516647 0.533353
vt 0.513968 0.532575
vt 0.506088 0.530287
vt 0.503058 0.529408
vt 0.502606 0.527635
vt 0.515873 0.510273
vt 0.516991 0.514653
vt 0.517858 0.518053
vt 0.519478 0.524402
vt 0.519631 0.525000
vt 0.501933 0.525000
vt 0.501540 0.523460
vt 0.515640 0.509360
vt 0.513888 0.502493
vt 0.514503 0.504905
vt 0.515640 0.509360
vt 0.501540 0.523460
vt 0.501498 0.523292
vt 0.500118 0.517886
vt 0.500000 0.517423
vt 0.513252 0.500000
vt 0.512015 0.495156
vt 0.513252 0.500000
vt 0.510558 0.489442
vt 0.511455 0.492960
vt 0.511902 0.494712
vt 0.507040 0.475658
vt 0.507932 0.479152
vt 0.509528 0.485407
vt 0.509917 0.486932
vt 0.510558 0.489442
vt 0.506873 0.475000
vt 0.505947 0.471371
vt 0.506872 0.475000
vt 0.505475 0.469525
vt 0.501976 0.455811
vt 0.502065 0.456160
vt 0.503961 0.463591
vt 0.504553 0.465909
vt 0.505475 0.469525
vt 0.500493 0.450000
vt 0.501624 0.454429
vt 0.500493 0.450000
vt 0.500393 0.449607
vt 0.500393 0.449607
vt 0.500000 0.448066
vt 0.498005 0.440250
vt 0.499578 0.446411
vt 0.499991 0.448030
vt 0.500000 0.448067
vt 0.482796 0.450000
vt 0.482705 0.449644
vt 0.481517 0.444986
vt 0.481211 0.443789
vt 0.486263 0.438737
vt 0.489175 0.438179
vt 0.497090 0.436662
vt 0.545135 0.733333
vt 0.547800 0.743867
vt 0.544435 0.730565
vt 0.545135 0.733333
vt 0.544435 0.730565
vt 0.541667 0.719625
vt 0.543583 0.727198
vt 0.543753 0.727870
vt 0.544419 0.730503
vt 0.541069 0.717264
vt 0.541667 0.719625
vt 0.540918 0.716666
vt 0.541069 0.717264
vt 0.537704 0.703963
vt 0.540918 0.716666
vt 0.536701 0.700000
vt 0.537704 0.703963
vt 0.534338 0.690661
vt 0.535137 0.693819
vt 0.536701 0.700000
vt 0.532484 0.683333
vt 0.532769 0.684458
vt 0.534338 0.690661
vt 0.530973 0.677360
vt 0.532484 0.683333
vt 0.528267 0.666667
vt 0.530973 0.677360
vt 0.527608 0.664059
vt 0.528267 0.666667
vt 0.527608 0.664059
vt 0.525000 0.653753
vt 0.526522 0.659767
vt 0.524242 0.650758
vt 0.525000 0.653753
vt 0.524050 0.650000
vt 0.524242 0.650758
vt 0.520877 0.637456
vt 0.521955 0.641718
vt 0.524050 0.650000
vt 0.519834 0.633333
vt 0.520877 0.637457
vt 0.517511 0.624155
vt 0.517906 0.625716
vt 0.519834 0.633333
vt 0.515617 0.616666
vt 0.517511 0.624155
vt 0.514146 0.610854
vt 0.515617 0.616667
vt 0.511400 0.600000
vt 0.514146 0.610854
vt 0.510781 0.597553
vt 0.511141 0.598978
vt 0.511400 0.600000
vt 0.510781 0.597553
vt 0.508333 0.587881
vt 0.509291 0.591665
vt 0.507415 0.584252
vt 0.508333 0.587881
vt 0.507183 0.583333
vt 0.507415 0.584252
vt 0.506834 0.581955
vt 0.507183 0.583333
vt 0.535295 0.500000
vt 0.536125 0.500935
vt 0.535295 0.500000
vt 0.530451 0.494549
vt 0.532304 0.496634
vt 0.524999 0.488415
vt 0.530451 0.494549
vt 0.522904 0.486057
vt 0.525000 0.488416
vt 0.513880 0.150000
vt 0.513113 0.153031
vt 0.515019 0.145495
vt 0.513880 0.150000
vt 0.515758 0.142575
vt 0.515686 0.142862
vt 0.518097 0.133333
vt 0.515758 0.142575
vt 0.518097 0.133333
vt 0.521403 0.120263
vt 0.518297 0.132541
vt 0.522314 0.116667
vt 0.521403 0.120263
vt 0.522313 0.116667
vt 0.525000 0.106048
vt 0.524301 0.108811
vt 0.525000 0.106048
vt 0.526530 0.100000
vt 0.525833 0.102755
vt 0.527049 0.097951
vt 0.526530 0.100000
vt 0.530747 0.083333
vt 0.527049 0.097951
vt 0.532694 0.075639
vt 0.530747 0.083333
vt 0.534964 0.066667
vt 0.532917 0.074759
vt 0.532694 0.075639
vt 0.534964 0.066667
vt 0.538339 0.053328
vt 0.536647 0.060015
vt 0.539181 0.050000
vt 0.538339 0.053328
vt 0.539181 0.050000
vt 0.541667 0.040176
vt 0.541532 0.040708
vt 0.543398 0.033333
vt 0.541667 0.040176
vt 0.543984 0.031016
vt 0.543398 0.033333
vt 0.543984 0.031016
vt 0.547615 0.016667
vt 0.547461 0.017276
vt 0.549630 0.008704
vt 0.547615 0.016667
vt 0.551832 0.000000
vt 0.550148 0.006657
vt 0.549630 0.008704
vt 0.551832 1.000000
vt 0.550515 0.867272
vt 0.550943 0.910420
vt 0.549352 0.750000
vt 0.550515 0.867272
vt 0.547800 0.743866
vt 0.549352 0.750000
vn -0.900064 -0.415504 0.131305
vn -0.900067 -0.415497 0.131304
vn -0.900066 -0.415500 0.131304
vn -0.900068 -0.415496 0.131306
vn -0.900068 -0.415496 0.131304
vn -0.900069 -0.415493 0.131305
vn -0.900069 -0.415494 0.131305
vn -0.900067 -0.415497 0.131307
vn -0.900068 -0.415496 0.131307
vn -0.900068 -0.415495 0.131306
vn -0.900067 -0.415499 0.131302
vn -0.900068 -0.415494 0.131306
vn -0.900068 -0.415494 0.131306
vn -0.900068 -0.415495 0.131307
vn -0.900069 -0.415493 0.131306
vn -0.900068 -0.415496 0.131306
vn -0.900071 -0.415528 0.131180
vn -0.900069 -0.415494 0.131308
vn -0.900068 -0.415496 0.131303
vn -0.900067 -0.415500 0.131301
vn -0.900068 -0.415495 0.131305
vn -0.900069 -0.415495 0.131302
vn -0.900069 -0.415495 0.131303
vn -0.900068 -0.415496 0.131306
vn -0.900068 -0.415496 0.131305
vn -0.900069 -0.415494 0.131303
vn -0.900068 -0.415496 0.131306
vn -0.900067 -0.415497 0.131306
vn -0.900068 -0.415495 0.131305
vn -0.900067 -0.415497 0.131308
vn -0.900068 -0.415494 0.131307
vn -0.900068 -0.415495 0.131306
vn -0.900068 -0.415494 0.131306
vn -0.900067 -0.415497 0.131305
vn -0.900068 -0.415495 0.131305
vn -0.900068 -0.415495 0.131306
vn -0.900069 -0.415493 0.131306
vn -0.900068 -0.415496 0.131306
vn -0.900068 -0.415495 0.131306
vn -0.900068 -0.415496 0.131307
vn -0.900068 -0.415496 0.131306
vn -0.900068 -0.415496 0.131305
vn -0.900069 -0.415494 0.131305
vn -0.900067 -0.415497 0.131306
vn -0.900068 -0.415495 0.131306
vn -0.900068 -0.415495 0.131306
vn -0.900068 -0.415495 0.131305
vn -0.900068 -0.415496 0.131306
vn -0.900067 -0.415497 0.131305
vn -0.900068 -0.415494 0.131306
vn -0.900068 -0.415496 0.131306
vn -0.900068 -0.415495 0.131305
vn -0.900067 -0.415497 0.131307
vn -0.900069 -0.415493 0.131305
vn -0.900068 -0.415496 0.131306
vn -0.900068 -0.415497 0.131301
vn -0.900069 -0.415494 0.131306
vn -0.900068 -0.415495 0.131305
vn -0.900069 -0.415494 0.131304
vn -0.900068 -0.415497 0.131303
vn -0.900066 -0.415498 0.131308
vn -0.900069 -0.415494 0.131305
vn -0.900076 -0.415490 0.131273
vn -0.900068 -0.415496 0.131303
vn -0.900056 -0.415508 0.131348
vn -0.900068 -0.415496 0.131304
vn -0.900070 -0.415494 0.131300
vn -0.900067 -0.415497 0.131306
vn -0.900065 -0.415497 0.131323
vn -0.900067 -0.415498 0.131305
vn -0.900072 -0.415487 0.131307
vn -0.900066 -0.415499 0.131306
vn -0.900067 -0.415498 0.131306
vn -0.900067 -0.415498 0.131306
vn -0.900069 -0.415493 0.131305
vn -0.900069 -0.415491 0.131308
vn -0.900070 -0.415491 0.131308
vn 0.946616 0.063832 -0.315982
vn 0.946622 0.063809 -0.315966
vn 0.946615 0.063831 -0.315983
vn 0.946615 0.063831 -0.315984
vn 0.946616 0.063834 -0.315982
vn 0.946615 0.063833 -0.315983
vn 0.946616 0.063832 -0.315981
vn 0.946616 0.063832 -0.315981
vn 0.946618 0.063814 -0.315977
vn 0.946615 0.063834 -0.315983
vn 0.946615 0.063833 -0.315982
vn 0.946616 0.063832 -0.315982
vn 0.946615 0.063834 -0.315984
vn 0.946618 0.063817 -0.315978
vn 0.946616 0.063834 -0.315981
vn 0.946615 0.063831 -0.315983
vn 0.946615 0.063829 -0.315983
vn 0.946616 0.063833 -0.315980
vn 0.946615 0.063832 -0.315982
vn 0.946617 0.063830 -0.315979
vn 0.946616 0.063835 -0.315981
vn 0.000000 0.000000 -1.000000
vn 0.000000 0.000000 -1.000000
vn 0.000000 0.000000 -1.000000
vn 0.000000 0.000000 -1.000000
vn 0.000000 0.000000 -1.000000
vn 0.000000 0.000000 -1.000000
vn 0.000000 0.000000 -1.000000
vn 0.000000 0.000000 -1.000000
vn 0.946617 0.063835 -0.315978
vn 0.946616 0.063835 -0.315981
vn 0.946617 0.063834 -0.315978
vn 0.946615 0.063837 -0.315982
vn 0.946618 0.063838 -0.315974
vn 0.000000 0.000000 1.000000
vn 0.000000 0.000000 1.000000
vn 0.000000 0.000000 1.000000
vn 0.000000 0.000000 1.000000
vn 0.000000 0.000000 1.000000
vn 0.248180 0.904705 0.346289
vn 0.248178 0.904702 0.346297
vn 0.248179 0.904704 0.346291
vn 0.248179 0.904704 0.346292
vn 0.248179 0.904704 0.346290
vn 0.000000 0.000000 1.000000
vn 0.000000 0.000000 1.000000
vn 0.000000 0.000000 1.000000
vn 0.000000 0.000000 1.000000
vn 0.946615 0.063855 -0.315980
vn 0.946615 0.063836 -0.315983
vn 0.946615 0.063835 -0.315983
vn 0.946615 0.063831 -0.315984
vn 0.946615 0.063834 -0.315983
vn 0.946615 0.063835 -0.315981
vn 0.946615 0.063838 -0.315981
vn 0.000000 0.000000 1.000000
vn 0.000000 0.000000 1.000000
vn 0.000000 0.000000 1.000000
vn 0.000000 0.000000 1.000000
vn 0.946613 0.063899 -0.315976
vn 0.000000 0.000000 1.000000
vn 0.946614 0.063835 -0.315987
vn 0.946615 0.063833 -0.315982
vn 0.946617 0.063830 -0.315979
vn 0.946621 0.063794 -0.315973
vn 0.946615 0.063833 -0.315983
vn 0.946616 0.063834 -0.315982
vn 0.946615 0.063833 -0.315982
vn 0.946616 0.063833 -0.315982
vn 0.000000 0.000000 -1.000000
vn 0.000000 0.000000 -1.000000
vn 0.000000 0.000000 -1.000000
vn 0.000000 0.000000 -1.000000
vn 0.000000 0.000000 -1.000000
vn 0.000000 0.000000 -1.000000
vn 0.000000 0.000000 -1.000000
vn 0.000000 0.000000 -1.000000
vn 0.000000 0.000000 -1.000000
vn 0.000000 0.000000 -1.000000
vn 0.000000 0.000000 -1.000000
vn 0.000000 0.000000 -1.000000
vn 0.000000 0.000000 -1.000000
vn 0.000000 0.000000 -1.000000
vn 0.000000 0.000000 -1.000000
vn 0.946616 0.063831 -0.315981
vn 0.946617 0.063832 -0.315979
vn 0.946615 0.063834 -0.315983
vn 0.000000 0.000000 -1.000000
vn 0.000000 0.000000 -1.000000
vn 0.000000 0.000000 -1.000000
vn 0.000000 0.000000 -1.000000
vn 0.000000 0.000000 -1.000000
vn 0.000000 0.000000 -1.000000
vn 0.000000 0.000000 -1.000000
vn 0.248179 0.904704 0.346292
vn 0.248180 0.904704 0.346290
vn 0.000000 0.000000 -1.000000
vn 0.000000 0.000000 -1.000000
vn 0.000000 0.000000 -1.000000
vn 0.248182 0.904708 0.346280
vn 0.248180 0.904705 0.346288
vn 0.248179 0.904704 0.346291
vn 0.248179 0.904705 0.346290
vn 0.000000 0.000000 1.000000
vn 0.000000 0.000000 1.000000
vn 0.000000 0.000000 1.000000
vn 0.000000 0.000011 1.000000
vn -0.000000 -0.000000 1.000000
vn -0.000001 -0.000000 1.000000
vn -0.000000 -0.000001 1.000000
vn 0.946615 0.063833 -0.315983
vn 0.946615 0.063835 -0.315983
vn 0.000000 0.000000 1.000000
vn 0.000000 0.000000 1.000000
vn 0.000000 0.000000 1.000000
vn 0.000000 0.000000 1.000000
vn 0.000000 0.000000 1.000000
vn 0.000000 0.000000 1.000000
vn 0.000000 0.000000 1.000000
vn 0.000000 0.000000 1.000000
vn 0.000000 0.000000 1.000000
vn 0.000000 0.000000 1.000000
vn 0.000000 0.000000 1.000000
vn 0.946615 0.063834 -0.315982
vn 0.000000 -1.000000 0.000000
vn 0.000000 -1.000000 0.000000
vn 0.000000 -1.000000 0.000000
vn 0.000000 0.000001 1.000000
vn -0.000000 -0.000000 1.000000
vn -0.000005 -0.000002 1.000000
vn -0.000000 -0.000000 1.000000
vn 0.946616 0.063831 -0.315982
vn 0.946615 0.063832 -0.315984
vn 0.946615 0.063837 -0.315982
vn 0.946616 0.063836 -0.315981
vn 0.000000 0.000000 -1.000000
vn 0.000000 0.000000 -1.000000
vn 0.000000 0.000000 -1.000000
vn 0.000000 0.000000 -1.000000
vn 0.000000 0.000000 -1.000000
vn 0.000000 0.000000 -1.000000
vn 0.000000 0.000000 -1.000000
vn 0.000000 0.000000 -1.000000
vn 0.000000 0.000000 -1.000000
vn 0.000000 0.000000 -1.000000
vn 0.000000 0.000000 -1.000000
vn 0.248179 0.904704 0.346291
vn 0.248179 0.904704 0.346291
vn 0.248180 0.904704 0.346290
vn 0.248180 0.904704 0.346290
vn 0.248181 0.904704 0.346291
vn 0.248178 0.904704 0.346293
vn 0.248179 0.904703 0.346293
vn 0.248179 0.904704 0.346292
vn 0.248180 0.904704 0.346291
vn 0.248179 0.904704 0.346292
vn 0.248180 0.904704 0.346292
vn 0.000000 0.000000 1.000000
vn 0.000000 0.000000 1.000000
vn 0.000000 0.000000 1.000000
vn 0.000000 0.000000 1.000000
vn 0.000000 0.000000 1.000000
vn 0.000000 0.000000 1.000000
vn 0.000000 -1.000000 0.000000
vn 0.946615 0.063834 -0.315983
vn 0.946616 0.063826 -0.315980
vn 0.946606 0.063839 -0.316010
vn 0.946614 0.063834 -0.315987
vn 0.946613 0.063831 -0.315989
vn 0.946615 0.063838 -0.315983
vn 0.946616 0.063831 -0.315980
vn 0.946616 0.063831 -0.315981
vn 0.946618 0.063826 -0.315975
vn 0.000000 0.000000 -1.000000
vn 0.000000 0.000000 -1.000000
vn 0.000000 0.000000 -1.000000
vn 0.000000 0.000000 -1.000000
vn 0.000000 0.000000 -1.000000
vn 0.000000 0.000000 -1.000000
vn 0.000000 0.000000 -1.000000
vn 0.000000 0.000000 -1.000000
vn 0.000000 0.000000 -1.000000
vn 0.000000 0.000000 -1.000000
vn 0.000000 0.000000 -1.000000
vn 0.000000 0.000000 -1.000000
vn 0.000000 0.000000 -1.000000
vn 0.000000 0.000000 -1.000000
vn 0.000000 0.000000 -1.000000
vn 0.000000 0.000000 -1.000000
vn 0.000000 0.000000 -1.000000
vn 0.000000 0.000000 -1.000000
vn 0.000000 0.000000 -1.000000
vn 0.000000 0.000000 -1.000000
vn 0.000000 0.000000 -1.000000
vn 0.000000 0.000000 -1.000000
vn 0.000000 0.000000 -1.000000
vn 0.000000 0.000000 -1.000000
vn 0.000000 0.000000 -1.000000
vn 0.000000 0.000000 -1.000000
vn 0.000000 0.000000 -1.000000
vn 0.000000 0.000000 -1.000000
vn 0.000000 0.000000 -1.000000
vn 0.000000 0.000000 -1.000000
vn 0.000000 0.000000 -1.000000
vn 0.000000 0.000000 -1.000000
vn 0.000000 0.000000 -1.000000
vn 0.000000 0.000000 -1.000000
vn 0.000000 0.000000 -1.000000
vn 0.000000 0.000000 -1.000000
vn 0.000000 0.000000 -1.000000
vn 0.000000 0.000000 -1.000000
vn 0.000000 0.000000 -1.000000
vn 0.000000 0.000000 -1.000000
vn 0.000000 0.000000 -1.000000
vn 0.000000 0.000000 -1.000000
vn 0.000000 0.000000 -1.000000
vn 0.000000 0.000000 -1.000000
vn 0.248181 0.904702 0.346295
vn 0.248179 0.904705 0.346289
vn 0.248180 0.904706 0.346285
vn 0.248167 0.904695 0.346324
vn 0.248179 0.904703 0.346295
vn 0.248178 0.904705 0.346291
vn 0.248179 0.904704 0.346291
vn 0.248180 0.904703 0.346293
vn 0.248179 0.904704 0.346293
vn 0.248179 0.904704 0.346292
vn 0.248180 0.904704 0.346291
vn 0.000000 0.000000 1.000000
vn 0.000000 0.000000 1.000000
vn 0.000000 0.000000 1.000000
vn 0.000000 0.000000 1.000000
vn 0.000000 0.000000 1.000000
vn 0.000000 0.000000 1.000000
vn 0.000000 0.000000 1.000000
vn 0.000000 0.000000 1.000000
vn 0.000000 0.000000 1.000000
vn 0.000000 0.000000 1.000000
vn 0.000000 0.000000 1.000000
vn 0.000000 0.000000 1.000000
vn 0.000000 0.000000 1.000000
vn 0.000000 0.000000 1.000000
vn 0.000000 0.000000 1.000000
vn 0.000000 0.000000 1.000000
vn 0.000000 0.000000 1.000000
vn 0.000000 0.000000 1.000000
vn 0.000000 0.000000 1.000000
vn 0.000000 0.000000 1.000000
vn 0.000000 0.000000 1.000000
vn 0.000000 0.000000 1.000000
vn 0.000000 0.000000 1.000000
vn 0.000000 0.000000 1.000000
vn 0.000000 0.000000 1.000000
vn 0.000000 0.000000 1.000000
vn 0.000000 0.000000 1.000000
vn 0.000000 0.000000 1.000000
vn 0.000000 0.000000 1.000000
vn 0.000000 0.000000 1.000000
vn 0.000000 0.000000 1.000000
vn 0.000000 -1.000000 0.000000
vn 0.000000 -1.000000 0.000000
vn 0.000000 -1.000000 0.000000
vn 0.000000 -1.000000 0.000000
vn 0.000000 -1.000000 0.000000
vn 0.000000 -1.000000 0.000000
vn 0.000000 0.000000 -1.000000
vn 0.000000 0.000000 -1.000000
vn 0.000000 0.000000 -1.000000
s 1
g solidShatter1 shard13
usemtl shatterInteriorSG1
f 2061/4829/3444 2062/4828/3445 2063/4827/3446
f 2067/4831/3447 2068/4824/3448 2066/4832/3449
f 2066/4832/3449 2068/4824/3448 2065/4833/3450
f 2065/4833/3450 2068/4824/3448 2064/4834/3451
f 2064/4834/3451 2068/4824/3448 2069/4830/3452
f 2068/4824/3448 2067/4835/3447 2073/4825/3453
f 2067/4835/3447 2070/4838/3454 2073/4825/3453
f 2070/4838/3454 2071/4837/3455 2073/4825/3453
f 2071/4837/3455 2072/4836/3456 2073/4825/3453
f 2075/4840/3457 2073/4825/3453 2074/4841/3458
f 2074/4841/3458 2073/4825/3453 2072/4839/3456
f 2073/4825/3453 2075/4842/3457 2081/4826/3459
f 2075/4842/3457 2076/4847/3460 2081/4826/3459
f 2076/4847/3460 2077/4846/3461 2081/4826/3459
f 2080/4843/3462 2081/4826/3459 2079/4844/3463
f 2077/4846/3461 2078/4845/3464 2081/4826/3459
f 2078/4845/3464 2079/4844/3463 2081/4826/3459
f 2083/4849/3465 2081/4826/3459 2082/4850/3466
f 2082/4850/3466 2081/4826/3459 2080/4848/3462
f 2086/4852/3467 2081/4826/3459 2085/4853/3468
f 2085/4853/3468 2081/4826/3459 2084/4854/3469
f 2084/4854/3469 2081/4826/3459 2083/4851/3465
f 2089/4859/3470 2090/4858/3471 2088/4860/3472
f 2092/4856/3473 2093/4855/3474 2091/4857/3475
f 2088/4860/3472 2090/4858/3471 2087/4861/3476
f 2093/4855/3474 2087/4861/3476 2091/4857/3475
f 2087/4861/3476 2090/4858/3471 2091/4857/3475
f 2100/4862/3477 2094/4870/3478 2099/4863/3479
f 2094/4870/3478 2095/4869/3480 2099/4863/3479
f 2095/4869/3480 2096/4868/3481 2099/4863/3479
f 2096/4868/3481 2097/4867/3482 2099/4863/3479
f 2099/4863/3479 2097/4867/3482 2098/4864/3483
f 2098/4864/3483 2097/4867/3482 2089/4865/3470
f 2097/4867/3482 2090/4866/3471 2089/4865/3470
f 2101/4878/3484 2102/4877/3485 2106/4871/3486
f 2106/4871/3486 2102/4877/3485 2105/4872/3487
f 2105/4872/3487 2102/4877/3485 2104/4873/3488
f 2099/4875/3479 2103/4874/3489 2100/4876/3477
f 2104/4873/3488 2102/4877/3485 2103/4874/3489
f 2102/4877/3485 2100/4876/3477 2103/4874/3489
f 2102/4882/3485 2101/4881/3484 2109/4883/3490
f 2109/4883/3490 2101/4881/3484 2108/4884/3491
f 2108/4884/3491 2101/4881/3484 2086/4885/3467
f 2086/4885/3467 2101/4881/3484 2081/4826/3459
f 2101/4881/3484 2110/4880/3492 2081/4826/3459
f 2110/4880/3492 2111/4879/3493 2081/4826/3459
f 2107/4886/3494 2081/4826/3459 2111/4879/3493
f 2114/4889/3495 2081/4826/3459 2113/4890/3496
f 2113/4890/3496 2081/4826/3459 2112/4891/3497
f 2107/4888/3494 2115/4887/3498 2081/4826/3459
f 2112/4891/3497 2081/4826/3459 2115/4887/3498
f 2081/4826/3459 2114/4896/3495 2073/4825/3453
f 2114/4896/3495 2117/4895/3499 2073/4825/3453
f 2117/4895/3499 2118/4894/3500 2073/4825/3453
f 2118/4894/3500 2119/4893/3501 2073/4825/3453
f 2116/4897/3502 2073/4825/3453 2120/4892/3503
f 2073/4825/3453 2119/4893/3501 2120/4892/3503
f 2121/4900/3504 2073/4825/3453 2122/4898/3505
f 2073/4825/3453 2116/4899/3502 2122/4898/3505
f 2068/4824/3448 2073/4825/3453 2124/4906/3506
f 2124/4906/3506 2073/4825/3453 2123/4907/3507
f 2123/4907/3507 2073/4825/3453 2128/4901/3508
f 2128/4901/3508 2073/4825/3453 2127/4902/3509
f 2127/4902/3509 2073/4825/3453 2126/4903/3510
f 2126/4903/3510 2073/4825/3453 2125/4904/3511
f 2073/4825/3453 2121/4905/3504 2125/4904/3511
f 2129/4909/3512 2068/4824/3448 2124/4908/3506
f 2130/4911/3513 2068/4824/3448 2129/4910/3512
f 2068/4824/3448 2130/4915/3513 2069/4916/3452
f 2130/4915/3513 2135/4914/3514 2069/4916/3452
f 2135/4914/3514 2136/4913/3515 2069/4916/3452
f 2136/4913/3515 2137/4912/3516 2069/4916/3452
f 2069/4916/3452 2137/4912/3516 2134/4917/3517
f 2134/4917/3517 2137/4912/3516 2133/4918/3518
f 2133/4918/3518 2137/4912/3516 2062/4919/3445
f 2062/4919/3445 2137/4912/3516 2063/4920/3446
f 2063/4920/3446 2137/4912/3516 2132/4921/3519
f 2131/4922/3520 2132/4921/3519 2137/4912/3516
s 13
f 2138/4620/3521 2139/4619/3522 2140/4621/3523
f 2141/4788/3524 2142/4787/3525 2143/4586/3526
f 2139/4619/3522 2144/4618/3527 2140/4621/3523
f 2140/4621/3523 2144/4618/3527 2145/4617/3528
f 2146/4641/3529 2147/4647/3530 2148/4643/3531
f 2147/4647/3530 2149/4644/3532 2148/4643/3531
f 2148/4639/3531 2150/4638/3533 2151/4640/3534
f 2152/4636/3535 2153/4633/3536 2154/4637/3537
f 2143/4586/3526 2138/4620/3521 2140/4621/3523
f 2155/4612/3538 2143/4586/3526 2158/4609/3539
f 2156/4611/3540 2157/4610/3541 2143/4586/3526
f 2143/4586/3526 2157/4610/3541 2158/4609/3539
s 19
usemtl initialShadingGroup
f 2157/4691/3542 2156/4690/3543 2160/4578/3544
f 2156/4690/3543 2159/4689/3545 2160/4578/3544
f 2158/4688/3546 2157/4687/3542 2161/4576/3547
f 2161/4576/3547 2157/4687/3542 2160/4578/3544
f 2162/4686/3548 2155/4685/3549 2161/4576/3547
f 2155/4685/3549 2158/4684/3546 2161/4576/3547
s 13
usemtl shatterInteriorSG1
f 2163/4786/3550 2164/4785/3551 2162/4613/3552
f 2141/4784/3524 2143/4586/3526 2164/4785/3551
f 2162/4613/3552 2164/4785/3551 2155/4614/3538
f 2164/4785/3551 2143/4586/3526 2155/4614/3538
f 2166/4789/3553 2138/4615/3521 2165/4790/3554
f 2143/4586/3526 2142/4791/3525 2138/4615/3521
f 2142/4791/3525 2165/4790/3554 2138/4615/3521
s 22
usemtl initialShadingGroup
f 2139/4682/3555 2138/4681/3556 2168/4571/3557
f 2166/4793/3558 2167/4792/3559 2138/4681/3556
f 2167/4792/3559 2168/4571/3557 2138/4681/3556
s 23
usemtl shatterInteriorSG1
f 2165/4769/3560 2142/4768/3561 2169/4747/3562
f 2142/4768/3561 2141/4767/3563 2169/4747/3562
f 2164/4770/3564 2169/4747/3562 2141/4767/3563
s 22
usemtl initialShadingGroup
f 2167/4795/3559 2170/4794/3565 2168/4571/3557
f 2144/4680/3566 2139/4679/3555 2171/4569/3567
f 2139/4679/3555 2168/4571/3557 2171/4569/3567
f 2145/4678/3568 2144/4677/3566 2171/4569/3567
s 13
usemtl shatterInteriorSG1
f 2172/4616/3569 2140/4621/3523 2145/4617/3528
f 2173/4624/3570 2140/4621/3523 2172/4616/3569
f 2174/4623/3571 2175/4622/3572 2173/4624/3570
f 2176/4634/3573 2153/4633/3536 2177/4635/3574
f 2153/4633/3536 2178/4632/3575 2154/4637/3537
s 22
usemtl initialShadingGroup
f 2146/4659/3576 2180/4564/3577 2147/4660/3578
f 2179/4661/3579 2147/4660/3578 2180/4564/3577
s 13
usemtl shatterInteriorSG1
f 2151/4640/3534 2154/4637/3537 2181/4631/3580
f 2151/4642/3534 2146/4641/3529 2148/4643/3531
s 22
usemtl initialShadingGroup
f 2182/4658/3581 2179/4657/3579 2180/4564/3577
s 13
usemtl shatterInteriorSG1
f 2147/4651/3530 2179/4650/3582 2184/4587/3583
f 2179/4650/3582 2182/4649/3584 2184/4587/3583
f 2183/4652/3585 2184/4587/3583 2185/4648/3586
f 2184/4587/3583 2182/4649/3584 2185/4648/3586
f 2183/4654/3585 2186/4653/3587 2184/4587/3583
f 2184/4587/3583 2187/4646/3588 2147/4647/3530
f 2187/4646/3588 2188/4645/3589 2147/4647/3530
f 2188/4645/3589 2149/4644/3532 2147/4647/3530
s 19
usemtl initialShadingGroup
f 2150/4711/3590 2148/4710/3591 2189/4583/3592
f 2148/4710/3591 2149/4709/3593 2189/4583/3592
s 13
usemtl shatterInteriorSG1
f 2150/4638/3533 2154/4637/3537 2151/4640/3534
s 19
usemtl initialShadingGroup
f 2152/4706/3594 2154/4705/3595 2190/4582/3596
s 13
usemtl shatterInteriorSG1
f 2177/4635/3574 2153/4633/3536 2152/4636/3535
s 19
usemtl initialShadingGroup
f 2191/4695/3597 2192/4694/3598 2193/4580/3599
f 2175/4699/3600 2174/4702/3601 2194/4581/3602
f 2174/4702/3601 2176/4701/3603 2194/4581/3602
f 2176/4701/3603 2177/4700/3604 2194/4581/3602
s 13
usemtl shatterInteriorSG1
f 2175/4622/3572 2140/4621/3523 2173/4624/3570
f 2140/4607/3523 2192/4606/3605 2143/4586/3526
f 2192/4606/3605 2191/4605/3606 2143/4586/3526
f 2191/4605/3606 2159/4604/3607 2143/4586/3526
f 2156/4608/3540 2143/4586/3526 2159/4604/3607
s 19
usemtl initialShadingGroup
f 2159/4693/3545 2191/4692/3597 2160/4578/3544
f 2160/4578/3544 2191/4692/3597 2193/4580/3599
f 2195/4577/3608 2161/4576/3547 2160/4578/3544
f 2196/4575/3609 2197/4574/3610 2161/4576/3547
f 2198/4823/3611 2199/4822/3612 2197/4574/3610
f 2197/4574/3610 2199/4783/3612 2161/4576/3547
f 2199/4783/3612 2200/4782/3613 2161/4576/3547
f 2200/4782/3613 2163/4781/3614 2161/4576/3547
f 2163/4781/3614 2162/4683/3548 2161/4576/3547
s 23
usemtl shatterInteriorSG1
f 2169/4747/3562 2164/4772/3564 2200/4773/3615
f 2200/4773/3615 2164/4772/3564 2163/4771/3616
s 19
usemtl initialShadingGroup
f 2197/4574/3610 2203/4573/3617 2202/4818/3618
f 2201/4819/3619 2202/4818/3618 2203/4573/3617
f 2202/4821/3618 2198/4820/3611 2197/4574/3610
s 23
usemtl shatterInteriorSG1
f 2166/4762/3620 2165/4766/3560 2167/4763/3621
f 2165/4766/3560 2169/4747/3562 2167/4763/3621
f 2167/4763/3621 2169/4747/3562 2170/4764/3622
f 2169/4747/3562 2204/4765/3623 2170/4764/3622
s 22
usemtl initialShadingGroup
f 2170/4798/3565 2204/4797/3624 2168/4571/3557
f 2168/4571/3557 2204/4797/3624 2205/4796/3625
f 2206/4570/3626 2171/4569/3567 2168/4571/3557
f 2172/4676/3627 2145/4675/3568 2207/4567/3628
f 2145/4675/3568 2171/4569/3567 2207/4567/3628
f 2172/4672/3627 2207/4567/3628 2173/4673/3629
f 2208/4674/3630 2173/4673/3629 2207/4567/3628
s 13
usemtl shatterInteriorSG1
f 2153/4630/3536 2176/4629/3573 2209/4625/3631
f 2173/4627/3570 2208/4626/3632 2174/4628/3571
f 2209/4625/3631 2176/4629/3573 2208/4626/3632
f 2176/4629/3573 2174/4628/3571 2208/4626/3632
s 22
usemtl initialShadingGroup
f 2178/4669/3633 2153/4668/3634 2210/4566/3635
f 2153/4668/3634 2209/4667/3636 2210/4566/3635
s 13
usemtl shatterInteriorSG1
f 2154/4637/3537 2178/4632/3575 2181/4631/3580
s 22
usemtl initialShadingGroup
f 2181/4662/3637 2211/4565/3638 2151/4663/3639
f 2151/4663/3639 2211/4565/3638 2146/4664/3576
f 2146/4664/3576 2211/4565/3638 2180/4564/3577
f 2185/4746/3640 2182/4745/3581 2212/4562/3641
f 2212/4562/3641 2182/4745/3581 2180/4564/3577
f 2186/4744/3642 2183/4743/3643 2212/4562/3641
f 2183/4743/3643 2185/4742/3640 2212/4562/3641
s 13
usemtl shatterInteriorSG1
f 2213/4656/3644 2184/4587/3583 2186/4653/3587
s 35
usemtl initialShadingGroup
f 2214/4734/3645 2215/4733/3646 2216/4585/3647
s 22
f 2213/4738/3648 2218/4561/3649 2217/4739/3650
f 2217/4739/3650 2218/4561/3649 2219/4737/3651
s 13
usemtl shatterInteriorSG1
f 2217/4655/3652 2184/4587/3583 2213/4656/3644
f 2187/4603/3588 2184/4587/3583 2222/4600/3653
f 2222/4600/3653 2184/4587/3583 2221/4601/3654
f 2184/4587/3583 2220/4602/3655 2221/4601/3654
s 19
usemtl initialShadingGroup
f 2222/4714/3656 2223/4584/3657 2187/4715/3658
f 2188/4716/3659 2187/4715/3658 2223/4584/3657
f 2149/4713/3593 2188/4712/3659 2189/4583/3592
f 2189/4583/3592 2188/4712/3659 2223/4584/3657
f 2154/4708/3595 2150/4707/3590 2190/4582/3596
f 2190/4582/3596 2150/4707/3590 2189/4583/3592
f 2177/4704/3604 2152/4703/3594 2194/4581/3602
f 2194/4581/3602 2152/4703/3594 2190/4582/3596
f 2194/4581/3602 2193/4580/3599 2175/4696/3600
f 2175/4696/3600 2193/4580/3599 2140/4697/3660
f 2192/4698/3598 2140/4697/3660 2193/4580/3599
f 2224/4579/3661 2160/4578/3544 2193/4580/3599
f 2195/4577/3608 2160/4578/3544 2224/4579/3661
f 2196/4575/3609 2161/4576/3547 2195/4577/3608
f 2203/4573/3617 2197/4574/3610 2196/4575/3609
f 2225/4817/3662 2201/4816/3619 2203/4573/3617
f 2226/4807/3663 2227/4806/3664 2228/4572/3665
f 2227/4809/3664 2229/4808/3666 2228/4572/3665
s 23
usemtl shatterInteriorSG1
f 2231/4750/3667 2232/4748/3668 2230/4751/3669
f 2230/4751/3669 2232/4748/3668 2233/4749/3670
f 2232/4748/3668 2169/4747/3562 2233/4776/3670
f 2233/4776/3670 2169/4747/3562 2225/4777/3671
f 2225/4777/3671 2169/4747/3562 2201/4778/3672
f 2200/4775/3615 2199/4774/3673 2169/4747/3562
f 2199/4774/3673 2198/4780/3674 2169/4747/3562
f 2198/4780/3674 2202/4779/3675 2169/4747/3562
f 2202/4779/3675 2201/4778/3672 2169/4747/3562
f 2204/4761/3623 2169/4747/3562 2205/4759/3676
f 2205/4759/3676 2169/4747/3562 2234/4760/3677
s 22
usemtl initialShadingGroup
f 2168/4571/3557 2205/4801/3625 2206/4570/3626
f 2235/4799/3678 2206/4570/3626 2234/4800/3679
f 2205/4801/3625 2234/4800/3679 2206/4570/3626
f 2236/4568/3680 2171/4569/3567 2206/4570/3626
f 2236/4568/3680 2207/4567/3628 2171/4569/3567
f 2209/4671/3636 2208/4670/3630 2210/4566/3635
f 2208/4670/3630 2207/4567/3628 2210/4566/3635
f 2181/4666/3637 2178/4665/3633 2211/4565/3638
f 2178/4665/3633 2210/4566/3635 2211/4565/3638
f 2237/4563/3681 2180/4564/3577 2211/4565/3638
f 2237/4563/3681 2212/4562/3641 2180/4564/3577
f 2213/4741/3648 2186/4740/3642 2218/4561/3649
f 2218/4561/3649 2186/4740/3642 2212/4562/3641
f 2215/4736/3682 2219/4735/3651 2216/4560/3683
f 2216/4560/3683 2219/4735/3651 2218/4561/3649
s 35
f 2238/4732/3684 2214/4731/3645 2216/4585/3647
s 13
usemtl shatterInteriorSG1
f 2184/4587/3583 2217/4594/3652 2239/4595/3685
f 2217/4594/3652 2219/4593/3686 2239/4595/3685
f 2215/4592/3687 2214/4591/3688 2219/4593/3686
f 2241/4588/3689 2239/4595/3685 2240/4589/3690
f 2239/4595/3685 2219/4593/3686 2240/4589/3690
f 2240/4589/3690 2219/4593/3686 2238/4590/3691
f 2219/4593/3686 2214/4591/3688 2238/4590/3691
f 2239/4598/3685 2242/4597/3692 2184/4587/3583
f 2242/4597/3692 2243/4596/3693 2184/4587/3583
f 2220/4599/3655 2184/4587/3583 2243/4596/3693
s 19
usemtl initialShadingGroup
f 2136/4923/3694 2243/4723/3695 2137/4924/3696
f 2137/4924/3696 2243/4723/3695 2242/4722/3697
f 2221/4721/3698 2220/4720/3699 2135/4925/3700
f 2135/4925/3700 2220/4720/3699 2136/4926/3694
f 2136/4926/3694 2220/4720/3699 2243/4719/3695
f 2135/4927/3700 2130/4931/3701 2221/4717/3698
f 2130/4931/3701 2129/4930/3702 2221/4717/3698
f 2223/4584/3657 2222/4718/3656 2123/4928/3703
f 2123/4928/3703 2222/4718/3656 2124/4929/3704
f 2129/4930/3702 2124/4929/3704 2221/4717/3698
f 2124/4929/3704 2222/4718/3656 2221/4717/3698
f 2123/4933/3703 2128/4932/3705 2223/4584/3657
f 2128/4935/3705 2127/4934/3706 2223/4584/3657
f 2127/4937/3706 2126/4936/3707 2223/4584/3657
f 2223/4584/3657 2126/4936/3707 2189/4583/3592
f 2126/4939/3707 2125/4938/3708 2189/4583/3592
f 2190/4582/3596 2189/4583/3592 2122/4940/3709
f 2122/4940/3709 2189/4583/3592 2121/4941/3710
f 2125/4942/3708 2121/4941/3710 2189/4583/3592
f 2120/4943/3711 2190/4582/3596 2116/4944/3712
f 2122/4945/3709 2116/4944/3712 2190/4582/3596
f 2120/4947/3711 2119/4946/3713 2190/4582/3596
f 2190/4582/3596 2119/4946/3713 2194/4581/3602
f 2119/4949/3713 2118/4948/3714 2194/4581/3602
f 2118/4951/3714 2117/4950/3715 2194/4581/3602
f 2194/4581/3602 2117/4950/3715 2193/4580/3599
f 2117/4952/3715 2114/4954/3716 2193/4580/3599
f 2224/4579/3661 2193/4580/3599 2113/4953/3717
f 2114/4954/3716 2113/4953/3717 2193/4580/3599
f 2113/4956/3717 2112/4955/3718 2224/4579/3661
f 2112/4958/3718 2115/4957/3719 2224/4579/3661
f 2224/4579/3661 2115/4961/3719 2195/4577/3608
f 2115/4961/3719 2107/4960/3720 2195/4577/3608
f 2107/4960/3720 2111/4959/3721 2195/4577/3608
f 2111/4963/3721 2110/4962/3722 2195/4577/3608
f 2196/4575/3609 2195/4577/3608 2106/4964/3723
f 2106/4964/3723 2195/4577/3608 2101/4965/3724
f 2110/4966/3722 2101/4965/3724 2195/4577/3608
f 2106/4968/3723 2105/4967/3725 2196/4575/3609
f 2105/4970/3725 2104/4969/3726 2196/4575/3609
f 2196/4575/3609 2104/4969/3726 2203/4573/3617
f 2104/4972/3726 2103/4971/3727 2203/4573/3617
f 2203/4573/3617 2103/4975/3727 2225/4814/3662
f 2225/4814/3662 2103/4975/3727 2233/4815/3728
f 2233/4815/3728 2103/4975/3727 2230/4813/3729
f 2103/4975/3727 2099/4974/3730 2230/4813/3729
f 2099/4974/3730 2098/4973/3731 2230/4813/3729
f 2230/4810/3729 2098/4976/3731 2231/4811/3732
f 2098/4976/3731 2089/4978/3733 2231/4811/3732
f 2228/4572/3665 2229/4812/3666 2088/4977/3734
f 2089/4978/3733 2088/4977/3734 2231/4811/3732
f 2088/4977/3734 2229/4812/3666 2231/4811/3732
f 2088/4980/3734 2087/4979/3735 2228/4572/3665
f 2087/4982/3735 2093/4981/3736 2228/4572/3665
f 2092/4983/3737 2226/4805/3663 2093/4984/3736
f 2093/4984/3736 2226/4805/3663 2228/4572/3665
s 23
usemtl shatterInteriorSG1
f 2092/4986/3738 2091/4985/3739 2226/4753/3740
f 2091/4985/3739 2232/4748/3668 2226/4753/3740
f 2226/4753/3740 2232/4748/3668 2227/4754/3741
f 2227/4754/3741 2232/4748/3668 2229/4755/3742
f 2232/4748/3668 2231/4752/3667 2229/4755/3742
f 2091/4987/3739 2090/4989/3743 2232/4748/3668
f 2090/4989/3743 2097/4988/3744 2232/4748/3668
f 2097/4991/3744 2096/4990/3745 2232/4748/3668
f 2169/4747/3562 2232/4748/3668 2234/4758/3677
f 2234/4758/3677 2232/4748/3668 2235/4756/3746
f 2235/4756/3746 2232/4748/3668 2244/4757/3747
f 2095/4992/3748 2244/4757/3747 2096/4993/3745
f 2096/4993/3745 2244/4757/3747 2232/4748/3668
s 22
usemtl initialShadingGroup
f 2095/4995/3749 2094/4994/3750 2244/4804/3751
f 2206/4570/3626 2235/4803/3678 2109/4998/3752
f 2235/4803/3678 2244/4802/3751 2109/4998/3752
f 2109/4998/3752 2244/4802/3751 2102/4999/3753
f 2094/4997/3750 2100/4996/3754 2244/4802/3751
f 2102/4999/3753 2244/4802/3751 2100/4996/3754
f 2109/5001/3752 2108/5000/3755 2206/4570/3626
f 2236/4568/3680 2206/4570/3626 2085/5003/3756
f 2108/5002/3755 2086/5004/3757 2206/4570/3626
f 2086/5004/3757 2085/5003/3756 2206/4570/3626
f 2085/5006/3756 2084/5005/3758 2236/4568/3680
f 2082/5008/3759 2236/4568/3680 2083/5009/3760
f 2083/5009/3760 2236/4568/3680 2084/5007/3758
f 2236/4568/3680 2082/5010/3759 2207/4567/3628
f 2082/5010/3759 2080/5012/3761 2207/4567/3628
f 2080/5012/3761 2079/5011/3762 2207/4567/3628
f 2079/5014/3762 2078/5013/3763 2207/4567/3628
f 2078/5013/3763 2210/4566/3635 2207/4567/3628
f 2078/5016/3763 2077/5015/3764 2210/4566/3635
f 2077/5018/3764 2076/5017/3765 2210/4566/3635
f 2210/4566/3635 2076/5017/3765 2211/4565/3638
f 2076/5021/3765 2075/5020/3766 2211/4565/3638
f 2075/5020/3766 2074/5019/3767 2211/4565/3638
f 2237/4563/3681 2211/4565/3638 2071/5023/3768
f 2071/5023/3768 2211/4565/3638 2072/5024/3769
f 2072/5024/3769 2211/4565/3638 2074/5022/3767
f 2071/5026/3768 2070/5025/3770 2237/4563/3681
f 2066/5028/3771 2237/4563/3681 2067/5029/3772
f 2067/5029/3772 2237/4563/3681 2070/5027/3770
f 2237/4563/3681 2066/5031/3771 2212/4562/3641
f 2066/5031/3771 2065/5030/3773 2212/4562/3641
f 2065/5033/3773 2064/5032/3774 2212/4562/3641
f 2212/4562/3641 2064/5032/3774 2218/4561/3649
f 2134/5035/3775 2218/4561/3649 2069/5036/3776
f 2069/5036/3776 2218/4561/3649 2064/5034/3774
f 2134/5038/3775 2133/5037/3777 2218/4561/3649
f 2218/4561/3649 2133/5037/3777 2216/4560/3683
f 2133/5041/3777 2062/5040/3778 2216/4560/3683
f 2062/5040/3778 2061/5039/3779 2216/4560/3683
s 35
f 2240/4730/3780 2238/4729/3684 2132/5043/3781
f 2132/5043/3781 2238/4729/3684 2063/5044/3782
f 2238/4729/3684 2216/4585/3647 2063/5044/3782
f 2063/5044/3782 2216/4585/3647 2061/5042/3783
f 2132/5046/3781 2131/5045/3784 2240/4727/3780
f 2240/4727/3780 2131/5045/3784 2241/4728/3785
s 19
f 2242/4726/3697 2239/4725/3786 2137/5047/3696
f 2241/4724/3787 2131/5048/3788 2239/4725/3786
f 2131/5048/3788 2137/5047/3696 2239/4725/3786
g default
v -3.074314 4.538851 -0.500000
v -2.537497 3.708388 0.201206
v -2.188028 3.342220 -0.500000
v -2.203020 3.362461 -0.500000
v -2.451065 3.697363 -0.500000
v -2.486103 3.744670 -0.500000
v -2.500326 3.763875 -0.500000
v -2.769186 4.126879 -0.500000
v -2.898327 4.301240 -0.500000
v -3.052271 4.509089 -0.500000
v -2.223139 3.296950 0.114951
v -2.218906 3.297672 0.072243
v -2.162199 3.307346 -0.500000
v -2.256313 3.291291 0.449720
v -2.377836 3.461389 0.409761
v -2.604321 3.778405 0.335288
v -2.736494 3.963408 0.291827
v -2.796207 4.046991 0.272192
v -3.424677 4.926669 0.065538
v -2.993999 4.323844 0.207153
v -2.801935 4.055008 0.270308
v -3.263231 4.793920 -0.500000
v -3.449398 4.988982 -0.126458
v -3.296328 4.838605 -0.500000
v -3.335354 4.891297 -0.500000
v -3.431492 5.021098 -0.500000
v -3.497498 5.110216 -0.500000
v -2.861439 3.918829 0.232174
v -2.468485 2.718239 0.306344
v -3.668041 2.072824 -0.284755
v -2.561239 2.467725 0.243666
v -2.790037 1.849768 0.089055
v -2.606409 2.345723 0.213142
v -3.217319 0.695732 -0.199681
v -3.073120 1.085197 -0.102238
v -3.017044 1.236649 -0.064346
v -3.225983 0.672331 -0.205536
v -4.003902 1.304157 -0.500000
v -4.003307 1.301004 -0.500000
v -3.960941 1.077047 -0.500000
v -3.911201 0.814121 -0.500000
v -3.859287 0.539682 -0.500000
v -3.842751 0.452271 -0.500000
v -3.294476 0.487341 -0.251820
v -3.819099 0.327236 -0.500000
v -3.757633 0.002316 -0.500000
v -3.530909 0.002316 -0.398598
v -3.506403 0.002316 -0.387639
v -3.474056 0.002316 -0.373171
v -3.427681 0.127571 -0.341833
v -3.465542 0.002316 -0.465270
v -3.462332 0.002316 -0.500000
v -3.431492 0.080715 -0.500000
v -3.431492 0.539682 -0.500000
v -3.358150 0.267155 -0.500000
v -3.250942 0.539682 -0.500000
v -3.201313 0.665842 -0.500000
v -3.039553 1.077047 -0.500000
v -3.042860 1.068642 -0.500000
v -3.431492 1.077047 -0.500000
v -2.931820 1.350916 -0.500000
v -2.828165 1.614414 -0.500000
v -3.431492 1.614414 -0.500000
v -2.662325 2.035989 -0.500000
v -2.825531 1.621111 -0.500000
v -2.616776 2.151779 -0.500000
v -3.431492 2.151779 -0.500000
v -2.504467 2.437277 -0.500000
v -2.451065 2.689144 -0.500000
v -2.451065 2.573026 -0.500000
v -2.405386 2.689144 -0.500000
v -2.392830 2.721062 -0.500000
v -2.193998 3.226509 -0.500000
v -2.292910 2.975067 -0.500000
v -2.451065 3.226509 -0.500000
v -4.124714 3.468099 -0.370951
v -4.118881 1.911966 -0.500000
v -4.095409 1.787888 -0.500000
v -4.062595 1.614414 -0.500000
v -3.431492 2.689144 -0.500000
v -3.431492 3.226509 -0.500000
v -3.431492 3.763875 -0.500000
v -3.431492 4.301240 -0.500000
v -3.497864 4.902723 0.030780
v -4.326077 3.007253 -0.500000
v -4.279617 2.761656 -0.500000
v -4.265900 2.689144 -0.500000
v -4.187515 2.274772 -0.500000
v -4.164249 2.151779 -0.500000
v -3.431492 4.838605 -0.500000
v -3.768131 4.971465 -0.500000
v -4.064850 4.732224 -0.276941
v -4.019627 4.732005 -0.217019
v -4.066849 4.716554 -0.239446
v -4.096191 4.706954 -0.253381
v -4.488209 4.578688 -0.439561
v -4.395012 3.371658 -0.500000
v -4.371723 3.248539 -0.500000
v -4.367554 3.226509 -0.500000
v -4.411915 3.763875 -0.500000
v -4.411915 4.301240 -0.500000
v -4.027279 4.838605 -0.500000
v -4.052959 4.825440 -0.500000
v -4.411915 4.641407 -0.500000
v -4.615471 4.537049 -0.500000
v -4.233192 4.733037 -0.500000
v -4.570862 4.301240 -0.500000
v -4.555931 4.222307 -0.500000
v -4.469208 3.763875 -0.500000
v -4.463825 3.735423 -0.500000
v -4.411915 3.461016 -0.500000
v -2.548738 2.461497 0.081952
v -2.561050 2.468233 0.243793
vt 0.441667 0.600000
vt 0.425000 0.616667
vt 0.441667 0.616667
vt 0.425000 0.633333
vt 0.441667 0.633333
vt 0.441667 0.650000
vt 0.458333 0.650000
vt 0.441667 0.666667
vt 0.458333 0.666667
vt 0.441667 0.683333
vt 0.441667 0.700000
vt 0.441667 0.716666
vt 0.441667 0.733333
vt 0.525000 0.450000
vt 0.500000 0.475000
vt 0.525000 0.475000
vt 0.530131 0.476530
vt 0.529459 0.481230
vt 0.529389 0.481717
vt 0.528267 0.489569
vt 0.528074 0.490921
vt 0.530349 0.475000
vt 0.530704 0.472514
vt 0.530651 0.472891
vt 0.530349 0.475000
vt 0.531241 0.468759
vt 0.533335 0.454107
vt 0.533034 0.456214
vt 0.532020 0.463311
vt 0.531842 0.464553
vt 0.531241 0.468759
vt 0.533922 0.450000
vt 0.534650 0.444904
vt 0.534226 0.447875
vt 0.533922 0.450000
vt 0.535410 0.439590
vt 0.537281 0.426497
vt 0.536609 0.431197
vt 0.535966 0.435700
vt 0.535418 0.439536
vt 0.535410 0.439590
vt 0.537495 0.425000
vt 0.534579 0.415996
vt 0.538596 0.417294
vt 0.537801 0.422859
vt 0.537495 0.425000
vt 0.534145 0.415856
vt 0.534144 0.415856
vt 0.439977 0.775350
vt 0.440393 0.778090
vt 0.436122 0.750000
vt 0.439977 0.775350
vt 0.435078 0.739922
vt 0.436122 0.750000
vt 0.434394 0.733333
vt 0.434676 0.736044
vt 0.435078 0.739922
vt 0.433512 0.724821
vt 0.434394 0.733333
vt 0.432666 0.716666
vt 0.433512 0.724821
vt 0.431946 0.709720
vt 0.432666 0.716666
vt 0.430938 0.700000
vt 0.431936 0.709623
vt 0.431946 0.709720
vt 0.430380 0.694619
vt 0.430938 0.700000
vt 0.429210 0.683333
vt 0.429981 0.690771
vt 0.430380 0.694619
vt 0.428815 0.679518
vt 0.429210 0.683333
vt 0.427482 0.666667
vt 0.428815 0.679518
vt 0.427249 0.664418
vt 0.427482 0.666667
vt 0.425754 0.650000
vt 0.426459 0.656800
vt 0.427249 0.664418
vt 0.425683 0.649317
vt 0.425754 0.650000
vt 0.425000 0.642727
vt 0.425287 0.645498
vt 0.425683 0.649317
vt 0.424118 0.634216
vt 0.425000 0.642727
vt 0.424026 0.633333
vt 0.424118 0.634216
vt 0.422552 0.619115
vt 0.424026 0.633333
vt 0.422298 0.616667
vt 0.422552 0.619115
vt 0.422298 0.616667
vt 0.525000 0.525000
vt 0.524511 0.525489
vt 0.523724 0.525000
vt 0.525000 0.525793
vt 0.524511 0.525489
vt 0.529751 0.525000
vt 0.525000 0.525793
vt 0.531534 0.529853
vt 0.533656 0.531171
vt 0.531576 0.527885
vt 0.527910 0.522091
vt 0.529751 0.525000
vt 0.525000 0.517493
vt 0.527910 0.522090
vt 0.527647 0.521676
vt 0.515027 0.519596
vt 0.523724 0.525000
vt 0.525000 0.517493
vt 0.425000 0.606116
vt 0.421540 0.609353
vt 0.425000 0.606116
vt 0.431539 0.600000
vt 0.431102 0.600408
vt 0.428038 0.603274
vt 0.431539 0.600000
vt 0.435944 0.595879
vt 0.527497 0.494960
vt 0.525000 0.494899
vt 0.505571 0.494429
vt 0.525000 0.494899
vt 0.517309 0.494713
vt 0.516734 0.494699
vt 0.515807 0.494677
vt 0.505571 0.494429
vt 0.500000 0.525000
vt 0.497238 0.525000
vt 0.496122 0.520481
vt 0.497241 0.525009
vt 0.497238 0.525000
vt 0.497786 0.527215
vt 0.497785 0.527215
vt 0.500000 0.536180
vt 0.509820 0.569504
vt 0.508249 0.569574
vt 0.507690 0.567310
vt 0.510360 0.564640
vt 0.510397 0.568046
vt 0.510412 0.569478
vt 0.510360 0.564640
vt 0.507690 0.567310
vt 0.506083 0.560807
vt 0.505257 0.557463
vt 0.505153 0.557040
vt 0.503414 0.550000
vt 0.510201 0.550000
vt 0.510281 0.557358
vt 0.510306 0.559662
vt 0.510093 0.540031
vt 0.510145 0.544844
vt 0.510199 0.549846
vt 0.510201 0.550000
vt 0.503414 0.550000
vt 0.502738 0.547262
vt 0.510092 0.539908
vt 0.510009 0.532330
vt 0.510092 0.539908
vt 0.502738 0.547262
vt 0.500000 0.536180
vt 0.509930 0.525000
vt 0.509987 0.530215
vt 0.509930 0.525000
vt 0.509823 0.515177
vt 0.509874 0.519816
vt 0.509880 0.520399
vt 0.509903 0.522520
vt 0.509774 0.510584
vt 0.509824 0.515177
vt 0.462703 0.650000
vt 0.459323 0.665677
vt 0.461022 0.657799
vt 0.462703 0.650000
vt 0.459110 0.666667
vt 0.459323 0.665677
vt 0.458333 0.670268
vt 0.459110 0.666667
vt 0.458333 0.670268
vt 0.455516 0.683333
vt 0.457426 0.674478
vt 0.454742 0.686925
vt 0.455516 0.683333
vt 0.451923 0.700000
vt 0.451968 0.699792
vt 0.454742 0.686924
vt 0.450161 0.708172
vt 0.451923 0.700000
vt 0.448329 0.716666
vt 0.450161 0.708172
vt 0.445580 0.729420
vt 0.448273 0.716927
vt 0.448329 0.716666
vt 0.444736 0.733333
vt 0.445580 0.729420
vt 0.444736 0.733333
vt 0.441667 0.747568
vt 0.442913 0.741786
vt 0.441142 0.750000
vt 0.441667 0.747568
vt 0.441088 0.758682
vt 0.441142 0.750000
vt 0.440943 0.781707
vt 0.441088 0.758682
vt 0.527576 0.422424
vt 0.532023 0.417415
vt 0.533571 0.415670
vt 0.525289 0.425000
vt 0.527576 0.422424
vt 0.525000 0.425326
vt 0.525289 0.425000
vt 0.518314 0.432858
vt 0.520186 0.430749
vt 0.525000 0.425326
vt 0.503097 0.450000
vt 0.504605 0.448301
vt 0.510735 0.441395
vt 0.500000 0.453488
vt 0.503097 0.450000
vt 0.500000 0.453488
vt 0.500000 0.500000
vt 0.499634 0.479905
vt 0.497081 0.483485
vt 0.494939 0.486487
vt 0.490479 0.492739
vt 0.490243 0.493069
vt 0.489662 0.493884
vt 0.485547 0.499651
vt 0.485299 0.500000
vt 0.500000 0.479393
vt 0.484870 0.500601
vt 0.493078 0.505913
vt 0.493690 0.506310
vt 0.485299 0.500000
vt 0.500000 0.506129
vt 0.493690 0.506310
vt 0.498492 0.509418
vt 0.502811 0.500000
vt 0.500000 0.506129
vt 0.505193 0.494807
vt 0.502811 0.500000
vt 0.504452 0.496423
vt 0.510965 0.475000
vt 0.503134 0.475000
vt 0.500000 0.479393
vt 0.505193 0.494807
vt 0.505264 0.494652
vt 0.507648 0.489455
vt 0.512993 0.477800
vt 0.507020 0.469553
vt 0.505925 0.471088
vt 0.504330 0.473323
vt 0.503683 0.474230
vt 0.503134 0.475000
vt 0.510965 0.475000
vt 0.492917 0.461468
vt 0.497527 0.475000
vt 0.496258 0.471275
vt 0.494083 0.464893
vt 0.462550 0.645783
vt 0.463244 0.647493
vt 0.462805 0.646411
vt 0.462550 0.645783
vt 0.458333 0.635396
vt 0.497527 0.475000
vt 0.498156 0.476844
vt 0.498101 0.476683
vt 0.458333 0.635396
vt 0.457738 0.633929
vt 0.457496 0.633333
vt 0.452926 0.622074
vt 0.450730 0.616667
vt 0.448113 0.610220
vt 0.500000 0.482257
vt 0.498156 0.476844
vt 0.504135 0.494394
vt 0.500000 0.482257
vt 0.457738 0.633929
vt 0.457496 0.633333
vt 0.452926 0.622074
vt 0.450730 0.616667
vt 0.448113 0.610220
vt 0.447739 0.609297
vt 0.444527 0.601386
vt 0.443964 0.600000
vt 0.443964 0.600000
vt 0.443301 0.598366
vt 0.513807 0.518838
vt 0.522235 0.513124
vt 0.516668 0.516898
vt 0.443301 0.598366
vt 0.441667 0.594340
vt 0.441667 0.594340
vt 0.440545 0.591576
vt 0.500000 0.509719
vt 0.509758 0.509107
vt 0.500000 0.509719
vt 0.493563 0.510122
vt 0.499272 0.509764
vn 0.800378 0.592802 0.089336
vn 0.800379 0.592801 0.089337
vn 0.800381 0.592800 0.089325
vn 0.800377 0.592803 0.089339
vn 0.800378 0.592802 0.089337
vn 0.800380 0.592799 0.089336
vn 0.800379 0.592801 0.089335
vn 0.800379 0.592800 0.089336
vn 0.800379 0.592801 0.089336
vn 0.800381 0.592798 0.089336
vn 0.800384 0.592794 0.089336
vn 0.800379 0.592800 0.089337
vn 0.800380 0.592800 0.089336
vn 0.800379 0.592801 0.089335
vn 0.800380 0.592800 0.089337
vn 0.800378 0.592802 0.089332
vn 0.800378 0.592802 0.089337
vn 0.800377 0.592801 0.089354
vn 0.800378 0.592802 0.089335
vn 0.800378 0.592802 0.089337
vn 0.800378 0.592802 0.089337
vn 0.800379 0.592801 0.089336
vn 0.800379 0.592800 0.089338
vn 0.800381 0.592798 0.089339
vn 0.800378 0.592802 0.089336
vn 0.800376 0.592805 0.089334
vn 0.800375 0.592806 0.089334
vn -0.407059 -0.077003 0.910150
vn -0.407058 -0.077003 0.910151
vn -0.407058 -0.077004 0.910151
vn -0.407056 -0.077003 0.910152
vn -0.407061 -0.077004 0.910149
vn -0.407060 -0.077004 0.910150
vn -0.407059 -0.077003 0.910150
vn -0.407059 -0.077002 0.910150
vn -0.407059 -0.077004 0.910150
vn -0.407059 -0.077003 0.910151
vn -0.407058 -0.077005 0.910151
vn -0.407059 -0.077003 0.910150
vn -0.407058 -0.077003 0.910151
vn -0.407059 -0.077004 0.910150
vn -0.407054 -0.076997 0.910153
vn -0.407059 -0.077004 0.910150
vn -0.407060 -0.077005 0.910150
vn -0.407059 -0.077003 0.910150
vn -0.407059 -0.077006 0.910150
vn -0.407059 -0.077004 0.910150
vn -0.407060 -0.077002 0.910150
vn -0.407059 -0.077002 0.910150
vn -0.407056 -0.077000 0.910152
vn -0.407057 -0.076999 0.910151
vn -0.407062 -0.077005 0.910149
vn -0.407067 -0.077000 0.910147
vn -0.407077 -0.076993 0.910143
vn 0.000000 -1.000000 -0.000000
vn 0.000000 -1.000000 0.000000
vn 0.000000 -1.000000 0.000000
vn 0.000000 -1.000000 0.000000
vn 0.000000 -1.000000 0.000000
vn 0.000000 -1.000000 -0.000000
vn 0.000000 0.000000 -1.000000
vn 0.000000 0.000000 -1.000000
vn 0.000000 0.000000 -1.000000
vn 0.000000 0.000000 -1.000000
vn 0.000000 0.000000 -1.000000
vn 0.000000 0.000000 -1.000000
vn 0.000000 0.000000 -1.000000
vn 0.000000 0.000000 -1.000000
vn 0.000000 0.000000 -1.000000
vn 0.000000 0.000000 -1.000000
vn 0.000000 0.000000 -1.000000
vn 0.000000 0.000000 -1.000000
vn 0.000000 0.000000 -1.000000
vn 0.000000 0.000000 -1.000000
vn 0.000000 0.000000 -1.000000
vn 0.000000 0.000000 -1.000000
vn 0.000000 0.000000 -1.000000
vn 0.000000 0.000000 -1.000000
vn 0.000000 0.000000 -1.000000
vn 0.000000 0.000000 -1.000000
vn 0.000000 0.000000 -1.000000
vn 0.000000 0.000000 -1.000000
vn 0.000000 0.000000 -1.000000
vn 0.000000 0.000000 -1.000000
vn 0.000000 0.000000 -1.000000
vn 0.000000 0.000000 -1.000000
vn 0.000000 0.000000 -1.000000
vn 0.000000 0.000000 -1.000000
vn 0.000000 0.000000 -1.000000
vn 0.000000 0.000000 -1.000000
vn -0.407056 -0.077001 0.910152
vn -0.407063 -0.077001 0.910149
vn -0.407059 -0.077003 0.910150
vn -0.407058 -0.077004 0.910151
vn -0.407062 -0.077000 0.910149
vn -0.407059 -0.077006 0.910150
vn 0.000000 0.000000 -1.000000
vn 0.000000 0.000000 -1.000000
vn 0.000000 0.000000 -1.000000
vn 0.000000 0.000000 -1.000000
vn 0.000000 0.000000 -1.000000
vn 0.000000 0.000000 -1.000000
vn 0.000000 0.000000 -1.000000
vn 0.000000 0.000000 -1.000000
vn 0.000000 0.000000 -1.000000
vn 0.000000 0.000000 -1.000000
vn 0.000000 0.000000 -1.000000
vn 0.000000 0.000000 -1.000000
vn 0.000000 0.000000 -1.000000
vn 0.000000 0.000000 -1.000000
vn 0.000000 0.000000 -1.000000
vn 0.000000 0.000000 -1.000000
vn 0.000000 0.000000 -1.000000
vn -0.407059 -0.077003 0.910150
vn -0.407059 -0.077006 0.910150
vn -0.407059 -0.077004 0.910150
vn -0.407060 -0.077004 0.910150
vn -0.407060 -0.077003 0.910150
vn -0.407060 -0.077004 0.910150
vn -0.407058 -0.077001 0.910151
vn -0.407058 -0.077005 0.910150
vn 0.000000 0.000000 -1.000000
vn 0.000000 0.000000 -1.000000
vn 0.000000 0.000000 -1.000000
vn 0.000000 0.000000 -1.000000
vn 0.000000 0.000000 -1.000000
vn 0.000000 0.000000 -1.000000
vn 0.000000 0.000000 -1.000000
vn 0.000000 0.000000 -1.000000
vn -0.430937 0.840547 0.328289
vn -0.430936 0.840547 0.328290
vn -0.430935 0.840548 0.328291
vn -0.430939 0.840545 0.328292
vn -0.430936 0.840547 0.328290
vn -0.430933 0.840549 0.328290
vn -0.430935 0.840548 0.328289
vn -0.407059 -0.077003 0.910150
vn -0.407050 -0.077004 0.910154
vn -0.407058 -0.077004 0.910151
vn -0.407061 -0.077004 0.910150
vn -0.407058 -0.077005 0.910151
vn -0.407054 -0.077010 0.910152
vn -0.407061 -0.076999 0.910150
vn 0.000000 0.000000 -1.000000
vn 0.000000 0.000000 -1.000000
vn 0.000000 0.000000 -1.000000
vn 0.000000 0.000000 -1.000000
vn 0.000000 0.000000 -1.000000
vn 0.000000 0.000000 -1.000000
vn 0.000000 0.000000 -1.000000
vn 0.000000 0.000000 -1.000000
vn 0.000000 0.000000 -1.000000
vn 0.000000 0.000000 -1.000000
vn 0.000000 0.000000 -1.000000
vn -0.430935 0.840547 0.328292
vn -0.430931 0.840549 0.328293
vn -0.430931 0.840546 0.328300
vn -0.430934 0.840551 0.328283
vn -0.430929 0.840547 0.328300
vn -0.430933 0.840547 0.328295
vn -0.430936 0.840547 0.328290
vn -0.430939 0.840546 0.328289
vn -0.407060 -0.077003 0.910150
vn -0.407052 -0.077003 0.910153
vn -0.407036 -0.077004 0.910161
vn -0.407052 -0.077004 0.910154
vn -0.407062 -0.077002 0.910149
vn -0.407054 -0.077003 0.910153
vn 0.000000 0.000000 -1.000000
vn 0.000000 0.000000 -1.000000
vn 0.000000 0.000000 -1.000000
vn 0.000000 0.000000 -1.000000
vn 0.000000 0.000000 -1.000000
vn 0.000000 0.000000 -1.000000
vn 0.000000 0.000000 -1.000000
vn 0.000000 0.000000 -1.000000
vn 0.000000 0.000000 -1.000000
vn 0.000000 0.000000 -1.000000
vn 0.927161 -0.364726 0.085714
vn 0.927161 -0.364726 0.085715
vn 0.927161 -0.364726 0.085715
vn 0.927163 -0.364722 0.085713
vn 0.927162 -0.364723 0.085713
vn 0.927161 -0.364726 0.085716
vn 0.927159 -0.364731 0.085713
vn 0.927160 -0.364731 0.085713
vn 0.927161 -0.364728 0.085713
vn 0.927161 -0.364726 0.085712
vn 0.927161 -0.364727 0.085712
vn 0.927161 -0.364727 0.085712
vn 0.927161 -0.364728 0.085713
vn 0.927162 -0.364725 0.085712
vn 0.927163 -0.364723 0.085713
vn 0.927162 -0.364724 0.085711
vn 0.927162 -0.364725 0.085713
vn 0.927160 -0.364728 0.085716
vn 0.927160 -0.364730 0.085716
vn 0.927162 -0.364726 0.085708
vn 0.927161 -0.364728 0.085709
vn 0.927161 -0.364729 0.085711
vn 0.927160 -0.364731 0.085711
vn 0.927162 -0.364725 0.085716
vn 0.927161 -0.364727 0.085715
vn 0.927163 -0.364722 0.085713
vn 0.927163 -0.364723 0.085708
vn 0.927164 -0.364720 0.085708
vn 0.927166 -0.364716 0.085712
vn 0.927165 -0.364721 0.085696
vn 0.927162 -0.364725 0.085710
vn 0.927161 -0.364727 0.085712
vn 0.927162 -0.364723 0.085717
vn 0.927162 -0.364725 0.085713
vn 0.927162 -0.364727 0.085708
vn 0.927162 -0.364726 0.085713
s 1
g solidShatter1 shard14
usemtl shatterInteriorSG1
f 2245/5279/3789 2246/5270/3790 2254/5271/3791
f 2254/5271/3791 2246/5270/3790 2253/5272/3792
f 2253/5272/3792 2246/5270/3790 2252/5273/3793
f 2247/5278/3794 2248/5277/3795 2246/5270/3790
f 2248/5277/3795 2249/5276/3796 2246/5270/3790
f 2252/5273/3793 2246/5270/3790 2251/5274/3797
f 2249/5276/3796 2250/5275/3798 2246/5270/3790
f 2246/5270/3790 2250/5275/3798 2251/5274/3797
f 2257/5280/3799 2247/5283/3794 2256/5281/3800
f 2255/5282/3801 2256/5281/3800 2246/5270/3790
f 2247/5283/3794 2246/5270/3790 2256/5281/3800
f 2258/5286/3802 2255/5285/3801 2259/5284/3803
f 2259/5284/3803 2255/5285/3801 2246/5270/3790
f 2259/5288/3803 2246/5270/3790 2260/5287/3804
f 2262/5289/3805 2261/5291/3806 2246/5270/3790
f 2261/5291/3806 2260/5290/3804 2246/5270/3790
f 2246/5270/3790 2245/5294/3789 2262/5295/3805
f 2262/5295/3805 2245/5294/3789 2265/5296/3807
f 2265/5296/3807 2245/5294/3789 2264/5297/3808
f 2264/5297/3808 2245/5294/3789 2263/5298/3809
f 2245/5294/3789 2266/5293/3810 2263/5298/3809
f 2263/5298/3809 2266/5293/3810 2267/5292/3811
f 2266/5303/3810 2268/5302/3812 2267/5304/3811
f 2268/5302/3812 2269/5301/3813 2267/5304/3811
f 2269/5301/3813 2270/5300/3814 2267/5304/3811
f 2267/5304/3811 2270/5300/3814 2271/5299/3815
s 3
f 2272/5063/3816 2273/5269/3817 2261/5306/3818
f 2261/5306/3818 2273/5269/3817 2260/5307/3819
f 2260/5307/3819 2273/5269/3817 2259/5308/3820
f 2259/5308/3820 2273/5269/3817 2258/5305/3821
f 2274/5062/3822 2275/5268/3823 2273/5267/3817
f 2272/5063/3816 2274/5062/3822 2273/5267/3817
f 2278/5263/3824 2279/5262/3825 2274/5062/3822
f 2275/5264/3823 2274/5062/3822 2277/5265/3826
f 2277/5265/3826 2274/5062/3822 2276/5266/3827
f 2279/5262/3825 2280/5261/3828 2274/5062/3822
f 2276/5266/3827 2274/5062/3822 2280/5261/3828
f 2274/5062/3822 2282/5089/3829 2278/5259/3824
f 2282/5089/3829 2283/5088/3830 2278/5259/3824
f 2283/5088/3830 2284/5087/3831 2278/5259/3824
f 2284/5087/3831 2285/5086/3832 2278/5259/3824
f 2285/5086/3832 2286/5085/3833 2278/5259/3824
f 2278/5259/3824 2286/5085/3833 2281/5260/3834
f 2281/5260/3834 2286/5085/3833 2287/5090/3835
f 2281/5257/3834 2287/5094/3835 2288/5258/3836
f 2288/5258/3836 2287/5094/3835 2292/5095/3837
f 2287/5094/3835 2289/5093/3838 2292/5095/3837
f 2292/5095/3837 2289/5093/3838 2291/5091/3839
f 2289/5093/3838 2290/5092/3840 2291/5091/3839
f 2293/5256/3841 2294/5255/3842 2292/5096/3837
f 2292/5096/3837 2294/5255/3842 2288/5254/3836
s 6
usemtl initialShadingGroup
f 2291/5097/3843 2295/5253/3844 2292/5098/3845
f 2295/5253/3844 2293/5252/3846 2292/5098/3845
f 2296/5251/3847 2295/5250/3844 2290/5099/3848
f 2295/5250/3844 2291/5100/3843 2290/5099/3848
s 7
f 2298/5061/3849 2297/5249/3850 2289/5101/3851
f 2290/5102/3852 2289/5101/3851 2296/5248/3853
f 2297/5249/3850 2296/5248/3853 2289/5101/3851
f 2297/5246/3850 2298/5061/3849 2299/5247/3854
f 2299/5247/3854 2298/5061/3849 2300/5245/3855
f 2301/5244/3856 2300/5243/3855 2298/5061/3849
f 2298/5061/3849 2304/5060/3857 2301/5240/3856
f 2302/5242/3858 2303/5241/3859 2304/5060/3857
f 2303/5241/3859 2301/5240/3856 2304/5060/3857
f 2305/5239/3860 2302/5238/3858 2304/5060/3857
f 2306/5237/3861 2305/5236/3860 2307/5059/3862
f 2307/5059/3862 2305/5236/3860 2304/5060/3857
f 2306/5233/3861 2307/5059/3862 2309/5234/3863
f 2308/5235/3864 2309/5234/3863 2307/5059/3862
f 2310/5232/3865 2308/5231/3864 2311/5058/3866
f 2311/5058/3866 2308/5231/3864 2307/5059/3862
f 2313/5057/3867 2314/5228/3868 2311/5058/3866
f 2314/5228/3868 2312/5230/3869 2311/5058/3866
f 2312/5230/3869 2310/5229/3865 2311/5058/3866
f 2315/5227/3870 2314/5226/3868 2313/5057/3867
f 2316/5225/3871 2315/5224/3870 2313/5057/3867
f 2313/5057/3867 2319/5055/3872 2316/5221/3871
f 2316/5221/3871 2319/5055/3872 2318/5222/3873
f 2317/5223/3874 2318/5222/3873 2319/5055/3872
f 2248/5309/3875 2247/5311/3876 2319/5055/3872
f 2247/5311/3876 2257/5310/3877 2319/5055/3872
f 2257/5310/3877 2317/5220/3874 2319/5055/3872
f 2249/5313/3878 2248/5312/3875 2319/5055/3872
s 3
usemtl shatterInteriorSG1
f 2265/5315/3879 2272/5063/3816 2262/5316/3880
f 2262/5316/3880 2272/5063/3816 2261/5314/3818
f 2272/5063/3816 2320/5064/3881 2274/5062/3822
f 2282/5084/3829 2274/5062/3822 2323/5081/3882
f 2323/5081/3882 2274/5062/3822 2322/5082/3883
f 2274/5062/3822 2321/5083/3884 2322/5082/3883
s 7
usemtl initialShadingGroup
f 2283/5114/3885 2282/5113/3886 2307/5059/3862
f 2282/5113/3886 2323/5112/3887 2307/5059/3862
f 2284/5111/3888 2283/5110/3885 2304/5060/3857
f 2304/5060/3857 2283/5110/3885 2307/5059/3862
f 2285/5109/3889 2284/5108/3888 2304/5060/3857
f 2286/5107/3890 2285/5106/3889 2298/5061/3849
f 2298/5061/3849 2285/5106/3889 2304/5060/3857
f 2289/5105/3851 2287/5104/3891 2298/5061/3849
f 2287/5104/3891 2286/5103/3890 2298/5061/3849
f 2323/5116/3887 2322/5115/3892 2307/5059/3862
f 2307/5059/3862 2322/5115/3892 2311/5058/3866
f 2324/5056/3893 2313/5057/3867 2311/5058/3866
f 2324/5056/3893 2319/5055/3872 2313/5057/3867
f 2250/5318/3894 2249/5317/3878 2325/5054/3895
f 2249/5317/3878 2319/5055/3872 2325/5054/3895
f 2252/5320/3896 2251/5319/3897 2326/5053/3898
f 2254/5322/3899 2253/5321/3900 2327/5051/3901
s 3
usemtl shatterInteriorSG1
f 2265/5324/3879 2264/5323/3902 2272/5063/3816
f 2272/5063/3816 2264/5326/3902 2320/5064/3881
f 2263/5325/3903 2328/5176/3904 2264/5326/3902
f 2264/5326/3902 2328/5176/3904 2320/5064/3881
f 2320/5064/3881 2329/5079/3905 2274/5062/3822
f 2329/5079/3905 2330/5078/3906 2274/5062/3822
f 2330/5078/3906 2331/5077/3907 2274/5062/3822
f 2331/5077/3907 2332/5076/3908 2274/5062/3822
f 2332/5076/3908 2333/5075/3909 2274/5062/3822
f 2321/5080/3884 2274/5062/3822 2333/5075/3909
s 7
usemtl initialShadingGroup
f 2322/5119/3892 2321/5118/3910 2311/5058/3866
f 2321/5118/3910 2333/5117/3911 2311/5058/3866
f 2333/5121/3911 2332/5120/3912 2311/5058/3866
f 2311/5058/3866 2332/5120/3912 2324/5056/3893
f 2325/5054/3895 2319/5055/3872 2324/5056/3893
f 2250/5327/3894 2325/5054/3895 2251/5328/3897
f 2251/5328/3897 2325/5054/3895 2326/5053/3898
f 2253/5330/3900 2252/5329/3896 2327/5051/3901
f 2327/5051/3901 2252/5329/3896 2326/5053/3898
f 2254/5331/3899 2327/5051/3901 2245/5332/3913
f 2245/5332/3913 2327/5051/3901 2266/5333/3914
f 2334/5049/3915 2268/5334/3916 2327/5051/3901
f 2268/5334/3916 2266/5333/3914 2327/5051/3901
f 2269/5336/3917 2268/5335/3916 2334/5049/3915
s 15
usemtl shatterInteriorSG1
f 2263/5337/3918 2267/5339/3919 2328/5158/3920
f 2271/5338/3921 2335/5160/3922 2267/5339/3919
f 2336/5143/3923 2337/5159/3924 2335/5160/3922
f 2335/5160/3922 2337/5159/3924 2267/5339/3919
f 2267/5339/3919 2337/5159/3924 2328/5158/3920
s 3
f 2328/5171/3904 2337/5175/3925 2320/5064/3881
f 2337/5175/3925 2338/5174/3926 2320/5064/3881
f 2338/5174/3926 2339/5173/3927 2320/5064/3881
f 2339/5173/3927 2340/5172/3928 2320/5064/3881
f 2329/5074/3905 2320/5064/3881 2343/5071/3929
f 2343/5071/3929 2320/5064/3881 2342/5072/3930
f 2320/5064/3881 2341/5073/3931 2342/5072/3930
s 7
usemtl initialShadingGroup
f 2330/5128/3932 2329/5127/3933 2325/5054/3895
f 2329/5127/3933 2343/5126/3934 2325/5054/3895
f 2331/5125/3935 2330/5124/3932 2324/5056/3893
f 2330/5124/3932 2325/5054/3895 2324/5056/3893
f 2332/5123/3912 2331/5122/3935 2324/5056/3893
f 2343/5130/3934 2342/5129/3936 2325/5054/3895
f 2342/5129/3936 2326/5053/3898 2325/5054/3895
f 2344/5052/3937 2327/5051/3901 2326/5053/3898
f 2345/5050/3938 2334/5049/3915 2327/5051/3901
f 2270/5341/3939 2269/5340/3917 2334/5049/3915
f 2346/5167/3940 2335/5168/3941 2334/5049/3915
f 2334/5049/3915 2335/5168/3941 2270/5342/3939
f 2271/5343/3942 2270/5342/3939 2335/5168/3941
s 15
usemtl shatterInteriorSG1
f 2347/5156/3943 2336/5143/3923 2346/5157/3944
f 2346/5157/3944 2336/5143/3923 2335/5155/3922
f 2337/5145/3924 2336/5143/3923 2338/5144/3945
f 2338/5147/3945 2336/5143/3923 2339/5146/3946
f 2349/5151/3947 2340/5150/3948 2348/5152/3949
f 2340/5150/3948 2339/5149/3946 2348/5152/3949
f 2336/5143/3923 2350/5148/3950 2339/5149/3946
f 2348/5152/3949 2339/5149/3946 2350/5148/3950
s 3
f 2341/5070/3931 2320/5064/3881 2355/5065/3951
f 2320/5064/3881 2340/5170/3928 2355/5065/3951
f 2355/5065/3951 2340/5170/3928 2354/5066/3952
f 2354/5066/3952 2340/5170/3928 2353/5067/3953
f 2353/5067/3953 2340/5170/3928 2352/5068/3954
f 2352/5068/3954 2340/5170/3928 2351/5069/3955
f 2340/5170/3928 2349/5169/3956 2351/5069/3955
s 7
usemtl initialShadingGroup
f 2342/5133/3936 2341/5132/3957 2326/5053/3898
f 2341/5132/3957 2355/5131/3958 2326/5053/3898
f 2355/5131/3958 2344/5052/3937 2326/5053/3898
f 2345/5050/3938 2327/5051/3901 2344/5052/3937
f 2334/5049/3915 2345/5050/3938 2346/5164/3940
f 2346/5164/3940 2345/5050/3938 2347/5165/3959
f 2347/5165/3959 2345/5050/3938 2350/5166/3960
f 2350/5166/3960 2345/5050/3938 2348/5163/3961
s 15
usemtl shatterInteriorSG1
f 2350/5154/3950 2336/5143/3923 2347/5153/3943
s 7
usemtl initialShadingGroup
f 2348/5161/3961 2345/5050/3938 2349/5162/3962
f 2349/5162/3962 2345/5050/3938 2351/5142/3963
f 2352/5141/3964 2351/5140/3963 2345/5050/3938
f 2353/5139/3965 2352/5138/3964 2344/5052/3937
f 2344/5052/3937 2352/5138/3964 2345/5050/3938
f 2354/5137/3966 2353/5136/3965 2344/5052/3937
f 2355/5135/3958 2354/5134/3966 2344/5052/3937
s 21
usemtl shatterInteriorSG1
f 2356/5177/3967 2318/5219/3968 2256/5344/3969
f 2257/5345/3970 2256/5344/3969 2317/5218/3971
f 2256/5344/3969 2318/5219/3968 2317/5218/3971
f 2318/5214/3968 2356/5177/3967 2316/5215/3972
f 2316/5215/3972 2356/5177/3967 2315/5216/3973
f 2315/5216/3973 2356/5177/3967 2314/5217/3974
f 2314/5217/3974 2356/5177/3967 2312/5213/3975
f 2280/5209/3976 2309/5208/3977 2276/5210/3978
f 2309/5208/3977 2308/5207/3979 2276/5210/3978
f 2276/5210/3978 2308/5207/3979 2356/5177/3967
f 2308/5207/3979 2310/5212/3980 2356/5177/3967
f 2310/5212/3980 2312/5211/3975 2356/5177/3967
f 2309/5206/3977 2280/5205/3976 2306/5200/3981
f 2306/5200/3981 2280/5205/3976 2305/5201/3982
f 2305/5201/3982 2280/5205/3976 2302/5202/3983
f 2303/5203/3984 2302/5202/3983 2279/5204/3985
f 2280/5205/3976 2279/5204/3985 2302/5202/3983
f 2294/5192/3986 2299/5191/3987 2288/5193/3988
f 2299/5191/3987 2300/5199/3989 2288/5193/3988
f 2279/5196/3985 2278/5195/3990 2303/5197/3984
f 2303/5197/3984 2278/5195/3990 2301/5198/3991
f 2278/5195/3990 2281/5194/3992 2301/5198/3991
f 2281/5194/3992 2288/5193/3988 2301/5198/3991
f 2300/5199/3989 2301/5198/3991 2288/5193/3988
f 2299/5188/3987 2294/5187/3986 2297/5189/3993
f 2294/5187/3986 2293/5186/3994 2297/5189/3993
f 2293/5186/3994 2295/5185/3995 2297/5189/3993
f 2296/5190/3996 2297/5189/3993 2295/5185/3995
f 2276/5184/3978 2356/5177/3967 2277/5183/3997
f 2357/5181/3998 2275/5180/3999 2356/5177/3967
f 2277/5182/3997 2356/5177/3967 2275/5180/3999
f 2258/5347/4000 2273/5179/4001 2255/5348/4002
f 2256/5346/3969 2255/5348/4002 2356/5177/3967
f 2356/5177/3967 2255/5348/4002 2357/5178/3998
f 2255/5348/4002 2273/5179/4001 2357/5178/3998
g default
v 3.868893 5.810963 0.500000
v 3.765594 5.691577 0.150994
v 4.226006 5.600046 0.500000
v 3.695560 5.913336 0.500000
v 3.560932 5.992849 0.500000
v 3.431490 6.069300 0.500000
v 3.151155 6.234869 0.500000
v 2.907940 5.974743 -0.281173
v 2.839808 5.901875 -0.500000
v 2.906803 5.862307 -0.500000
v 3.431490 5.552418 -0.500000
v 3.572918 5.468889 -0.500000
v 3.114536 5.739615 -0.500000
v 3.586445 5.460899 -0.500000
v 3.730240 5.375971 -0.500000
v 4.058353 5.182184 -0.500000
v 4.147354 5.129619 -0.500000
v 4.605400 5.375970 0.500000
v 4.411915 5.490245 0.500000
v 4.411915 4.973363 -0.500000
v 4.470753 4.938615 -0.500000
v 4.766727 5.280687 0.500000
v 5.462723 4.517140 -0.181938
v 5.519817 4.583124 0.010956
v 4.926949 4.700987 -0.438458
v 5.595623 4.471538 -0.118310
v 5.843239 4.386569 0.000245
v 5.713207 4.544678 0.157552
v 5.602753 4.678978 0.291171
v 5.392334 4.911194 0.500000
v 5.233032 5.005281 0.500000
v 5.470081 4.840295 0.451671
v 5.430134 4.888870 0.500000
v 4.530258 4.903468 -0.500000
v 4.640083 4.838605 -0.500000
v 4.798409 4.745094 -0.500000
v 3.774948 7.046200 0.500000
v 3.628315 6.911633 0.306926
v 3.579628 7.208481 0.500000
v 4.491680 6.450701 0.500000
v 4.411915 6.516973 0.500000
v 4.411915 6.450701 0.500000
v 3.056175 7.643391 0.500000
v 3.025614 7.511934 0.381888
v 3.062387 7.551252 0.500000
v 3.431490 7.331560 0.500000
v 3.431490 6.988066 0.500000
v 3.844917 6.988066 0.500000
v 3.198149 7.525433 0.500000
v 3.064129 7.525433 0.500000
v 3.020939 7.491827 0.363823
v 4.615551 6.347784 0.500000
v 4.646301 6.322235 0.500000
v 4.792854 6.200474 0.500000
v 4.874035 6.067656 0.450777
v 4.689304 5.898125 0.207537
v 3.431490 6.003590 -0.500000
v 3.496943 5.949209 -0.500000
v 3.431490 5.913336 -0.500000
v 2.797424 6.530403 -0.500000
v 2.893353 6.450701 -0.500000
v 2.802799 6.450701 -0.500000
v 2.989622 7.357121 0.242791
v 3.085014 7.215710 0.500000
v 3.087658 7.176519 0.500000
v 3.100365 6.988066 0.500000
v 2.895006 6.950142 -0.122872
v 2.818840 6.212816 -0.500000
v 3.015488 6.349226 -0.500000
v 3.125284 6.618530 0.500000
v 3.431490 6.450701 0.500000
v 4.411915 5.913336 0.500000
v 4.932365 5.913336 0.500000
v 5.017311 5.738512 0.500000
v 5.101353 5.695759 0.312950
v 5.256985 5.441146 0.218590
v 5.382278 5.236161 0.142622
v 5.548206 4.682431 -0.170541
v 5.747528 4.638604 -0.078836
v 5.815311 4.460114 -0.022831
v 5.533508 4.685662 -0.177302
v 5.652191 4.794580 -0.021030
v 4.864029 4.832866 -0.485316
v 4.666023 4.977880 -0.500000
v 4.411915 5.189004 -0.500000
v 4.276329 5.301656 -0.500000
v 4.186886 5.375971 -0.500000
v 4.151958 5.404989 -0.500000
v 4.832115 4.839884 -0.500000
v 3.886635 5.625433 -0.500000
v 3.831806 5.670990 -0.500000
v 3.540119 5.913336 -0.500000
v 3.107248 6.272985 -0.500000
v 2.839035 5.913336 -0.500000
v 2.826782 6.095053 -0.500000
v 2.825207 6.118401 -0.500000
v 2.823982 6.136551 -0.500000
v 3.135338 6.469435 0.500000
v 3.136600 6.450701 0.500000
v 5.121277 5.524538 0.500000
v 5.193462 5.375970 0.500000
v 5.392334 4.966661 0.500000
v 4.831657 4.838605 -0.500000
vt 0.575000 0.183333
vt 0.558333 0.200000
vt 0.575000 0.200000
vt 0.558333 0.216667
vt 0.558333 0.566667
vt 0.473238 0.475000
vt 0.469677 0.473063
vt 0.444978 0.480022
vt 0.450000 0.482754
vt 0.444978 0.480022
vt 0.445365 0.480232
vt 0.461169 0.488831
vt 0.474379 0.475621
vt 0.473238 0.475000
vt 0.450000 0.482754
vt 0.450587 0.483073
vt 0.453407 0.484608
vt 0.458937 0.487617
vt 0.475000 0.475959
vt 0.474651 0.475769
vt 0.474379 0.475621
vt 0.461169 0.488831
vt 0.461449 0.488984
vt 0.477720 0.477439
vt 0.475000 0.475959
vt 0.548262 0.566667
vt 0.548262 0.566667
vt 0.548027 0.560306
vt 0.548054 0.561031
vt 0.548027 0.560306
vt 0.547646 0.550000
vt 0.547919 0.557378
vt 0.548006 0.559744
vt 0.547646 0.550000
vt 0.552088 0.233333
vt 0.552059 0.234134
vt 0.552088 0.233333
vt 0.552488 0.222512
vt 0.552444 0.223727
vt 0.552704 0.216667
vt 0.552488 0.222512
vt 0.553128 0.205205
vt 0.552704 0.216667
vt 0.553128 0.205205
vt 0.553320 0.200000
vt 0.553299 0.200581
vt 0.553320 0.200000
vt 0.493062 0.500000
vt 0.498298 0.486384
vt 0.495521 0.493605
vt 0.494513 0.496225
vt 0.493062 0.500000
vt 0.491876 0.503084
vt 0.588286 0.166667
vt 0.591667 0.153972
vt 0.591667 0.153972
vt 0.587059 0.171275
vt 0.588286 0.166667
vt 0.587059 0.171275
vt 0.583847 0.183333
vt 0.585292 0.177911
vt 0.583847 0.183333
vt 0.502689 0.497311
vt 0.511866 0.479916
vt 0.502689 0.497311
vt 0.582135 0.600000
vt 0.582135 0.600000
vt 0.510876 0.479556
vt 0.500000 0.475000
vt 0.500000 0.500000
vt 0.495732 0.528063
vt 0.496846 0.525000
vt 0.493031 0.525000
vt 0.493217 0.525210
vt 0.500000 0.516328
vt 0.484581 0.515419
vt 0.493031 0.525000
vt 0.496846 0.525000
vt 0.505938 0.500000
vt 0.500000 0.516329
vt 0.501464 0.512303
vt 0.503282 0.507303
vt 0.506508 0.493492
vt 0.505938 0.500000
vt 0.506887 0.497392
vt 0.506574 0.494168
vt 0.504863 0.476539
vt 0.504714 0.475000
vt 0.506508 0.493492
vt 0.506244 0.490767
vt 0.506074 0.489012
vt 0.504297 0.470703
vt 0.504714 0.475000
vt 0.500422 0.460490
vt 0.500000 0.460688
vt 0.504297 0.470703
vt 0.503980 0.467445
vt 0.503482 0.462312
vt 0.503179 0.459188
vt 0.488638 0.466049
vt 0.479834 0.470203
vt 0.480039 0.472313
vt 0.480300 0.475000
vt 0.500000 0.460688
vt 0.497175 0.462022
vt 0.482043 0.492957
vt 0.480300 0.475000
vt 0.480496 0.477019
vt 0.481188 0.484151
vt 0.481328 0.485591
vt 0.481420 0.486541
vt 0.482726 0.500000
vt 0.482043 0.492957
vt 0.482160 0.494163
vt 0.484178 0.514962
vt 0.484581 0.515419
vt 0.482726 0.500000
vt 0.482801 0.500768
vt 0.482992 0.502736
vt 0.483281 0.505719
vt 0.483824 0.511308
vt 0.496623 0.500000
vt 0.500000 0.495889
vt 0.496623 0.500000
vt 0.489928 0.508149
vt 0.491690 0.506005
vt 0.500000 0.495889
vt 0.502719 0.492579
vt 0.508576 0.485449
vt 0.510645 0.482931
vt 0.578984 0.196016
vt 0.581476 0.192239
vt 0.578984 0.196016
vt 0.576356 0.200000
vt 0.578462 0.196808
vt 0.565361 0.216667
vt 0.575000 0.202055
vt 0.575000 0.202055
vt 0.576356 0.200000
vt 0.554367 0.233333
vt 0.558333 0.227320
vt 0.565361 0.216667
vt 0.558333 0.227320
vt 0.560852 0.223503
vt 0.564172 0.218470
vt 0.551953 0.236992
vt 0.554367 0.233333
vt 0.549185 0.550000
vt 0.547555 0.547528
vt 0.549185 0.550000
vt 0.552821 0.555512
vt 0.551262 0.553147
vt 0.558333 0.563867
vt 0.552822 0.555512
vt 0.559446 0.565554
vt 0.558333 0.563867
vt 0.560180 0.566667
vt 0.559446 0.565554
vt 0.560180 0.566667
vt 0.566071 0.575596
vt 0.565139 0.574183
vt 0.566071 0.575596
vt 0.571175 0.583333
vt 0.570581 0.582433
vt 0.572695 0.585638
vt 0.571175 0.583333
vt 0.575000 0.589132
vt 0.572695 0.585638
vt 0.579320 0.595680
vt 0.575000 0.589132
vt 0.582143 0.599960
vt 0.579320 0.595680
vt 0.459100 0.475000
vt 0.449999 0.477507
vt 0.450000 0.477508
vt 0.446988 0.478338
vt 0.446539 0.478461
vt 0.446539 0.478461
vt 0.443599 0.479271
vt 0.468485 0.472414
vt 0.459100 0.475000
vt 0.505931 0.496348
vt 0.507228 0.492772
vt 0.511679 0.480499
vt 0.511886 0.479926
vt 0.507228 0.492772
vt 0.507323 0.492509
vt 0.500000 0.500000
vt 0.525000 0.525000
vt 0.515056 0.525000
vt 0.520396 0.529604
vt 0.520396 0.529604
vt 0.525000 0.533575
vt 0.522987 0.531839
vt 0.525000 0.533575
vt 0.543548 0.525000
vt 0.544550 0.525864
vt 0.541612 0.528707
vt 0.531127 0.538859
vt 0.526935 0.535244
vt 0.540442 0.522322
vt 0.543548 0.525000
vt 0.533589 0.516411
vt 0.535703 0.518235
vt 0.533589 0.516411
vt 0.525000 0.509005
vt 0.526331 0.510153
vt 0.531236 0.514383
vt 0.533386 0.516237
vt 0.506972 0.518028
vt 0.520165 0.504835
vt 0.521044 0.505594
vt 0.525000 0.509005
vt 0.515056 0.525000
vt 0.512277 0.522603
vt 0.509384 0.520108
vt 0.512805 0.500000
vt 0.502545 0.497455
vt 0.502545 0.497455
vt 0.500000 0.496824
vt 0.500000 0.496824
vt 0.495823 0.500000
vt 0.495258 0.495648
vt 0.495823 0.500000
vt 0.496303 0.503697
vt 0.497053 0.509475
vt 0.496879 0.508137
vt 0.496303 0.503697
vt 0.500000 0.512016
vt 0.497618 0.509962
vt 0.500000 0.512016
vt 0.512805 0.500000
vt 0.515266 0.500611
vt 0.517633 0.502652
vt 0.519275 0.504068
vt 0.520165 0.504835
vt 0.506972 0.518028
vt 0.500000 0.484350
vt 0.498825 0.485012
vt 0.510972 0.478166
vt 0.507149 0.480321
vt 0.503901 0.482151
vt 0.500000 0.484350
vt 0.501353 0.497708
vt 0.510355 0.479164
vt 0.509248 0.481446
vt 0.504631 0.490955
vt 0.503486 0.493313
vt 0.578879 0.600000
vt 0.581570 0.602900
vt 0.577012 0.597988
vt 0.578879 0.600000
vt 0.577012 0.597988
vt 0.575000 0.595820
vt 0.576000 0.596898
vt 0.575000 0.595820
vt 0.568990 0.589344
vt 0.570503 0.590974
vt 0.563412 0.583333
vt 0.568990 0.589344
vt 0.560968 0.580699
vt 0.563412 0.583333
vt 0.560968 0.580699
vt 0.558333 0.577861
vt 0.560738 0.580451
vt 0.552945 0.572055
vt 0.558333 0.577861
vt 0.548275 0.567022
vt 0.549414 0.568249
vt 0.552945 0.572055
vt 0.475000 0.480423
vt 0.477891 0.477532
vt 0.464679 0.490741
vt 0.475000 0.480423
vt 0.558333 0.188171
vt 0.553568 0.193306
vt 0.562822 0.183333
vt 0.560534 0.185799
vt 0.558333 0.188171
vt 0.565769 0.180158
vt 0.562822 0.183333
vt 0.575000 0.170211
vt 0.571840 0.173616
vt 0.578289 0.166667
vt 0.575000 0.170211
vt 0.581032 0.163711
vt 0.578289 0.166667
vt 0.591667 0.152251
vt 0.588959 0.155170
vt 0.592309 0.151559
vt 0.591667 0.152251
vn -0.464607 -0.786647 0.406605
vn -0.464606 -0.786648 0.406603
vn -0.464606 -0.786648 0.406603
vn -0.464607 -0.786647 0.406604
vn -0.464606 -0.786646 0.406606
vn -0.464600 -0.786651 0.406605
vn -0.464607 -0.786647 0.406604
vn -0.464607 -0.786648 0.406602
vn -0.464605 -0.786649 0.406602
vn -0.464605 -0.786649 0.406602
vn -0.464607 -0.786646 0.406606
vn -0.464605 -0.786649 0.406602
vn -0.464605 -0.786648 0.406604
vn -0.464609 -0.786647 0.406603
vn -0.464604 -0.786649 0.406603
vn -0.464604 -0.786649 0.406605
vn -0.464613 -0.786643 0.406605
vn -0.464606 -0.786649 0.406603
vn -0.464606 -0.786648 0.406603
vn -0.464604 -0.786649 0.406604
vn -0.464605 -0.786648 0.406604
vn -0.464606 -0.786648 0.406603
vn -0.464607 -0.786646 0.406605
vn -0.464606 -0.786648 0.406604
vn -0.464605 -0.786649 0.406603
vn -0.464604 -0.786649 0.406604
vn -0.464608 -0.786646 0.406604
vn -0.464605 -0.786649 0.406603
vn -0.464608 -0.786648 0.406601
vn -0.464606 -0.786648 0.406603
vn -0.464610 -0.786648 0.406599
vn -0.464613 -0.786648 0.406594
vn -0.464573 -0.786641 0.406654
vn -0.464607 -0.786647 0.406604
vn -0.464605 -0.786648 0.406604
vn -0.464610 -0.786644 0.406606
vn 0.447064 0.538083 -0.714563
vn 0.447067 0.538085 -0.714560
vn 0.447065 0.538083 -0.714562
vn 0.000000 0.000000 1.000000
vn 0.000000 0.000000 1.000000
vn 0.000000 0.000000 1.000000
vn -0.946620 -0.063823 0.315969
vn -0.946616 -0.063830 0.315981
vn -0.946620 -0.063827 0.315970
vn 0.000000 0.000000 1.000000
vn 0.000000 0.000000 1.000000
vn 0.000000 0.000000 1.000000
vn 0.000000 0.000000 1.000000
vn 0.000000 0.000000 1.000000
vn 0.000000 0.000000 1.000000
vn 0.000000 0.000000 1.000000
vn 0.000000 0.000000 1.000000
vn 0.000000 0.000000 1.000000
vn 0.447068 0.538085 -0.714559
vn 0.447069 0.538089 -0.714556
vn 0.447065 0.538081 -0.714564
vn 0.447074 0.538074 -0.714564
vn 0.447067 0.538087 -0.714558
vn 0.000000 0.000000 1.000000
vn 0.000000 0.000000 1.000000
vn 0.447068 0.538085 -0.714559
vn 0.447064 0.538088 -0.714559
vn 0.447067 0.538085 -0.714560
vn 0.447064 0.538085 -0.714562
vn 0.447072 0.538081 -0.714560
vn 0.447070 0.538096 -0.714550
vn 0.447071 0.538088 -0.714555
vn 0.447067 0.538081 -0.714563
vn 0.000000 0.000000 -1.000000
vn 0.000000 0.000000 -1.000000
vn 0.000000 0.000000 -1.000000
vn 0.000000 0.000000 -1.000000
vn 0.000000 0.000000 -1.000000
vn 0.000000 0.000000 -1.000000
vn -0.946617 -0.063834 0.315977
vn -0.946616 -0.063831 0.315981
vn -0.946615 -0.063835 0.315983
vn -0.946614 -0.063832 0.315986
vn 0.000000 0.000000 1.000000
vn 0.000000 0.000000 1.000000
vn 0.000000 0.000000 1.000000
vn -0.946616 -0.063832 0.315982
vn -0.946615 -0.063833 0.315982
vn -0.946616 -0.063831 0.315979
vn -0.946613 -0.063837 0.315987
vn 0.447068 0.538085 -0.714559
vn 0.447067 0.538084 -0.714560
vn 0.447067 0.538085 -0.714560
vn 0.447067 0.538085 -0.714560
vn 0.447068 0.538083 -0.714561
vn 0.000000 0.000000 1.000000
vn 0.000000 0.000000 1.000000
vn 0.000000 0.000000 1.000000
vn 0.000000 0.000000 1.000000
vn 0.000000 0.000000 1.000000
vn 0.860515 0.418096 0.291049
vn 0.860504 0.418104 0.291071
vn 0.860511 0.418098 0.291059
vn 0.860504 0.418108 0.291067
vn 0.860505 0.418108 0.291062
vn 0.447068 0.538084 -0.714560
vn 0.447065 0.538082 -0.714563
vn 0.447070 0.538088 -0.714555
vn 0.388710 -0.138209 -0.910935
vn 0.388721 -0.138205 -0.910931
vn 0.388714 -0.138210 -0.910933
vn 0.447067 0.538084 -0.714560
vn 0.447068 0.538085 -0.714560
vn 0.447061 0.538094 -0.714556
vn 0.447073 0.538084 -0.714557
vn 0.447069 0.538084 -0.714560
vn 0.447066 0.538085 -0.714561
vn 0.447066 0.538084 -0.714561
vn 0.447072 0.538084 -0.714558
vn 0.447065 0.538085 -0.714561
vn 0.447065 0.538085 -0.714561
vn 0.447069 0.538082 -0.714561
vn 0.447070 0.538080 -0.714562
vn 0.447067 0.538085 -0.714560
vn 0.447065 0.538085 -0.714561
vn 0.447065 0.538087 -0.714559
vn 0.447066 0.538085 -0.714561
vn 0.447068 0.538083 -0.714561
vn 0.000000 0.000000 -1.000000
vn 0.000000 0.000000 -1.000000
vn 0.000000 0.000000 -1.000000
vn 0.000000 0.000000 -1.000000
vn 0.000000 0.000000 -1.000000
vn 0.000000 0.000000 -1.000000
vn 0.000000 0.000000 -1.000000
vn 0.000000 0.000000 -1.000000
vn -0.946615 -0.063835 0.315982
vn -0.946615 -0.063832 0.315982
vn -0.946615 -0.063833 0.315982
vn -0.946616 -0.063832 0.315982
vn -0.946615 -0.063834 0.315985
vn 0.000000 0.000000 1.000000
vn 0.000000 0.000000 1.000000
vn 0.000000 0.000000 1.000000
vn 0.000000 0.000000 1.000000
vn 0.860505 0.418099 0.291073
vn 0.860505 0.418100 0.291073
vn 0.860511 0.418097 0.291059
vn 0.860493 0.418107 0.291099
vn 0.860506 0.418096 0.291074
vn 0.860504 0.418104 0.291070
vn 0.860504 0.418099 0.291076
vn 0.860507 0.418095 0.291075
vn 0.860504 0.418105 0.291070
vn 0.860502 0.418106 0.291074
vn 0.860504 0.418101 0.291076
vn 0.860502 0.418102 0.291079
vn 0.860506 0.418103 0.291065
vn 0.388711 -0.138213 -0.910934
vn 0.388711 -0.138211 -0.910935
vn 0.388712 -0.138215 -0.910933
vn 0.388713 -0.138215 -0.910933
vn 0.388712 -0.138213 -0.910934
vn 0.192190 -0.068336 -0.978976
vn 0.120285 -0.042771 -0.991818
vn 0.388713 -0.138210 -0.910934
vn 0.052424 -0.018768 -0.998449
vn 0.000000 0.000000 -1.000000
vn 0.000000 0.000000 -1.000000
vn 0.000000 0.000000 -1.000000
vn 0.000000 0.000000 -1.000000
vn 0.000000 0.000000 -1.000000
vn 0.000000 0.000000 -1.000000
vn 0.000000 0.000000 -1.000000
vn 0.000000 0.000000 -1.000000
vn 0.000000 0.000000 -1.000000
vn 0.000000 0.000000 -1.000000
vn 0.000000 0.000000 -1.000000
vn 0.000000 0.000000 -1.000000
vn 0.000000 0.000000 -1.000000
vn 0.000000 0.000000 -1.000000
vn 0.000000 0.000000 -1.000000
vn 0.000000 0.000000 -1.000000
vn 0.000000 0.000000 -1.000000
vn 0.000000 0.000000 -1.000000
vn 0.000000 0.000000 -1.000000
vn 0.000000 0.000000 -1.000000
vn -0.946623 -0.063801 0.315966
vn -0.946616 -0.063832 0.315982
vn -0.946615 -0.063826 0.315984
vn -0.946615 -0.063840 0.315982
vn -0.946615 -0.063833 0.315983
vn -0.946615 -0.063836 0.315984
vn -0.946614 -0.063871 0.315980
vn 0.000000 0.000000 1.000000
vn 0.000000 0.000000 1.000000
vn 0.000000 0.000000 1.000000
vn 0.000000 0.000000 1.000000
vn 0.000000 0.000000 1.000000
vn 0.000000 0.000000 1.000000
vn 0.000000 0.000000 1.000000
vn 0.000000 0.000000 1.000000
vn 0.000000 0.000000 1.000000
vn 0.000000 0.000000 1.000000
vn 0.000000 0.000000 1.000000
vn 0.000000 0.000000 1.000000
vn 0.000000 0.000000 1.000000
vn 0.000000 0.000000 1.000000
s 1
g solidShatter1 shard15
usemtl shatterInteriorSG1
f 2358/5539/4003 2359/5537/4004 2360/5538/4005
f 2362/5541/4006 2359/5537/4004 2361/5542/4007
f 2361/5542/4007 2359/5537/4004 2358/5540/4003
f 2366/5545/4008 2367/5544/4009 2365/5546/4010
f 2367/5544/4009 2359/5537/4004 2365/5546/4010
f 2359/5537/4004 2362/5543/4006 2365/5546/4010
f 2362/5543/4006 2363/5548/4011 2365/5546/4010
f 2363/5548/4011 2364/5547/4012 2365/5546/4010
f 2367/5550/4009 2370/5549/4013 2359/5537/4004
f 2370/5549/4013 2368/5552/4014 2359/5537/4004
f 2368/5552/4014 2369/5551/4015 2359/5537/4004
f 2374/5554/4016 2359/5537/4004 2373/5555/4017
f 2373/5555/4017 2359/5537/4004 2372/5556/4018
f 2369/5553/4015 2371/5557/4019 2359/5537/4004
f 2371/5557/4019 2372/5556/4018 2359/5537/4004
f 2379/5558/4020 2375/5564/4021 2378/5559/4022
f 2378/5559/4022 2375/5564/4021 2377/5560/4023
f 2377/5560/4023 2375/5564/4021 2374/5561/4016
f 2375/5564/4021 2376/5563/4024 2374/5561/4016
f 2376/5563/4024 2360/5562/4005 2374/5561/4016
f 2360/5562/4005 2359/5537/4004 2374/5561/4016
f 2380/5566/4025 2381/5536/4026 2382/5565/4027
f 2383/5568/4028 2381/5536/4026 2380/5567/4025
f 2384/5571/4029 2385/5570/4030 2383/5569/4028
f 2383/5569/4028 2385/5570/4030 2381/5536/4026
f 2386/5573/4031 2381/5536/4026 2385/5572/4030
f 2381/5536/4026 2386/5576/4031 2388/5577/4032
f 2386/5576/4031 2389/5575/4033 2388/5577/4032
f 2388/5577/4032 2389/5575/4033 2387/5578/4034
f 2387/5578/4034 2389/5575/4033 2390/5574/4035
f 2378/5584/4022 2391/5583/4036 2379/5585/4020
f 2391/5583/4036 2392/5582/4037 2379/5585/4020
f 2379/5585/4020 2392/5582/4037 2388/5579/4032
f 2392/5582/4037 2393/5581/4038 2388/5579/4032
f 2393/5581/4038 2382/5580/4027 2388/5579/4032
f 2382/5580/4027 2381/5536/4026 2388/5579/4032
s 6
f 2394/5441/4039 2395/5417/4040 2396/5440/4041
s 7
usemtl initialShadingGroup
f 2397/5487/4042 2398/5486/4043 2399/5351/4044
s 8
usemtl shatterInteriorSG1
f 2400/5527/4045 2401/5526/4046 2402/5356/4047
s 7
usemtl initialShadingGroup
f 2405/5490/4048 2394/5493/4049 2404/5352/4050
f 2394/5493/4049 2396/5492/4051 2404/5352/4050
f 2396/5492/4051 2403/5491/4052 2404/5352/4050
f 2407/5383/4053 2406/5495/4054 2402/5384/4055
f 2406/5495/4054 2400/5494/4056 2402/5384/4055
s 6
usemtl shatterInteriorSG1
f 2395/5417/4040 2408/5443/4057 2396/5444/4041
f 2396/5444/4041 2408/5443/4057 2403/5445/4058
f 2403/5445/4058 2408/5443/4057 2406/5446/4059
f 2408/5443/4057 2401/5442/4060 2406/5446/4059
f 2400/5447/4061 2406/5446/4059 2401/5442/4060
s 7
usemtl initialShadingGroup
f 2398/5485/4043 2405/5484/4048 2399/5351/4044
f 2399/5351/4044 2405/5484/4048 2404/5352/4050
f 2410/5481/4062 2409/5483/4063 2399/5351/4044
f 2409/5483/4063 2397/5482/4042 2399/5351/4044
s 6
usemtl shatterInteriorSG1
f 2409/5431/4064 2410/5434/4065 2413/5418/4066
f 2410/5434/4065 2411/5433/4067 2413/5418/4066
f 2411/5433/4067 2412/5432/4068 2413/5418/4066
f 2413/5418/4066 2395/5417/4040 2409/5437/4064
f 2409/5437/4064 2395/5417/4040 2397/5438/4069
f 2397/5438/4069 2395/5417/4040 2398/5439/4070
f 2394/5436/4039 2405/5435/4071 2395/5417/4040
f 2398/5439/4070 2395/5417/4040 2405/5435/4071
s 12
usemtl initialShadingGroup
f 2414/5504/4072 2415/5503/4073 2416/5353/4074
f 2417/5497/4075 2418/5496/4076 2419/5382/4077
s 8
usemtl shatterInteriorSG1
f 2402/5358/4047 2401/5525/4046 2407/5359/4078
f 2420/5523/4079 2421/5357/4080 2408/5524/4081
f 2407/5359/4078 2401/5525/4046 2421/5357/4080
f 2401/5525/4046 2408/5524/4081 2421/5357/4080
s 7
usemtl initialShadingGroup
f 2404/5352/4050 2403/5489/4052 2422/5386/4082
f 2403/5489/4052 2406/5488/4054 2422/5386/4082
f 2422/5386/4082 2406/5488/4054 2421/5387/4083
f 2406/5488/4054 2407/5385/4053 2421/5387/4083
f 2422/5389/4082 2423/5388/4084 2404/5352/4050
s 8
usemtl shatterInteriorSG1
f 2425/5354/4085 2424/5529/4086 2419/5355/4087
f 2424/5529/4086 2417/5528/4088 2419/5355/4087
s 6
f 2408/5452/4057 2395/5417/4040 2420/5453/4089
f 2420/5453/4089 2395/5417/4040 2424/5448/4090
f 2426/5451/4091 2418/5450/4092 2395/5417/4040
f 2418/5450/4092 2417/5449/4093 2395/5417/4040
f 2395/5417/4040 2417/5449/4093 2424/5448/4090
s 7
usemtl initialShadingGroup
f 2423/5391/4084 2427/5390/4094 2404/5352/4050
f 2404/5352/4050 2427/5390/4094 2428/5350/4095
f 2428/5350/4095 2399/5351/4044 2404/5352/4050
f 2399/5351/4044 2429/5349/4096 2410/5479/4062
f 2430/5410/4097 2411/5480/4098 2429/5349/4096
f 2411/5480/4098 2410/5479/4062 2429/5349/4096
s 17
usemtl shatterInteriorSG1
f 2411/5473/4099 2430/5401/4100 2412/5474/4101
f 2412/5474/4101 2430/5401/4100 2432/5472/4102
f 2430/5401/4100 2431/5400/4103 2432/5472/4102
s 6
f 2434/5428/4104 2413/5418/4066 2433/5429/4105
f 2433/5429/4105 2413/5418/4066 2432/5430/4106
f 2432/5430/4106 2413/5418/4066 2412/5427/4068
s 12
f 2435/5531/4107 2436/5530/4108 2437/5413/4109
s 6
f 2438/5421/4110 2439/5420/4111 2435/5422/4112
f 2435/5422/4112 2439/5420/4111 2436/5419/4113
f 2413/5418/4066 2434/5423/4104 2440/5424/4114
f 2439/5426/4111 2438/5425/4110 2434/5423/4104
f 2438/5425/4110 2440/5424/4114 2434/5423/4104
f 2445/5465/4115 2413/5418/4066 2444/5466/4116
f 2440/5464/4114 2446/5463/4117 2413/5418/4066
f 2446/5463/4117 2441/5469/4118 2413/5418/4066
f 2441/5469/4118 2442/5468/4119 2413/5418/4066
f 2442/5468/4119 2443/5467/4120 2413/5418/4066
f 2443/5467/4120 2444/5466/4116 2413/5418/4066
f 2445/5460/4115 2447/5462/4121 2413/5418/4066
f 2447/5462/4121 2448/5461/4122 2413/5418/4066
f 2448/5461/4122 2395/5417/4040 2413/5418/4066
f 2448/5454/4122 2449/5459/4123 2395/5417/4040
f 2449/5459/4123 2415/5458/4124 2395/5417/4040
f 2415/5458/4124 2414/5457/4125 2395/5417/4040
f 2426/5455/4091 2395/5417/4040 2450/5456/4126
f 2414/5457/4125 2450/5456/4126 2395/5417/4040
s 12
usemtl initialShadingGroup
f 2415/5506/4073 2449/5505/4127 2416/5353/4074
f 2416/5353/4074 2451/5375/4128 2414/5501/4072
f 2451/5375/4128 2452/5377/4129 2414/5501/4072
f 2452/5377/4129 2453/5376/4130 2414/5501/4072
f 2450/5502/4131 2414/5501/4072 2453/5376/4130
f 2453/5378/4130 2454/5381/4132 2450/5499/4131
f 2450/5499/4131 2454/5381/4132 2426/5500/4133
f 2454/5381/4132 2425/5380/4134 2426/5500/4133
f 2426/5500/4133 2425/5380/4134 2418/5498/4076
f 2425/5380/4134 2419/5379/4077 2418/5498/4076
s 8
usemtl shatterInteriorSG1
f 2454/5361/4135 2455/5360/4136 2425/5362/4085
f 2425/5362/4085 2455/5360/4136 2424/5521/4086
f 2455/5360/4136 2427/5366/4137 2424/5521/4086
f 2427/5366/4137 2423/5365/4138 2424/5521/4086
f 2423/5365/4138 2422/5364/4139 2424/5521/4086
f 2420/5522/4079 2424/5521/4086 2421/5363/4080
f 2424/5521/4086 2422/5364/4139 2421/5363/4080
s 7
usemtl initialShadingGroup
f 2456/5393/4140 2428/5350/4095 2455/5394/4141
f 2455/5394/4141 2428/5350/4095 2427/5392/4094
f 2428/5350/4095 2429/5349/4096 2399/5351/4044
f 2457/5407/4142 2431/5409/4143 2429/5349/4096
f 2431/5409/4143 2430/5408/4097 2429/5349/4096
s 17
usemtl shatterInteriorSG1
f 2389/5586/4144 2433/5471/4145 2390/5587/4146
f 2390/5587/4146 2433/5471/4145 2459/5397/4147
f 2459/5397/4147 2433/5471/4145 2458/5398/4148
f 2431/5396/4103 2457/5399/4149 2432/5470/4102
f 2432/5470/4102 2457/5399/4149 2433/5471/4145
f 2433/5471/4145 2457/5399/4149 2458/5398/4148
f 2433/5475/4145 2389/5591/4144 2434/5476/4150
f 2384/5588/4151 2437/5416/4152 2385/5589/4153
f 2434/5476/4150 2389/5591/4144 2439/5477/4154
f 2389/5591/4144 2386/5590/4155 2439/5477/4154
f 2386/5590/4155 2385/5589/4153 2439/5477/4154
f 2439/5477/4154 2385/5589/4153 2436/5478/4156
f 2385/5589/4153 2437/5416/4152 2436/5478/4156
s 12
f 2384/5592/4157 2383/5596/4158 2437/5411/4109
f 2437/5411/4109 2383/5596/4158 2435/5534/4107
f 2383/5596/4158 2380/5595/4159 2435/5534/4107
f 2435/5534/4107 2380/5595/4159 2438/5535/4160
f 2438/5535/4160 2380/5595/4159 2440/5532/4161
f 2393/5593/4162 2460/5412/4163 2382/5594/4164
f 2446/5533/4165 2440/5532/4161 2460/5412/4163
f 2460/5412/4163 2440/5532/4161 2382/5594/4164
f 2380/5595/4159 2382/5594/4164 2440/5532/4161
usemtl initialShadingGroup
f 2393/5598/4162 2392/5597/4166 2460/5414/4163
f 2391/5599/4167 2441/5520/4168 2392/5600/4166
f 2446/5519/4165 2460/5415/4163 2441/5520/4168
f 2392/5600/4166 2441/5520/4168 2460/5415/4163
f 2442/5518/4169 2441/5517/4168 2377/5602/4170
f 2377/5602/4170 2441/5517/4168 2378/5603/4171
f 2378/5603/4171 2441/5517/4168 2391/5601/4167
f 2373/5605/4172 2443/5516/4173 2374/5606/4174
f 2377/5604/4170 2374/5606/4174 2442/5515/4169
f 2374/5606/4174 2443/5516/4173 2442/5515/4169
f 2372/5607/4175 2444/5514/4176 2373/5608/4172
f 2373/5608/4172 2444/5514/4176 2443/5513/4173
f 2444/5511/4176 2372/5610/4175 2445/5512/4177
f 2445/5512/4177 2372/5610/4175 2447/5510/4178
f 2372/5610/4175 2371/5609/4179 2447/5510/4178
f 2447/5508/4178 2371/5611/4179 2448/5509/4180
f 2448/5509/4180 2371/5611/4179 2449/5507/4127
f 2371/5611/4179 2369/5613/4181 2449/5507/4127
f 2369/5613/4181 2368/5612/4182 2449/5507/4127
f 2368/5612/4182 2416/5353/4074 2449/5507/4127
f 2368/5615/4182 2370/5614/4183 2416/5353/4074
f 2451/5374/4128 2416/5353/4074 2366/5616/4184
f 2366/5616/4184 2416/5353/4074 2367/5617/4185
f 2370/5618/4183 2367/5617/4185 2416/5353/4074
s 8
usemtl shatterInteriorSG1
f 2366/5620/4186 2365/5619/4187 2451/5372/4188
f 2365/5619/4187 2452/5373/4189 2451/5372/4188
f 2455/5370/4136 2454/5369/4135 2456/5371/4190
f 2456/5371/4190 2454/5369/4135 2364/5621/4191
f 2454/5369/4135 2453/5368/4192 2364/5621/4191
f 2453/5368/4192 2452/5367/4189 2364/5621/4191
f 2365/5622/4187 2364/5621/4191 2452/5367/4189
s 7
usemtl initialShadingGroup
f 2363/5623/4193 2428/5350/4095 2364/5624/4194
f 2364/5624/4194 2428/5350/4095 2456/5395/4140
f 2429/5349/4096 2428/5350/4095 2361/5625/4195
f 2361/5625/4195 2428/5350/4095 2362/5626/4196
f 2363/5627/4193 2362/5626/4196 2428/5350/4095
f 2361/5629/4195 2358/5628/4197 2429/5349/4096
f 2358/5628/4197 2360/5631/4198 2429/5349/4096
f 2360/5631/4198 2376/5630/4199 2429/5349/4096
f 2429/5349/4096 2376/5633/4199 2457/5405/4142
f 2376/5633/4199 2375/5632/4200 2457/5405/4142
f 2375/5632/4200 2458/5406/4201 2457/5405/4142
f 2375/5635/4200 2379/5634/4202 2458/5402/4201
f 2379/5634/4202 2388/5637/4203 2458/5402/4201
f 2387/5636/4204 2459/5403/4205 2388/5637/4203
f 2388/5637/4203 2459/5403/4205 2458/5402/4201
f 2387/5639/4204 2390/5638/4206 2459/5404/4205
g default
v 0.303898 1.614414 -0.500000
v 0.208364 1.459934 -0.500000
v -0.028424 1.077047 -0.500000
v -0.228179 0.754044 -0.500000
v -0.363456 0.592987 0.111852
v 0.316166 1.634251 -0.500000
v -0.496443 0.320259 -0.500000
v -0.294359 0.647030 -0.500000
v -0.360745 0.539682 -0.500000
v -0.490213 0.330330 -0.500000
v -0.705893 0.002319 -0.280014
v -0.748980 0.002319 0.458934
v -0.693066 0.002319 -0.500000
v -0.751375 0.002319 0.500000
v -0.685262 0.109222 0.500000
v -0.490213 0.424618 0.500000
v -0.449273 0.490818 0.500000
v -0.279091 0.766001 0.500000
v -0.437069 0.510551 0.500000
v -0.419055 0.539679 0.500000
v -0.188873 0.911884 0.500000
v -0.086732 1.077047 0.500000
v 0.059322 1.313217 0.500000
v 0.128391 1.424902 0.500000
v 0.349485 1.688128 -0.500000
v 0.245590 1.614412 0.500000
v 0.307516 1.714548 0.500000
v 0.490213 2.009970 0.500000
v 0.555711 2.115879 0.500000
v 0.577911 2.151779 0.500000
v 0.583257 2.160420 0.500000
v 0.365905 1.714678 -0.500000
v 0.711086 2.272838 -0.500000
v 0.636220 2.151779 -0.500000
v 0.490213 1.915686 -0.500000
v 0.706056 2.358988 0.500000
v 0.927150 2.622213 -0.500000
v 0.955232 2.761906 0.500000
v 1.365355 3.390265 0.130773
v 1.228254 3.109102 -0.500000
v 1.213808 3.085742 -0.500000
v 0.968541 2.689144 -0.500000
v 0.803905 2.517211 0.500000
v 0.910233 2.689144 0.500000
v 1.283720 3.293074 0.500000
v 1.052099 2.918542 0.500000
v 1.242555 3.226509 0.500000
v 1.424698 3.521036 0.500000
v 1.416978 3.496134 0.368286
v 1.300294 3.319874 0.500000
v 1.411899 3.479749 0.281617
v 1.401168 3.445135 0.098530
v 1.395157 3.425746 -0.004025
v 1.366088 3.331979 -0.500000
v 1.300862 3.226509 -0.500000
v 1.391871 3.415146 -0.060092
v 2.811863 0.200069 -0.500000
v 2.903149 0.002319 -0.500000
v 2.451065 0.002319 -0.500000
v 2.971582 0.002319 -0.030910
v 2.996761 0.002319 0.141682
v 3.049034 0.002319 0.500000
v 2.451065 0.002319 0.500000
v 2.949953 0.216949 0.500000
v 2.919491 0.282940 0.500000
v 2.800974 0.539679 0.500000
v 2.451065 0.539679 0.500000
v 2.655087 0.539682 -0.500000
v 2.451065 0.539682 -0.500000
v 2.613890 0.628925 -0.500000
v 2.573772 0.715828 -0.500000
v 2.570131 0.732527 -0.472122
v 2.612970 0.630919 -0.500000
v 2.587406 1.002319 0.500000
v 2.552908 1.077047 0.500000
v 2.451065 1.077047 0.500000
v 2.791908 0.559315 0.500000
v 1.470638 0.539679 0.500000
v 1.470638 0.002319 0.500000
v 1.470638 0.002319 -0.500000
v 1.470638 0.539682 -0.500000
v 2.415916 1.057785 -0.500000
v 2.451065 0.981647 -0.500000
v 2.563772 0.737495 -0.500000
v 2.217945 1.486643 -0.500000
v 2.407024 1.077047 -0.500000
v 1.470638 1.077047 -0.500000
v 2.451065 1.297668 0.500000
v 2.443144 1.314827 0.500000
v 1.470638 1.077047 0.500000
v 0.490213 0.002319 -0.500000
v 2.158962 1.614414 -0.500000
v 1.470638 1.614414 -0.500000
v 2.066963 1.813705 -0.500000
v 2.019972 1.915501 -0.500000
v 2.016235 2.046317 -0.111665
v 1.591151 3.160457 0.500000
v 1.560659 3.226509 0.500000
v 1.470638 3.226509 0.500000
v 2.155779 1.937330 0.500000
v 1.936335 2.412704 0.500000
v 2.056784 2.151779 0.500000
v 1.923235 2.441078 0.500000
v 1.808722 2.689144 0.500000
v 1.470638 2.689144 0.500000
v 2.304846 1.614412 0.500000
v 1.470638 1.614412 0.500000
v 2.255320 1.721699 0.500000
v 1.470638 2.151779 0.500000
v 0.490213 1.077047 0.500000
v 0.490213 0.539679 0.500000
v 0.490213 0.002319 0.500000
v 0.490213 0.539682 -0.500000
v 0.490213 1.077047 -0.500000
v 1.927643 2.115511 -0.500000
v 1.470638 2.151779 -0.500000
v 1.910900 2.151779 -0.500000
v 1.462339 3.360109 0.248792
v 1.519649 3.315349 0.500000
v 1.624028 2.773216 -0.500000
v 1.662838 2.689144 -0.500000
v 1.470638 2.689144 -0.500000
v 1.822001 2.344357 -0.500000
v 1.429523 3.510582 0.500000
v 1.470638 3.421517 0.500000
v 0.490213 1.614412 0.500000
v -0.490213 0.002319 0.500000
v -0.490213 0.002319 -0.500000
v 0.490213 1.614414 -0.500000
v 1.470638 3.105496 -0.500000
v 1.560154 2.911584 -0.500000
v 1.426056 3.202074 -0.500000
v 1.414776 3.226509 -0.500000
vt 0.491667 0.000000
vt 0.508333 0.000000
vt 0.525000 0.000000
vt 0.541667 0.000000
vt 0.508333 0.016667
vt 0.525000 0.016667
vt 0.541667 0.016667
vt 0.508333 0.033333
vt 0.525000 0.033333
vt 0.541667 0.033333
vt 0.508333 0.050000
vt 0.525000 0.050000
vt 0.525000 0.066667
vt 0.525000 0.083333
vt 0.525000 0.100000
vt 0.525000 0.666667
vt 0.525000 0.683333
vt 0.508333 0.700000
vt 0.525000 0.700000
vt 0.508333 0.716666
vt 0.525000 0.716666
vt 0.508333 0.733333
vt 0.525000 0.733333
vt 0.541667 0.733333
vt 0.491667 0.750000
vt 0.508333 0.750000
vt 0.525000 0.750000
vt 0.541667 0.750000
vt 0.491667 1.000000
vt 0.508333 1.000000
vt 0.525000 1.000000
vt 0.541667 1.000000
vt 0.500000 0.450000
vt 0.500000 0.475000
vt 0.500000 0.500000
vt 0.480218 0.439895
vt 0.481211 0.443789
vt 0.486263 0.438737
vt 0.484847 0.458037
vt 0.485193 0.459393
vt 0.486214 0.463395
vt 0.486293 0.463706
vt 0.482796 0.450000
vt 0.487680 0.469142
vt 0.488177 0.471088
vt 0.489175 0.475000
vt 0.486293 0.463707
vt 0.490168 0.478891
vt 0.491376 0.483624
vt 0.489175 0.475000
vt 0.491507 0.484139
vt 0.492655 0.488639
vt 0.494837 0.497190
vt 0.495143 0.498388
vt 0.495554 0.500000
vt 0.491376 0.483624
vt 0.496046 0.501926
vt 0.496458 0.503542
vt 0.495554 0.500000
vt 0.496458 0.503542
vt 0.511902 0.494712
vt 0.511455 0.492960
vt 0.510558 0.489442
vt 0.512015 0.495156
vt 0.506873 0.475000
vt 0.510558 0.489442
vt 0.509917 0.486932
vt 0.509528 0.485407
vt 0.507932 0.479152
vt 0.507040 0.475658
vt 0.505475 0.469525
vt 0.506872 0.475000
vt 0.505947 0.471371
vt 0.501624 0.454429
vt 0.500493 0.450000
vt 0.505475 0.469525
vt 0.504553 0.465909
vt 0.503961 0.463591
vt 0.502065 0.456160
vt 0.501976 0.455811
vt 0.500393 0.449607
vt 0.500493 0.450000
vt 0.500000 0.448066
vt 0.500393 0.449607
vt 0.497090 0.436662
vt 0.489175 0.438179
vt 0.486263 0.438737
vt 0.481211 0.443789
vt 0.481517 0.444986
vt 0.482705 0.449644
vt 0.482796 0.450000
vt 0.500000 0.448067
vt 0.499991 0.448030
vt 0.499578 0.446411
vt 0.498005 0.440250
vt 0.524301 0.108811
vt 0.525000 0.106048
vt 0.525000 0.106048
vt 0.525833 0.102755
vt 0.526530 0.100000
vt 0.528267 0.666667
vt 0.527608 0.664059
vt 0.526530 0.100000
vt 0.527049 0.097951
vt 0.527608 0.664059
vt 0.526522 0.659767
vt 0.525000 0.653753
vt 0.530973 0.677360
vt 0.528267 0.666667
vt 0.524050 0.650000
vt 0.524242 0.650758
vt 0.524050 0.650000
vt 0.527049 0.097951
vt 0.530747 0.083333
vt 0.532484 0.683333
vt 0.530973 0.677360
vt 0.525000 0.653753
vt 0.524242 0.650758
vt 0.534964 0.066667
vt 0.532694 0.075639
vt 0.532917 0.074759
vt 0.530747 0.083333
vt 0.532694 0.075639
vt 0.532484 0.683333
vt 0.534338 0.690661
vt 0.532769 0.684458
vt 0.534964 0.066667
vt 0.536647 0.060015
vt 0.538339 0.053328
vt 0.538339 0.053328
vt 0.539181 0.050000
vt 0.534338 0.690661
vt 0.536701 0.700000
vt 0.535137 0.693819
vt 0.539181 0.050000
vt 0.541532 0.040708
vt 0.541667 0.040176
vt 0.537704 0.703963
vt 0.536701 0.700000
vt 0.541667 0.040176
vt 0.543398 0.033333
vt 0.540918 0.716666
vt 0.537704 0.703963
vt 0.543398 0.033333
vt 0.543984 0.031016
vt 0.543583 0.727198
vt 0.541667 0.719625
vt 0.544435 0.730565
vt 0.544419 0.730503
vt 0.543753 0.727870
vt 0.541069 0.717264
vt 0.540918 0.716666
vt 0.543984 0.031016
vt 0.547461 0.017276
vt 0.547615 0.016667
vt 0.551832 0.000000
vt 0.549630 0.008704
vt 0.550148 0.006657
vt 0.545135 0.733333
vt 0.544435 0.730565
vt 0.541667 0.719625
vt 0.541069 0.717264
vt 0.550515 0.867272
vt 0.549352 0.750000
vt 0.547615 0.016667
vt 0.549630 0.008704
vt 0.551832 1.000000
vt 0.550943 0.910420
vt 0.550515 0.867272
vt 0.549352 0.750000
vt 0.547800 0.743866
vt 0.547800 0.743867
vt 0.545135 0.733333
vt 0.500000 0.500000
vt 0.550000 0.525000
vt 0.526442 0.525000
vt 0.542223 0.532777
vt 0.536432 0.529923
vt 0.529567 0.526540
vt 0.526798 0.525175
vt 0.549819 0.536521
vt 0.546066 0.534671
vt 0.544141 0.533723
vt 0.542223 0.532777
vt 0.550000 0.536610
vt 0.555700 0.539419
vt 0.550000 0.536610
vt 0.563364 0.525000
vt 0.557458 0.536111
vt 0.563364 0.525000
vt 0.554934 0.520066
vt 0.556121 0.520651
vt 0.561775 0.523438
vt 0.563692 0.524383
vt 0.554058 0.519635
vt 0.554580 0.519892
vt 0.554934 0.520066
vt 0.550000 0.517635
vt 0.525476 0.524524
vt 0.538187 0.511813
vt 0.540189 0.512800
vt 0.544423 0.514887
vt 0.547385 0.516346
vt 0.550000 0.517635
vt 0.526442 0.525000
vt 0.525000 0.524289
vt 0.525000 0.505314
vt 0.525155 0.505391
vt 0.525799 0.505708
vt 0.527697 0.506644
vt 0.532994 0.509254
vt 0.534789 0.510139
vt 0.538187 0.511813
vt 0.525476 0.524524
vt 0.508729 0.516271
vt 0.521440 0.503560
vt 0.525000 0.505314
vt 0.525000 0.524289
vt 0.521396 0.522513
vt 0.517163 0.520427
vt 0.514993 0.519358
vt 0.515521 0.500643
vt 0.518603 0.502162
vt 0.521440 0.503560
vt 0.508729 0.516271
vt 0.507529 0.515679
vt 0.500419 0.512175
vt 0.500000 0.511969
vt 0.514216 0.500000
vt 0.505887 0.495895
vt 0.511408 0.498616
vt 0.514216 0.500000
vt 0.504693 0.495307
vt 0.504213 0.495070
vt 0.504693 0.495307
vt 0.500000 0.495493
vt 0.500606 0.493293
vt 0.500000 0.495493
vt 0.498759 0.500000
vt 0.499601 0.496941
vt 0.498759 0.500000
vt 0.498287 0.501713
vt 0.498029 0.502650
vt 0.498287 0.501713
vt 0.500000 0.511969
vt 0.497895 0.510931
vt 0.496004 0.510000
vt 0.496506 0.503732
vt 0.498614 0.502854
vt 0.500000 0.502277
vt 0.522104 0.102896
vt 0.524219 0.109135
vt 0.521123 0.100000
vt 0.521823 0.102065
vt 0.522104 0.102896
vt 0.517885 0.090448
vt 0.521123 0.100000
vt 0.517885 0.090448
vt 0.515474 0.083333
vt 0.516238 0.085590
vt 0.513666 0.078001
vt 0.515474 0.083333
vt 0.513666 0.078001
vt 0.509824 0.066667
vt 0.509915 0.066935
vt 0.512003 0.073093
vt 0.509447 0.065553
vt 0.509824 0.066667
vt 0.508333 0.062268
vt 0.509447 0.065553
vt 0.505228 0.053106
vt 0.508333 0.062268
vt 0.504175 0.050000
vt 0.505228 0.053106
vt 0.501009 0.040658
vt 0.502183 0.044122
vt 0.504175 0.050000
vt 0.498526 0.033333
vt 0.501009 0.040658
vt 0.496789 0.028211
vt 0.498526 0.033333
vt 0.492876 0.016667
vt 0.495256 0.023686
vt 0.496789 0.028211
vt 0.492570 0.015763
vt 0.492876 0.016667
vt 0.492570 0.015763
vt 0.491667 0.013098
vt 0.492363 0.015151
vt 0.488351 0.003316
vt 0.491667 0.013098
vt 0.487227 0.000000
vt 0.488351 0.003316
vt 0.487227 1.000000
vt 0.488000 0.804996
vt 0.487268 0.989733
vt 0.488218 0.750000
vt 0.488000 0.804996
vt 0.491667 0.739826
vt 0.491561 0.740139
vt 0.488218 0.750000
vt 0.493868 0.733333
vt 0.491667 0.739826
vt 0.494996 0.730004
vt 0.493868 0.733333
vt 0.494996 0.730004
vt 0.499517 0.716666
vt 0.496121 0.726685
vt 0.503542 0.704791
vt 0.499517 0.716666
vt 0.505166 0.700000
vt 0.503542 0.704791
vt 0.505375 0.699385
vt 0.505166 0.700000
vt 0.508333 0.690656
vt 0.506220 0.696890
vt 0.505941 0.697714
vt 0.510816 0.683333
vt 0.508333 0.690656
vt 0.512088 0.679578
vt 0.510816 0.683333
vt 0.516465 0.666667
vt 0.515761 0.668742
vt 0.512088 0.679578
vt 0.520634 0.654366
vt 0.516465 0.666667
vt 0.520634 0.654366
vt 0.522114 0.650000
vt 0.520880 0.653641
vt 0.523223 0.646729
vt 0.522114 0.650000
vt 0.505466 0.500000
vt 0.512504 0.497069
vt 0.504570 0.500374
vt 0.505466 0.500000
vt 0.500000 0.502277
vt 0.502929 0.501057
vn -0.849457 0.525328 -0.049530
vn -0.849456 0.525330 -0.049522
vn -0.849457 0.525328 -0.049530
vn -0.849458 0.525327 -0.049532
vn -0.849457 0.525328 -0.049530
vn -0.849456 0.525329 -0.049528
vn -0.849456 0.525330 -0.049531
vn -0.849455 0.525332 -0.049534
vn -0.849459 0.525325 -0.049530
vn -0.849459 0.525325 -0.049530
vn -0.849456 0.525329 -0.049530
vn -0.849456 0.525329 -0.049530
vn -0.849456 0.525329 -0.049530
vn -0.849453 0.525334 -0.049534
vn -0.849456 0.525330 -0.049528
vn -0.849453 0.525335 -0.049529
vn -0.849458 0.525327 -0.049534
vn -0.849454 0.525333 -0.049529
vn -0.849457 0.525329 -0.049530
vn -0.849458 0.525328 -0.049530
vn -0.849454 0.525332 -0.049530
vn -0.849456 0.525330 -0.049529
vn -0.849458 0.525327 -0.049531
vn -0.849457 0.525328 -0.049529
vn -0.849457 0.525327 -0.049530
vn -0.849457 0.525329 -0.049531
vn -0.849457 0.525328 -0.049529
vn -0.849446 0.525344 -0.049542
vn -0.849460 0.525324 -0.049528
vn -0.849457 0.525329 -0.049531
vn -0.849457 0.525328 -0.049529
vn -0.849458 0.525326 -0.049530
vn -0.849458 0.525326 -0.049529
vn -0.849457 0.525328 -0.049530
vn -0.849457 0.525329 -0.049530
vn -0.849458 0.525327 -0.049530
vn -0.849457 0.525328 -0.049529
vn -0.849457 0.525328 -0.049531
vn -0.849456 0.525329 -0.049530
vn -0.849458 0.525327 -0.049529
vn -0.849458 0.525328 -0.049530
vn -0.849457 0.525328 -0.049529
vn -0.849457 0.525328 -0.049530
vn -0.849458 0.525327 -0.049530
vn -0.849458 0.525326 -0.049535
vn -0.849458 0.525326 -0.049532
vn -0.849457 0.525328 -0.049530
vn -0.849458 0.525327 -0.049531
vn -0.849457 0.525328 -0.049529
vn -0.849458 0.525327 -0.049529
vn -0.849458 0.525326 -0.049530
vn -0.849456 0.525330 -0.049531
vn -0.849459 0.525325 -0.049529
vn -0.849449 0.525341 -0.049538
vn -0.849456 0.525329 -0.049529
vn -0.849457 0.525328 -0.049529
vn 0.000000 0.000000 -1.000000
vn 0.000000 0.000000 -1.000000
vn 0.000000 0.000000 -1.000000
vn 0.000000 -1.000000 0.000000
vn 0.000000 -1.000000 0.000000
vn 0.000000 -1.000000 0.000000
vn 0.000000 -1.000000 0.000000
vn 0.900066 0.415500 -0.131304
vn 0.900067 0.415497 -0.131304
vn 0.900064 0.415504 -0.131305
vn 0.000000 0.000000 1.000000
vn 0.000000 0.000000 1.000000
vn 0.000000 0.000000 1.000000
vn 0.000000 0.000000 1.000000
vn 0.000000 0.000000 1.000000
vn 0.000000 0.000000 1.000000
vn 0.000000 -1.000000 0.000000
vn 0.000000 -1.000000 0.000000
vn 0.000000 0.000000 -1.000000
vn 0.000000 0.000000 -1.000000
vn 0.000000 0.000000 -1.000000
vn 0.900065 0.415497 -0.131323
vn 0.900068 0.415496 -0.131304
vn 0.900067 0.415498 -0.131305
vn 0.000000 0.000000 1.000000
vn 0.000000 0.000000 1.000000
vn 0.000000 0.000000 1.000000
vn 0.900068 0.415496 -0.131307
vn 0.900072 0.415487 -0.131307
vn 0.900066 0.415499 -0.131306
vn 0.900067 0.415498 -0.131306
vn 0.900067 0.415498 -0.131306
vn 0.900069 0.415493 -0.131305
vn 0.900069 0.415491 -0.131308
vn 0.900070 0.415491 -0.131308
vn 0.000000 0.000000 1.000000
vn 0.000000 0.000000 1.000000
vn 0.000000 -1.000000 0.000000
vn 0.000000 0.000000 -1.000000
vn 0.000000 0.000000 -1.000000
vn 0.000000 0.000000 -1.000000
vn 0.000000 0.000000 -1.000000
vn 0.000000 0.000000 -1.000000
vn 0.000000 0.000000 -1.000000
vn 0.000000 0.000000 -1.000000
vn 0.900075 0.415490 -0.131273
vn 0.000000 0.000000 -1.000000
vn 0.000000 0.000000 -1.000000
vn 0.000000 0.000000 -1.000000
vn 0.000000 0.000000 1.000000
vn 0.900068 0.415496 -0.131306
vn 0.900069 0.415493 -0.131305
vn 0.900069 0.415494 -0.131305
vn 0.900067 0.415497 -0.131307
vn 0.000000 0.000000 1.000000
vn 0.000000 0.000000 1.000000
vn 0.000000 -1.000000 0.000000
vn 0.000000 0.000000 -1.000000
vn 0.000000 0.000000 -1.000000
vn 0.000000 0.000000 -1.000000
vn 0.000000 0.000000 -1.000000
vn 0.000000 0.000000 -1.000000
vn 0.900068 0.415495 -0.131306
vn 0.900068 0.415496 -0.131303
vn 0.900056 0.415508 -0.131347
vn 0.900068 0.415496 -0.131305
vn 0.900069 0.415494 -0.131301
vn 0.900067 0.415497 -0.131306
vn 0.900066 0.415498 -0.131308
vn 0.000000 0.000000 1.000000
vn 0.000000 0.000000 1.000000
vn 0.000000 0.000000 1.000000
vn 0.900068 0.415495 -0.131307
vn 0.900069 0.415493 -0.131306
vn 0.900068 0.415494 -0.131306
vn 0.000000 0.000000 1.000000
vn 0.000000 0.000000 1.000000
vn 0.000000 0.000000 1.000000
vn 0.000000 0.000000 1.000000
vn 0.000000 0.000000 1.000000
vn 0.000000 0.000000 1.000000
vn 0.000000 0.000000 1.000000
vn 0.000000 0.000000 1.000000
vn 0.000000 0.000000 1.000000
vn 0.000000 0.000000 1.000000
vn 0.900067 0.415499 -0.131302
vn 0.900068 0.415494 -0.131306
vn 0.000000 0.000000 1.000000
vn 0.000000 0.000000 1.000000
vn 0.000000 -1.000000 0.000000
vn 0.000000 -1.000000 0.000000
vn 0.000000 0.000000 -1.000000
vn 0.000000 0.000000 -1.000000
vn 0.000000 0.000000 -1.000000
vn 0.000000 0.000000 -1.000000
vn 0.000000 0.000000 -1.000000
vn 0.900069 0.415494 -0.131305
vn 0.900069 0.415494 -0.131303
vn 0.900068 0.415495 -0.131306
vn 0.900071 0.415528 -0.131184
vn 0.900068 0.415494 -0.131309
vn 0.900068 0.415496 -0.131303
vn 0.900067 0.415500 -0.131302
vn 0.900068 0.415495 -0.131305
vn 0.000000 0.000000 -1.000000
vn 0.000000 0.000000 -1.000000
vn 0.000000 0.000000 -1.000000
vn 0.000000 0.000000 -1.000000
vn 0.900068 0.415497 -0.131305
vn 0.900069 0.415495 -0.131303
vn 0.000000 0.000000 1.000000
vn 0.000000 0.000000 1.000000
vn 0.000000 0.000000 1.000000
vn 0.000000 0.000000 1.000000
vn 0.000000 0.000000 1.000000
vn 0.000000 -1.000000 0.000000
vn 0.000000 -1.000000 0.000000
vn 0.000000 0.000000 -1.000000
vn 0.000000 0.000000 -1.000000
vn 0.000000 0.000000 -1.000000
vn 0.000000 0.000000 -1.000000
vn 0.900068 0.415495 -0.131305
vn 0.900068 0.415497 -0.131303
vn 0.900069 0.415494 -0.131306
vn 0.900068 0.415495 -0.131305
vn 0.900068 0.415497 -0.131303
vn 0.900072 0.415486 -0.131307
vn 0.900064 0.415504 -0.131307
vn 0.900067 0.415498 -0.131303
vn 0.000000 0.000000 1.000000
vn 0.000000 0.000000 1.000000
vn 0.000000 0.000000 1.000000
vn 0.000000 0.000000 1.000000
vn 0.000000 0.000000 1.000000
vn 0.000000 0.000000 1.000000
vn 0.000000 0.000000 1.000000
vn 0.000000 0.000000 1.000000
vn 0.000000 0.000000 1.000000
vn 0.000000 0.000000 1.000000
vn 0.000000 0.000000 1.000000
vn 0.000000 0.000000 1.000000
vn 0.000000 0.000000 1.000000
vn 0.000000 0.000000 1.000000
vn 0.000000 0.000000 1.000000
vn 0.000000 0.000000 1.000000
vn 0.000000 0.000000 1.000000
vn 0.000000 0.000000 1.000000
vn 0.000000 0.000000 1.000000
vn 0.000000 0.000000 1.000000
vn 0.000000 0.000000 1.000000
vn 0.000000 0.000000 1.000000
vn 0.000000 0.000000 1.000000
vn 0.000000 0.000000 1.000000
vn 0.000000 0.000000 1.000000
vn 0.000000 0.000000 1.000000
vn 0.000000 0.000000 1.000000
vn 0.000000 0.000000 1.000000
vn 0.000000 -1.000000 0.000000
vn 0.000000 -1.000000 0.000000
vn 0.000000 -1.000000 0.000000
vn 0.000000 -1.000000 0.000000
vn 0.000000 0.000000 -1.000000
vn 0.000000 0.000000 -1.000000
vn 0.000000 0.000000 -1.000000
vn 0.000000 0.000000 -1.000000
vn 0.000000 0.000000 -1.000000
vn 0.000000 0.000000 -1.000000
vn 0.000000 0.000000 -1.000000
vn 0.000000 0.000000 -1.000000
vn 0.000000 0.000000 -1.000000
vn 0.000000 0.000000 -1.000000
vn 0.000000 0.000000 -1.000000
vn 0.000000 0.000000 -1.000000
vn 0.000000 0.000000 -1.000000
vn 0.000000 0.000000 -1.000000
vn 0.000000 0.000000 -1.000000
vn 0.000000 0.000000 -1.000000
vn 0.000000 0.000000 -1.000000
vn 0.000000 0.000000 -1.000000
vn 0.000000 0.000000 -1.000000
vn 0.000000 0.000000 -1.000000
vn 0.000000 0.000000 -1.000000
vn 0.000000 0.000000 -1.000000
vn 0.000000 0.000000 -1.000000
vn 0.900068 0.415496 -0.131306
vn 0.900067 0.415497 -0.131308
vn 0.900070 0.415491 -0.131305
vn 0.900067 0.415497 -0.131307
vn 0.900067 0.415498 -0.131307
vn 0.900063 0.415508 -0.131303
vn 0.900066 0.415499 -0.131305
s 1
g solidShatter1 shard16
usemtl shatterInteriorSG1
f 2466/5815/4207 2461/5819/4208 2465/5814/4209
f 2461/5819/4208 2462/5818/4210 2465/5814/4209
f 2462/5818/4210 2463/5817/4211 2465/5814/4209
f 2463/5817/4211 2464/5816/4212 2465/5814/4209
f 2467/5824/4213 2465/5814/4209 2470/5820/4214
f 2470/5820/4214 2465/5814/4209 2469/5821/4215
f 2464/5823/4212 2468/5822/4216 2465/5814/4209
f 2465/5814/4209 2468/5822/4216 2469/5821/4215
f 2472/5827/4217 2465/5814/4209 2471/5828/4218
f 2473/5825/4219 2471/5828/4218 2467/5826/4213
f 2471/5828/4218 2465/5814/4209 2467/5826/4213
f 2474/5833/4220 2475/5832/4221 2472/5829/4217
f 2472/5829/4217 2475/5832/4221 2465/5814/4209
f 2477/5830/4222 2465/5814/4209 2476/5831/4223
f 2475/5832/4221 2476/5831/4223 2465/5814/4209
f 2477/5836/4222 2479/5835/4224 2465/5814/4209
f 2479/5835/4224 2480/5834/4225 2465/5814/4209
f 2478/5837/4226 2465/5814/4209 2480/5834/4225
f 2485/5838/4227 2466/5844/4207 2484/5839/4228
f 2465/5814/4209 2478/5843/4226 2466/5844/4207
f 2478/5843/4226 2481/5842/4229 2466/5844/4207
f 2481/5842/4229 2482/5841/4230 2466/5844/4207
f 2482/5841/4230 2483/5840/4231 2466/5844/4207
f 2466/5844/4207 2483/5840/4231 2484/5839/4228
f 2491/5846/4232 2492/5845/4233 2490/5847/4234
f 2490/5847/4234 2492/5845/4233 2489/5848/4235
f 2489/5848/4235 2492/5845/4233 2488/5849/4236
f 2484/5852/4228 2486/5851/4237 2485/5853/4227
f 2488/5849/4236 2492/5845/4233 2487/5850/4238
f 2486/5851/4237 2487/5850/4238 2485/5853/4227
f 2485/5853/4227 2487/5850/4238 2492/5845/4233
f 2492/5857/4233 2491/5856/4232 2495/5858/4239
f 2497/5854/4240 2493/5860/4241 2496/5855/4242
f 2495/5858/4239 2491/5856/4232 2494/5859/4243
f 2496/5855/4242 2493/5860/4241 2491/5856/4232
f 2493/5860/4241 2494/5859/4243 2491/5856/4232
f 2496/5863/4242 2503/5862/4244 2497/5864/4240
f 2503/5862/4244 2504/5861/4245 2497/5864/4240
f 2497/5864/4240 2504/5861/4245 2502/5865/4246
f 2499/5813/4247 2500/5867/4248 2498/5868/4249
f 2500/5867/4248 2501/5866/4250 2498/5868/4249
f 2504/5861/4245 2498/5868/4249 2502/5865/4246
f 2498/5868/4249 2501/5866/4250 2502/5865/4246
f 2498/5871/4249 2506/5870/4251 2499/5813/4247
f 2505/5872/4252 2499/5813/4247 2507/5869/4253
f 2499/5813/4247 2506/5870/4251 2507/5869/4253
f 2499/5813/4247 2505/5874/4252 2509/5875/4254
f 2505/5874/4252 2510/5873/4255 2509/5875/4254
f 2508/5876/4256 2509/5875/4254 2510/5873/4255
f 2512/5878/4257 2499/5813/4247 2511/5879/4258
f 2511/5879/4258 2499/5813/4247 2509/5877/4254
f 2513/5881/4259 2499/5813/4247 2512/5880/4257
f 2499/5813/4247 2513/5883/4259 2500/5884/4248
f 2513/5883/4259 2516/5882/4260 2500/5884/4248
f 2500/5884/4248 2516/5882/4260 2515/5885/4261
f 2514/5886/4262 2515/5885/4261 2516/5882/4260
s 11
usemtl initialShadingGroup
f 2517/5810/4263 2518/5809/4264 2519/5667/4265
s 12
f 2520/5808/4266 2521/5807/4267 2523/5671/4268
f 2521/5807/4267 2522/5806/4269 2523/5671/4268
s 13
usemtl shatterInteriorSG1
f 2521/5677/4270 2524/5676/4271 2522/5675/4272
s 14
usemtl initialShadingGroup
f 2525/5805/4273 2526/5804/4274 2527/5646/4275
f 2527/5646/4275 2523/5643/4276 2525/5796/4273
f 2522/5795/4277 2524/5797/4278 2523/5643/4276
f 2524/5797/4278 2525/5796/4273 2523/5643/4276
s 12
f 2518/5803/4279 2520/5802/4266 2519/5667/4280
f 2519/5667/4280 2520/5802/4266 2523/5671/4268
s 11
f 2528/5812/4281 2517/5811/4263 2529/5663/4282
f 2529/5663/4282 2517/5811/4263 2519/5667/4265
f 2530/5799/4283 2528/5798/4281 2529/5663/4282
s 13
usemtl shatterInteriorSG1
f 2531/5723/4284 2532/5672/4285 2533/5722/4286
s 14
usemtl initialShadingGroup
f 2534/5784/4287 2535/5783/4288 2536/5649/4289
s 13
usemtl shatterInteriorSG1
f 2532/5672/4285 2537/5730/4290 2533/5731/4286
f 2533/5731/4286 2537/5730/4290 2530/5732/4291
f 2530/5732/4291 2537/5730/4290 2528/5733/4292
f 2528/5733/4292 2537/5730/4290 2517/5734/4293
f 2537/5730/4290 2526/5729/4294 2517/5734/4293
f 2526/5729/4294 2525/5728/4295 2517/5734/4293
f 2525/5728/4295 2524/5727/4271 2517/5734/4293
f 2524/5727/4271 2521/5726/4270 2517/5734/4293
f 2521/5726/4270 2520/5725/4296 2517/5734/4293
f 2517/5734/4293 2520/5725/4296 2518/5724/4297
s 14
usemtl initialShadingGroup
f 2536/5649/4289 2527/5646/4275 2534/5792/4287
f 2526/5794/4274 2537/5793/4298 2527/5646/4275
f 2537/5793/4298 2534/5792/4287 2527/5646/4275
f 2538/5645/4299 2523/5643/4276 2527/5646/4275
s 12
f 2539/5670/4300 2519/5667/4280 2523/5671/4268
s 11
f 2540/5666/4301 2529/5663/4282 2519/5667/4265
f 2541/5662/4302 2529/5663/4282 2540/5666/4301
f 2542/5801/4303 2543/5800/4304 2541/5662/4302
f 2543/5800/4304 2529/5663/4282 2541/5662/4302
f 2543/5786/4304 2544/5785/4305 2529/5663/4282
f 2544/5785/4305 2531/5789/4306 2529/5663/4282
f 2530/5787/4283 2529/5663/4282 2533/5788/4307
f 2531/5789/4306 2533/5788/4307 2529/5663/4282
s 13
usemtl shatterInteriorSG1
f 2544/5721/4308 2532/5672/4285 2531/5720/4284
s 11
usemtl initialShadingGroup
f 2545/5782/4309 2546/5781/4310 2547/5660/4311
s 14
f 2535/5780/4288 2548/5779/4312 2536/5649/4289
s 13
usemtl shatterInteriorSG1
f 2549/5681/4313 2548/5680/4314 2532/5672/4285
f 2548/5680/4314 2535/5679/4315 2532/5672/4285
f 2535/5679/4315 2534/5678/4316 2532/5672/4285
f 2537/5682/4290 2532/5672/4285 2534/5678/4316
s 14
usemtl initialShadingGroup
f 2550/5648/4317 2527/5646/4275 2536/5649/4289
f 2538/5645/4299 2527/5646/4275 2550/5648/4317
f 2539/5642/4318 2523/5643/4276 2538/5645/4299
s 12
f 2540/5666/4319 2519/5667/4280 2539/5670/4300
s 11
f 2551/5665/4320 2541/5662/4302 2540/5666/4301
f 2542/5790/4303 2541/5662/4302 2546/5791/4310
f 2546/5791/4310 2541/5662/4302 2547/5660/4311
f 2552/5778/4321 2545/5777/4309 2553/5658/4322
f 2553/5658/4322 2545/5777/4309 2547/5660/4311
f 2552/5772/4321 2553/5658/4322 2554/5773/4323
f 2554/5773/4323 2553/5658/4322 2555/5771/4324
s 13
usemtl shatterInteriorSG1
f 2532/5672/4285 2544/5714/4308 2556/5673/4325
f 2544/5714/4308 2543/5713/4326 2556/5673/4325
f 2543/5713/4326 2542/5719/4327 2556/5673/4325
f 2542/5719/4327 2546/5718/4328 2556/5673/4325
f 2546/5718/4328 2545/5717/4329 2556/5673/4325
f 2545/5717/4329 2552/5716/4330 2556/5673/4325
f 2552/5716/4330 2554/5715/4331 2556/5673/4325
s 14
usemtl initialShadingGroup
f 2557/5743/4332 2558/5742/4333 2559/5654/4334
s 13
usemtl shatterInteriorSG1
f 2561/5688/4335 2562/5687/4336 2556/5673/4325
f 2560/5689/4337 2556/5673/4325 2562/5687/4336
s 14
usemtl initialShadingGroup
f 2563/5762/4338 2564/5761/4339 2565/5653/4340
f 2536/5649/4289 2548/5776/4312 2567/5651/4341
f 2548/5776/4312 2549/5775/4342 2567/5651/4341
f 2549/5775/4342 2566/5774/4343 2567/5651/4341
f 2568/5768/4344 2560/5767/4345 2569/5652/4346
f 2560/5767/4345 2562/5766/4347 2569/5652/4346
s 13
usemtl shatterInteriorSG1
f 2532/5672/4285 2556/5673/4325 2549/5686/4313
f 2549/5686/4313 2556/5673/4325 2566/5683/4348
f 2566/5683/4348 2556/5673/4325 2568/5684/4349
f 2556/5673/4325 2560/5685/4337 2568/5684/4349
s 14
usemtl initialShadingGroup
f 2550/5648/4317 2536/5649/4289 2567/5651/4341
f 2570/5647/4350 2538/5645/4299 2550/5648/4317
f 2571/5644/4351 2539/5642/4318 2538/5645/4299
s 12
f 2572/5669/4352 2540/5666/4319 2539/5670/4300
f 2551/5665/4353 2540/5666/4319 2572/5669/4352
s 11
f 2573/5661/4354 2541/5662/4302 2551/5665/4320
f 2573/5661/4354 2547/5660/4311 2541/5662/4302
f 2574/5659/4355 2553/5658/4322 2547/5660/4311
f 2553/5658/4322 2576/5656/4356 2555/5764/4324
f 2577/5763/4357 2575/5765/4358 2576/5656/4356
f 2575/5765/4358 2555/5764/4324 2576/5656/4356
s 13
usemtl shatterInteriorSG1
f 2554/5710/4331 2555/5712/4359 2556/5673/4325
f 2555/5712/4359 2575/5711/4360 2556/5673/4325
f 2556/5673/4325 2578/5674/4361 2561/5695/4335
f 2561/5695/4335 2578/5674/4361 2563/5690/4362
f 2563/5690/4362 2578/5674/4361 2564/5691/4363
f 2579/5694/4364 2558/5693/4365 2578/5674/4361
f 2564/5691/4363 2578/5674/4361 2557/5692/4366
f 2578/5674/4361 2558/5693/4365 2557/5692/4366
s 11
usemtl initialShadingGroup
f 2580/5741/4367 2581/5740/4368 2582/5655/4369
f 2583/5755/4370 2577/5754/4357 2576/5656/4356
s 13
usemtl shatterInteriorSG1
f 2584/5697/4371 2585/5696/4372 2578/5674/4361
f 2579/5698/4364 2578/5674/4361 2585/5696/4372
s 14
usemtl initialShadingGroup
f 2558/5739/4333 2579/5738/4373 2559/5654/4334
f 2559/5654/4334 2579/5738/4373 2585/5737/4374
f 2564/5753/4339 2557/5752/4332 2565/5653/4340
f 2565/5653/4340 2557/5752/4332 2559/5654/4334
f 2565/5653/4340 2569/5652/4346 2563/5759/4338
f 2562/5758/4347 2561/5760/4375 2569/5652/4346
f 2561/5760/4375 2563/5759/4338 2569/5652/4346
f 2566/5770/4343 2568/5769/4344 2567/5651/4341
f 2567/5651/4341 2568/5769/4344 2569/5652/4346
f 2586/5650/4376 2550/5648/4317 2567/5651/4341
f 2570/5647/4350 2550/5648/4317 2586/5650/4376
f 2571/5644/4351 2538/5645/4299 2570/5647/4350
f 2572/5641/4377 2539/5642/4318 2571/5644/4351
s 12
f 2587/5668/4378 2551/5665/4353 2572/5669/4352
f 2588/5664/4379 2551/5665/4353 2587/5668/4378
s 11
f 2588/5664/4380 2573/5661/4354 2551/5665/4320
f 2574/5659/4355 2547/5660/4311 2573/5661/4354
f 2589/5657/4381 2553/5658/4322 2574/5659/4355
f 2589/5657/4381 2576/5656/4356 2553/5658/4322
f 2581/5748/4368 2583/5747/4370 2582/5655/4369
f 2582/5655/4369 2583/5747/4370 2576/5656/4356
f 2590/5746/4382 2591/5745/4383 2582/5655/4369
f 2582/5655/4369 2591/5745/4383 2580/5744/4367
s 13
usemtl shatterInteriorSG1
f 2578/5674/4361 2556/5673/4325 2591/5705/4384
f 2591/5705/4384 2556/5673/4325 2580/5706/4385
f 2580/5706/4385 2556/5673/4325 2581/5707/4386
f 2581/5707/4386 2556/5673/4325 2583/5708/4387
f 2575/5704/4360 2577/5709/4388 2556/5673/4325
f 2577/5709/4388 2583/5708/4387 2556/5673/4325
f 2508/5887/4389 2584/5699/4371 2509/5888/4390
f 2584/5699/4371 2578/5674/4361 2509/5888/4390
f 2511/5889/4391 2509/5888/4390 2578/5674/4361
s 14
usemtl initialShadingGroup
f 2508/5891/4392 2510/5890/4393 2584/5735/4394
f 2584/5735/4394 2510/5890/4393 2585/5736/4374
f 2510/5890/4393 2559/5654/4334 2585/5736/4374
f 2507/5892/4395 2559/5654/4334 2505/5893/4396
f 2510/5894/4393 2505/5893/4396 2559/5654/4334
f 2507/5896/4395 2506/5895/4397 2559/5654/4334
f 2559/5654/4334 2506/5895/4397 2565/5653/4340
f 2504/5898/4398 2565/5653/4340 2498/5899/4399
f 2498/5899/4399 2565/5653/4340 2506/5897/4397
f 2504/5901/4398 2503/5900/4400 2565/5653/4340
f 2565/5653/4340 2503/5900/4400 2569/5652/4346
f 2490/5903/4401 2569/5652/4346 2491/5904/4402
f 2491/5904/4402 2569/5652/4346 2496/5905/4403
f 2496/5905/4403 2569/5652/4346 2503/5902/4400
f 2489/5906/4404 2567/5651/4341 2490/5907/4401
f 2490/5907/4401 2567/5651/4341 2569/5652/4346
f 2586/5650/4376 2567/5651/4341 2488/5908/4405
f 2489/5909/4404 2488/5908/4405 2567/5651/4341
f 2488/5911/4405 2487/5910/4406 2586/5650/4376
f 2487/5913/4406 2486/5912/4407 2586/5650/4376
f 2483/5914/4408 2570/5647/4350 2484/5915/4409
f 2586/5650/4376 2486/5916/4407 2570/5647/4350
f 2486/5916/4407 2484/5915/4409 2570/5647/4350
f 2483/5918/4408 2482/5917/4410 2570/5647/4350
f 2482/5920/4410 2481/5919/4411 2570/5647/4350
f 2570/5647/4350 2481/5919/4411 2571/5644/4351
f 2480/5921/4412 2571/5644/4351 2478/5922/4413
f 2481/5923/4411 2478/5922/4413 2571/5644/4351
f 2479/5924/4414 2572/5641/4377 2480/5925/4412
f 2480/5925/4412 2572/5641/4377 2571/5644/4351
f 2479/5926/4414 2477/5928/4415 2572/5641/4377
f 2477/5928/4415 2476/5927/4416 2572/5641/4377
f 2476/5927/4416 2587/5640/4417 2572/5641/4377
f 2476/5930/4416 2475/5929/4418 2587/5640/4417
f 2475/5932/4418 2474/5931/4419 2587/5640/4417
s 12
f 2588/5664/4379 2587/5668/4378 2471/5934/4420
f 2474/5933/4421 2472/5935/4422 2587/5668/4378
f 2472/5935/4422 2471/5934/4420 2587/5668/4378
f 2471/5937/4420 2473/5936/4423 2588/5664/4379
s 11
f 2470/5938/4424 2588/5664/4380 2467/5939/4425
f 2473/5940/4426 2467/5939/4425 2588/5664/4380
f 2588/5664/4380 2470/5942/4424 2573/5661/4354
f 2470/5942/4424 2469/5941/4427 2573/5661/4354
f 2469/5944/4427 2468/5943/4428 2573/5661/4354
f 2573/5661/4354 2468/5943/4428 2574/5659/4355
f 2468/5945/4428 2464/5947/4429 2574/5659/4355
f 2464/5947/4429 2463/5946/4430 2574/5659/4355
f 2463/5949/4430 2462/5948/4431 2574/5659/4355
f 2574/5659/4355 2462/5948/4431 2589/5657/4381
f 2462/5951/4431 2461/5950/4432 2589/5657/4381
f 2495/5954/4433 2589/5657/4381 2492/5955/4434
f 2461/5953/4432 2466/5952/4435 2589/5657/4381
f 2466/5952/4435 2485/5956/4436 2589/5657/4381
f 2485/5956/4436 2492/5955/4434 2589/5657/4381
f 2589/5657/4381 2495/5958/4433 2576/5656/4356
f 2495/5958/4433 2494/5957/4437 2576/5656/4356
f 2494/5960/4437 2493/5959/4438 2576/5656/4356
f 2576/5656/4356 2493/5959/4438 2582/5655/4369
f 2493/5963/4438 2497/5962/4439 2582/5655/4369
f 2497/5962/4439 2502/5961/4440 2582/5655/4369
f 2502/5965/4440 2501/5964/4441 2582/5655/4369
f 2592/5757/4442 2590/5756/4382 2501/5964/4441
f 2501/5964/4441 2590/5756/4382 2582/5655/4369
f 2501/5966/4441 2500/5968/4443 2592/5750/4442
f 2592/5750/4442 2500/5968/4443 2593/5751/4444
f 2500/5968/4443 2515/5967/4445 2593/5751/4444
f 2515/5970/4445 2514/5969/4446 2593/5749/4444
s 13
usemtl shatterInteriorSG1
f 2578/5674/4361 2591/5702/4384 2516/5971/4447
f 2591/5702/4384 2590/5701/4448 2516/5971/4447
f 2590/5701/4448 2592/5700/4449 2516/5971/4447
f 2592/5700/4449 2593/5703/4450 2516/5971/4447
f 2514/5972/4451 2516/5971/4447 2593/5703/4450
f 2516/5974/4447 2513/5973/4452 2578/5674/4361
f 2513/5973/4452 2512/5976/4453 2578/5674/4361
f 2512/5976/4453 2511/5975/4391 2578/5674/4361
g default
v 4.045006 2.626184 -0.500000
v 4.335724 2.873744 -0.413507
v 4.153313 2.731645 -0.500000
v 4.109665 2.689144 -0.500000
v 4.340656 2.877945 -0.412039
v 4.293934 2.868565 -0.500000
v 4.341358 2.878544 -0.411830
v 4.349094 2.922278 -0.500000
v 4.411915 2.983447 -0.500000
v 4.418571 2.944296 -0.388857
v 4.702271 3.185880 -0.304452
v 5.213867 3.621530 -0.152244
v 5.306171 3.700131 -0.124782
v 5.106861 3.660116 -0.500000
v 4.983017 3.539528 -0.500000
v 4.661545 3.226509 -0.500000
v 5.392334 3.938082 -0.500000
v 5.213421 3.763875 -0.500000
v 5.444393 3.817835 -0.083658
v 5.480934 4.024350 -0.500000
v 5.765301 4.301240 -0.500000
v 5.908978 4.213452 0.054563
v 5.909760 4.217614 0.046279
v 5.954979 4.458733 -0.433755
v 5.919792 4.451669 -0.500000
v 5.957561 4.472505 -0.461173
v 5.961220 4.492008 -0.500000
v 6.114803 2.891134 0.343022
v 6.124443 2.958241 0.336953
v 6.196125 3.457289 0.291823
v 6.148125 3.583691 0.252163
v 6.004482 3.961959 0.133474
v 6.095181 2.887994 0.335125
v 6.112305 2.873741 0.344595
v 6.102280 2.803941 0.350907
v 5.940491 1.677572 0.452766
v 5.951385 1.753424 0.445907
v 4.745667 2.672049 -0.207974
v 5.900173 1.396896 0.478148
v 4.867317 1.231623 0.062485
v 5.865463 1.155256 0.500000
v 5.658478 0.573120 0.500000
v 5.765026 0.872778 0.500000
v 5.837658 1.077047 0.500000
v 5.856823 1.077047 0.500000
v 5.846279 0.981628 0.500000
v 5.830299 0.837002 0.500000
v 5.797451 0.539679 0.500000
v 5.646587 0.539679 0.500000
v 5.774319 0.330318 0.500000
v 5.605122 0.423054 0.500000
v 5.748531 0.096916 0.500000
v 5.455524 0.002319 0.500000
v 5.738079 0.002319 0.500000
v 5.829525 0.002319 0.250542
v 5.410973 0.002319 0.480990
v 5.944550 0.002319 -0.063234
v 5.902657 0.002316 0.051040
v 6.104660 0.002319 -0.500000
v 5.392334 0.002319 0.473037
v 5.392334 0.002319 -0.500000
v 6.150578 0.417900 -0.500000
v 6.164032 0.539682 -0.500000
v 5.392334 0.539682 -0.500000
v 6.213776 0.989906 -0.500000
v 6.168434 0.579535 -0.500000
v 6.223404 1.077047 -0.500000
v 5.392334 1.077047 -0.500000
v 6.276974 1.561911 -0.500000
v 6.282776 1.614414 -0.500000
v 5.392334 1.614414 -0.500000
v 6.336483 2.100480 -0.500000
v 6.340176 2.133915 -0.500000
v 6.342148 2.151779 -0.500000
v 5.392334 2.151779 -0.500000
v 6.360382 2.316812 -0.500000
v 6.348576 2.209936 -0.500000
v 6.372768 2.689144 -0.500000
v 6.372768 2.428903 -0.500000
v 6.401524 2.689144 -0.500000
v 6.403374 2.705919 -0.500000
v 6.460896 3.226509 -0.500000
v 6.372768 3.226509 -0.500000
v 6.466576 3.277924 -0.500000
v 6.482239 3.419688 -0.500000
v 6.372768 3.644992 -0.500000
v 6.390682 3.608126 -0.500000
v 6.456303 3.423097 -0.428224
v 6.234417 3.452257 0.185849
v 6.237656 3.451831 0.176893
v 6.258846 3.449046 0.118243
v 6.327152 3.738873 -0.500000
v 6.315006 3.763875 -0.500000
v 6.155209 4.092754 -0.500000
v 3.983997 2.454604 -0.500000
v 3.876324 2.151779 -0.500000
v 3.850170 2.078217 -0.500000
v 4.020027 2.555934 -0.500000
v 4.971134 0.002319 0.293303
v 4.735310 0.002319 0.192672
v 4.719742 0.002319 0.186028
v 4.411915 0.002319 -0.500000
v 4.411915 0.539682 -0.500000
v 4.411915 1.077047 -0.500000
v 4.411915 1.614414 -0.500000
v 5.392334 2.689144 -0.500000
v 5.392334 3.226509 -0.500000
v 5.392334 3.763875 -0.500000
v 6.120968 4.163230 -0.500000
v 6.053913 4.301240 -0.500000
v 6.008087 4.395548 -0.500000
v 4.411915 2.689144 -0.500000
v 4.411915 2.151779 -0.500000
v 3.746681 1.787169 -0.500000
v 3.685257 1.614414 -0.500000
v 3.509367 1.119732 -0.500000
v 3.509083 1.118931 -0.500000
v 3.517801 1.015676 -0.480613
v 4.028507 0.002319 -0.108934
v 4.411915 0.002319 0.054674
v 3.603386 0.002319 -0.290342
v 3.494190 1.077047 -0.500000
v 3.482744 1.044857 -0.500000
v 3.431490 0.900709 -0.500000
v 3.303123 0.539682 -0.500000
v 3.272051 0.452293 -0.500000
v 3.217611 0.299187 -0.500000
v 3.239700 0.138767 -0.466235
v 3.258488 0.002319 -0.437516
v 3.337269 0.002319 -0.403898
v 3.431490 0.002319 -0.363692
v 3.469627 1.007969 -0.500000
v 3.431490 0.002319 -0.500000
v 3.431490 0.539682 -0.500000
v 3.237629 0.002319 -0.500000
v 3.232880 0.072754 -0.500000
v 6.331322 2.190106 -0.458912
v 5.887985 0.257198 0.167889
vt 0.591667 0.633333
vt 0.591667 0.650000
vt 0.608333 0.650000
vt 0.575000 0.666667
vt 0.591667 0.666667
vt 0.608333 0.666667
vt 0.575000 0.683333
vt 0.591667 0.683333
vt 0.575000 0.700000
vt 0.591667 0.700000
vt 0.575000 0.716666
vt 0.591667 0.716666
vt 0.558333 0.733333
vt 0.575000 0.733333
vt 0.591667 0.733333
vt 0.558333 0.750000
vt 0.575000 0.750000
vt 0.591667 0.750000
vt 0.565130 0.525000
vt 0.566184 0.525574
vt 0.565130 0.525000
vt 0.555038 0.750000
vt 0.555038 0.750000
vt 0.554957 0.747815
vt 0.519659 0.480341
vt 0.521713 0.475000
vt 0.519659 0.480341
vt 0.520298 0.478678
vt 0.521235 0.476243
vt 0.525000 0.466451
vt 0.521713 0.475000
vt 0.523944 0.469198
vt 0.524113 0.468757
vt 0.524750 0.467101
vt 0.525000 0.466451
vt 0.602913 0.616667
vt 0.602134 0.613742
vt 0.604053 0.620947
vt 0.602913 0.616667
vt 0.604053 0.620947
vt 0.607351 0.633333
vt 0.604635 0.623133
vt 0.607558 0.634109
vt 0.607351 0.633333
vt 0.608333 0.637020
vt 0.607558 0.634109
vt 0.608333 0.637020
vt 0.608638 0.638164
vt 0.450000 0.450000
vt 0.450000 0.475000
vt 0.475000 0.475000
vt 0.475000 0.500000
vt 0.475000 0.461557
vt 0.475000 0.461557
vt 0.467285 0.457715
vt 0.468473 0.458307
vt 0.473364 0.460742
vt 0.467285 0.457715
vt 0.451792 0.450000
vt 0.451805 0.450006
vt 0.459794 0.453985
vt 0.462584 0.455374
vt 0.451792 0.450000
vt 0.450596 0.449404
vt 0.451116 0.449663
vt 0.450596 0.449404
vt 0.450000 0.449108
vt 0.450000 0.449108
vt 0.432412 0.450000
vt 0.432883 0.446858
vt 0.433141 0.445136
vt 0.433357 0.443696
vt 0.435745 0.443563
vt 0.438553 0.443407
vt 0.441026 0.444638
vt 0.442437 0.445341
vt 0.448268 0.448245
vt 0.432412 0.450000
vt 0.429311 0.470690
vt 0.429353 0.470405
vt 0.430197 0.464779
vt 0.431247 0.457770
vt 0.429310 0.470690
vt 0.428664 0.475000
vt 0.434132 0.487238
vt 0.427337 0.483854
vt 0.427459 0.483039
vt 0.427510 0.482699
vt 0.428664 0.475000
vt 0.436556 0.488445
vt 0.436015 0.488176
vt 0.436556 0.488445
vt 0.444694 0.492497
vt 0.441395 0.490855
vt 0.486768 0.502042
vt 0.493640 0.500000
vt 0.493640 0.500000
vt 0.512013 0.462987
vt 0.511522 0.470139
vt 0.512013 0.462987
vt 0.599237 0.033333
vt 0.598002 0.026998
vt 0.599237 0.033333
vt 0.598002 0.026998
vt 0.595989 0.016667
vt 0.596191 0.017704
vt 0.595284 0.013049
vt 0.595989 0.016667
vt 0.592741 0.000000
vt 0.595284 0.013049
vt 0.591983 0.995247
vt 0.592741 1.000000
vt 0.591667 0.993259
vt 0.591984 0.995247
vt 0.584507 0.948325
vt 0.591667 0.993259
vt 0.580233 0.921507
vt 0.580498 0.923168
vt 0.575000 0.888668
vt 0.580233 0.921507
vt 0.568482 0.847766
vt 0.575000 0.888668
vt 0.568482 0.847766
vt 0.558333 0.784077
vt 0.561256 0.802414
vt 0.556732 0.774025
vt 0.558333 0.784077
vt 0.555392 0.765621
vt 0.556732 0.774025
vt 0.563864 0.525000
vt 0.565670 0.526568
vt 0.561741 0.523156
vt 0.563864 0.525000
vt 0.555623 0.736043
vt 0.554698 0.740792
vt 0.556151 0.733333
vt 0.555623 0.736044
vt 0.558333 0.722136
vt 0.556151 0.733333
vt 0.559399 0.716667
vt 0.559205 0.717665
vt 0.558982 0.718809
vt 0.558333 0.722136
vt 0.559399 0.716667
vt 0.559657 0.715343
vt 0.559652 0.715367
vt 0.562647 0.700000
vt 0.559657 0.715343
vt 0.563691 0.694642
vt 0.562647 0.700000
vt 0.563691 0.694642
vt 0.565895 0.683333
vt 0.565451 0.685615
vt 0.567726 0.673941
vt 0.565895 0.683333
vt 0.567726 0.673941
vt 0.568338 0.670798
vt 0.500000 0.525000
vt 0.475000 0.550000
vt 0.476315 0.533772
vt 0.478507 0.530228
vt 0.481053 0.526112
vt 0.481741 0.525000
vt 0.475000 0.536434
vt 0.475723 0.534971
vt 0.475000 0.536434
vt 0.468298 0.550000
vt 0.470066 0.546421
vt 0.471652 0.543211
vt 0.473904 0.538652
vt 0.468298 0.550000
vt 0.471703 0.553297
vt 0.467581 0.551451
vt 0.471703 0.553297
vt 0.475000 0.554773
vt 0.488176 0.550611
vt 0.487254 0.552478
vt 0.484106 0.558851
vt 0.476888 0.555619
vt 0.475000 0.554773
vt 0.488478 0.550000
vt 0.491587 0.543707
vt 0.488478 0.550000
vt 0.500000 0.526678
vt 0.496318 0.534132
vt 0.495920 0.534937
vt 0.492247 0.542371
vt 0.500000 0.526678
vt 0.500829 0.525000
vt 0.500389 0.525892
vt 0.500253 0.526166
vt 0.500829 0.525000
vt 0.501639 0.523361
vt 0.504459 0.517652
vt 0.502488 0.521642
vt 0.501639 0.523361
vt 0.500000 0.501425
vt 0.508833 0.505867
vt 0.509994 0.506450
vt 0.508920 0.508624
vt 0.508530 0.509412
vt 0.504586 0.517395
vt 0.499052 0.500948
vt 0.492668 0.507332
vt 0.497194 0.500014
vt 0.498907 0.500875
vt 0.491268 0.509595
vt 0.491902 0.508571
vt 0.492059 0.508316
vt 0.492668 0.507332
vt 0.499052 0.500948
vt 0.500000 0.501425
vt 0.481741 0.525000
vt 0.514064 0.460936
vt 0.512177 0.460597
vt 0.514224 0.460965
vt 0.514064 0.460936
vt 0.525000 0.462898
vt 0.515268 0.461152
vt 0.526278 0.463127
vt 0.525000 0.462898
vt 0.609928 0.648405
vt 0.610195 0.644008
vt 0.609831 0.650000
vt 0.609928 0.648405
vt 0.608854 0.666146
vt 0.609831 0.650000
vt 0.608822 0.666667
vt 0.608854 0.666146
vt 0.608333 0.674738
vt 0.608822 0.666667
vt 0.608333 0.674738
vt 0.607813 0.683333
vt 0.607922 0.681529
vt 0.608123 0.678215
vt 0.607779 0.683887
vt 0.607813 0.683333
vt 0.607779 0.683887
vt 0.606804 0.700000
vt 0.607717 0.684924
vt 0.606705 0.701628
vt 0.606804 0.700000
vt 0.605794 0.716666
vt 0.606705 0.701628
vt 0.605631 0.719369
vt 0.605794 0.716666
vt 0.604785 0.733333
vt 0.604860 0.732097
vt 0.605631 0.719369
vt 0.604556 0.737110
vt 0.604785 0.733333
vt 0.603776 0.750000
vt 0.604556 0.737110
vt 0.601054 0.859191
vt 0.603776 0.750000
vt 0.600342 0.887760
vt 0.601054 0.859191
vt 0.597544 1.000000
vt 0.599099 0.937635
vt 0.597544 0.000000
vt 0.598160 0.010173
vt 0.597722 0.002934
vt 0.598553 0.016667
vt 0.598160 0.010173
vt 0.599112 0.025888
vt 0.598553 0.016667
vt 0.599112 0.025888
vt 0.599563 0.033333
vt 0.599383 0.030374
vt 0.599710 0.035759
vt 0.599563 0.033333
vt 0.450000 0.494134
vt 0.445957 0.493126
vt 0.454696 0.495304
vt 0.450000 0.494134
vt 0.473541 0.500000
vt 0.455965 0.495620
vt 0.454696 0.495304
vt 0.474709 0.500291
vt 0.473541 0.500000
vt 0.475000 0.500364
vt 0.474709 0.500291
vt 0.484472 0.502724
vt 0.476123 0.500643
vt 0.475000 0.500363
vt 0.469711 0.499622
vt 0.470676 0.500000
vt 0.474872 0.500000
vt 0.468283 0.499061
vt 0.474872 0.500000
vt 0.470676 0.500000
vt 0.473782 0.501218
vt 0.474984 0.500016
vt 0.474984 0.500016
vt 0.473782 0.501218
vt 0.475000 0.501696
vt 0.475000 0.500018
vt 0.481901 0.504404
vt 0.489002 0.507189
vt 0.491738 0.508263
vt 0.496867 0.503133
vt 0.494775 0.502835
vt 0.483180 0.501183
vt 0.476750 0.500267
vt 0.475000 0.500018
vt 0.475000 0.501696
vt 0.476388 0.502241
vt 0.500000 0.511504
vt 0.500000 0.503579
vt 0.496867 0.503133
vt 0.491738 0.508262
vt 0.494091 0.509186
vt 0.498043 0.510736
vt 0.509694 0.515306
vt 0.510599 0.514401
vt 0.510531 0.505237
vt 0.510530 0.505079
vt 0.500000 0.503579
vt 0.500000 0.511504
vt 0.506281 0.513968
vt 0.510609 0.515666
vt 0.510603 0.514924
vt 0.510599 0.514401
vt 0.509694 0.515307
vt 0.511196 0.474893
vt 0.511313 0.475000
vt 0.498208 0.498643
vt 0.489976 0.485024
vt 0.491069 0.486832
vt 0.492706 0.489540
vt 0.483918 0.475000
vt 0.489976 0.485024
vt 0.511313 0.475000
vt 0.518072 0.481189
vt 0.518458 0.481542
vt 0.480558 0.469441
vt 0.483918 0.475000
vt 0.480558 0.469442
vt 0.476135 0.462122
vt 0.479577 0.467818
vt 0.479636 0.467915
vt 0.479644 0.467929
vt 0.569862 0.666667
vt 0.568763 0.668619
vt 0.584708 0.640291
vt 0.579244 0.650000
vt 0.591667 0.627930
vt 0.598007 0.616667
vt 0.593173 0.625254
vt 0.598007 0.616667
vt 0.601337 0.610750
vt 0.600633 0.612001
vt 0.518458 0.481542
vt 0.519004 0.482043
vt 0.591667 0.627930
vt 0.588625 0.633333
vt 0.584709 0.640291
vt 0.588625 0.633333
vt 0.586814 0.636551
vt 0.570604 0.665348
vt 0.569862 0.666667
vt 0.575000 0.657539
vt 0.573932 0.659436
vt 0.572994 0.661102
vt 0.579244 0.650000
vt 0.575000 0.657539
vn -0.669265 0.687320 0.282270
vn -0.669266 0.687343 0.282211
vn -0.669265 0.687321 0.282268
vn -0.669264 0.687338 0.282226
vn -0.669300 0.687310 0.282209
vn -0.669266 0.687344 0.282206
vn -0.669282 0.687330 0.282206
vn -0.669275 0.687335 0.282208
vn -0.669270 0.687342 0.282203
vn -0.669269 0.687344 0.282202
vn -0.669267 0.687346 0.282202
vn -0.669269 0.687345 0.282199
vn -0.669274 0.687343 0.282193
vn -0.669269 0.687346 0.282198
vn -0.669267 0.687346 0.282202
vn -0.669265 0.687346 0.282206
vn -0.669269 0.687342 0.282205
vn -0.669268 0.687346 0.282201
vn -0.669264 0.687347 0.282204
vn -0.669269 0.687345 0.282199
vn -0.669269 0.687345 0.282200
vn -0.669270 0.687342 0.282202
vn -0.669260 0.687351 0.282206
vn -0.669272 0.687344 0.282194
vn -0.669270 0.687343 0.282202
vn -0.669278 0.687340 0.282189
vn -0.669277 0.687341 0.282188
vn -0.388711 0.138212 0.910934
vn -0.388712 0.138211 0.910934
vn -0.388718 0.138212 0.910931
vn -0.388717 0.138207 0.910933
vn -0.388690 0.138214 0.910943
vn -0.388709 0.138213 0.910935
vn -0.388724 0.138208 0.910929
vn -0.388712 0.138211 0.910934
vn -0.388712 0.138212 0.910934
vn -0.388712 0.138211 0.910934
vn -0.388712 0.138211 0.910934
vn -0.388713 0.138215 0.910933
vn -0.388712 0.138212 0.910934
vn -0.345893 0.122988 0.930179
vn -0.369827 0.131498 0.919748
vn -0.388487 0.138130 0.911042
vn -0.382619 0.136041 0.913836
vn 0.000000 0.000000 1.000000
vn 0.000000 0.000000 1.000000
vn 0.000000 0.000000 1.000000
vn -0.346138 0.123069 0.930077
vn 0.000000 0.000000 1.000000
vn 0.000000 0.000000 1.000000
vn -0.345027 0.122680 0.930541
vn -0.082731 0.029416 0.996138
vn 0.000000 0.000000 1.000000
vn 0.000000 0.000000 1.000000
vn -0.000001 -1.000000 -0.000001
vn -0.000038 -1.000000 -0.000034
vn 0.000000 -1.000000 0.000003
vn 0.000010 -1.000000 0.000019
vn 0.000000 -1.000000 0.000000
vn 0.000000 -1.000000 0.000000
vn 0.000000 -1.000000 0.000000
vn 0.000000 -1.000000 0.000000
vn 0.000000 -1.000000 0.000000
vn 0.000000 0.000000 -1.000000
vn 0.000000 0.000000 -1.000000
vn 0.000000 0.000000 -1.000000
vn 0.000000 0.000000 -1.000000
vn 0.000000 0.000000 -1.000000
vn 0.000000 0.000000 -1.000000
vn 0.000000 0.000000 -1.000000
vn 0.000000 0.000000 -1.000000
vn 0.000000 0.000000 -1.000000
vn 0.000000 0.000000 -1.000000
vn 0.000000 0.000000 -1.000000
vn 0.000000 0.000000 -1.000000
vn 0.000000 0.000000 -1.000000
vn 0.000000 0.000000 -1.000000
vn 0.000000 0.000000 -1.000000
vn 0.000000 0.000000 -1.000000
vn 0.000000 0.000000 -1.000000
vn 0.000000 0.000000 -1.000000
vn 0.000000 0.000000 -1.000000
vn 0.000000 0.000000 -1.000000
vn 0.000000 0.000000 -1.000000
vn 0.000000 0.000000 -1.000000
vn 0.000000 0.000000 -1.000000
vn 0.000000 0.000000 -1.000000
vn 0.000000 0.000000 -1.000000
vn 0.000000 0.000000 -1.000000
vn 0.000000 0.000000 -1.000000
vn 0.000000 0.000000 -1.000000
vn 0.860507 0.418093 0.291077
vn 0.860504 0.418092 0.291087
vn 0.860502 0.418104 0.291077
vn 0.860505 0.418101 0.291072
vn 0.860497 0.418112 0.291078
vn 0.860509 0.418092 0.291072
vn 0.860502 0.418103 0.291077
vn 0.860505 0.418100 0.291074
vn 0.860505 0.418100 0.291074
vn 0.860477 0.418097 0.291160
vn 0.860510 0.418102 0.291055
vn 0.860502 0.418100 0.291081
vn 0.860492 0.418094 0.291121
vn 0.860504 0.418097 0.291080
vn 0.860505 0.418096 0.291078
vn -0.388711 0.138210 0.910935
vn -0.388712 0.138211 0.910934
vn -0.388712 0.138211 0.910934
vn -0.388712 0.138212 0.910934
vn -0.388712 0.138211 0.910934
vn -0.388712 0.138211 0.910934
vn -0.388711 0.138212 0.910934
vn -0.388713 0.138211 0.910934
vn -0.388713 0.138211 0.910934
vn -0.388713 0.138212 0.910934
vn -0.388712 0.138213 0.910934
vn -0.388698 0.138207 0.910941
vn 0.000000 -1.000000 0.000000
vn 0.000000 -1.000000 0.000000
vn 0.000000 -1.000000 0.000000
vn 0.000000 0.000000 -1.000000
vn 0.000000 0.000000 -1.000000
vn 0.000000 0.000000 -1.000000
vn 0.000000 0.000000 -1.000000
vn 0.000000 0.000000 -1.000000
vn 0.000000 0.000000 -1.000000
vn 0.000000 0.000000 -1.000000
vn 0.000000 0.000000 -1.000000
vn 0.000000 0.000000 -1.000000
vn 0.000000 0.000000 -1.000000
vn 0.000000 0.000000 -1.000000
vn 0.860509 0.418088 0.291080
vn 0.860500 0.418107 0.291077
vn 0.860497 0.418114 0.291075
vn 0.860500 0.418103 0.291085
vn 0.860505 0.418102 0.291071
vn -0.388712 0.138209 0.910934
vn 0.000000 0.000000 -1.000000
vn 0.000000 0.000000 -1.000000
vn 0.000000 0.000000 -1.000000
vn 0.000000 0.000000 -1.000000
vn 0.000000 0.000000 -1.000000
vn 0.000000 0.000000 -1.000000
vn -0.388710 0.138213 0.910934
vn -0.388712 0.138211 0.910934
vn -0.388712 0.138212 0.910934
vn -0.388712 0.138216 0.910933
vn -0.388712 0.138210 0.910934
vn -0.388712 0.138214 0.910933
vn -0.388719 0.138203 0.910932
vn -0.388745 0.138159 0.910928
vn -0.388713 0.138213 0.910933
vn 0.000000 0.000000 -1.000000
vn 0.000000 0.000000 -1.000000
vn 0.000000 0.000000 -1.000000
vn -0.388712 0.138212 0.910934
vn -0.388715 0.138209 0.910933
vn -0.388711 0.138213 0.910934
vn -0.388714 0.138210 0.910933
vn -0.388711 0.138211 0.910934
vn 0.000000 -1.000000 0.000000
vn 0.000000 -1.000000 0.000000
vn 0.000000 0.000000 -1.000000
vn 0.000000 0.000000 -1.000000
vn 0.000000 0.000000 -1.000000
vn 0.000000 0.000000 -1.000000
vn 0.000000 0.000000 -1.000000
vn 0.000000 0.000000 -1.000000
vn 0.000000 0.000000 -1.000000
vn 0.000000 0.000000 -1.000000
vn 0.000000 0.000000 -1.000000
vn 0.860501 0.418092 0.291096
vn 0.000000 0.000000 -1.000000
vn 0.000000 0.000000 -1.000000
vn 0.000000 0.000000 -1.000000
vn 0.000000 0.000000 -1.000000
vn 0.000000 0.000000 -1.000000
vn 0.000000 0.000000 -1.000000
vn 0.000000 0.000000 -1.000000
vn 0.000000 0.000000 -1.000000
vn 0.000000 0.000000 -1.000000
vn 0.000000 0.000000 -1.000000
vn -0.388714 0.138220 0.910932
vn -0.388715 0.138216 0.910932
vn 0.000000 -1.000000 0.000000
vn -0.388709 0.138211 0.910935
vn -0.388712 0.138211 0.910934
vn -0.388713 0.138211 0.910933
vn -0.388715 0.138211 0.910933
vn -0.388711 0.138213 0.910934
vn -0.388712 0.138213 0.910934
vn -0.388717 0.138207 0.910933
vn -0.388714 0.138213 0.910933
vn -0.388718 0.138210 0.910932
vn 0.000000 -1.000000 0.000000
vn 0.000000 -1.000000 0.000000
vn 0.000000 -1.000000 0.000000
vn 0.000000 0.000000 -1.000000
vn 0.000000 0.000000 -1.000000
vn 0.000000 0.000000 -1.000000
vn 0.000000 0.000000 -1.000000
vn 0.000000 0.000000 -1.000000
vn 0.000000 0.000000 -1.000000
vn 0.000000 0.000000 -1.000000
vn 0.000000 0.000000 -1.000000
vn 0.000000 0.000000 -1.000000
vn 0.000000 0.000000 -1.000000
vn -0.946606 -0.063828 0.316010
vn -0.946606 -0.063828 0.316012
vn -0.946608 -0.063827 0.316005
vn -0.946609 -0.063826 0.316003
vn -0.946609 -0.063825 0.316001
vn 0.000000 -1.000000 0.000000
vn 0.000000 -1.000000 0.000000
vn 0.000000 -1.000000 0.000000
vn 0.933891 -0.103181 0.342346
vn 0.933891 -0.103183 0.342347
vn 0.933892 -0.103183 0.342345
vn 0.933890 -0.103182 0.342351
vn 0.933893 -0.103193 0.342337
vn 0.933890 -0.103186 0.342347
vn 0.933890 -0.103185 0.342347
vn 0.933905 -0.103194 0.342303
vn 0.933883 -0.103172 0.342371
vn 0.933891 -0.103185 0.342345
vn 0.933893 -0.103174 0.342344
vn 0.933892 -0.103181 0.342345
vn 0.933887 -0.103179 0.342357
vn 0.933890 -0.103187 0.342349
vn 0.933898 -0.103173 0.342330
vn 0.933889 -0.103187 0.342350
vn 0.933884 -0.103192 0.342361
vn 0.933894 -0.103181 0.342340
vn 0.933885 -0.103181 0.342364
vn 0.933886 -0.103179 0.342360
vn 0.933913 -0.103151 0.342295
vn 0.933909 -0.103151 0.342306
vn 0.933891 -0.103183 0.342347
vn 0.933894 -0.103188 0.342335
vn 0.933894 -0.103195 0.342334
vn 0.933890 -0.103181 0.342350
vn 0.933891 -0.103185 0.342344
vn 0.933891 -0.103183 0.342346
vn 0.933891 -0.103166 0.342353
vn 0.933890 -0.103182 0.342348
vn 0.933890 -0.103186 0.342348
vn 0.933889 -0.103192 0.342350
vn 0.933890 -0.103183 0.342348
vn 0.933892 -0.103186 0.342342
vn 0.933891 -0.103186 0.342345
vn 0.933891 -0.103183 0.342345
vn 0.933890 -0.103183 0.342348
vn 0.933890 -0.103181 0.342349
vn 0.933893 -0.103179 0.342342
vn 0.933891 -0.103184 0.342346
vn 0.933892 -0.103194 0.342339
vn 0.933889 -0.103181 0.342352
vn 0.933892 -0.103188 0.342343
vn 0.933892 -0.103188 0.342343
s 1
g solidShatter1 shard17
usemtl shatterInteriorSG1
f 2594/6265/4454 2595/6264/4455 2597/6262/4456
f 2595/6264/4455 2596/6263/4457 2597/6262/4456
f 2598/6269/4458 2599/6268/4459 2595/6266/4455
f 2599/6268/4459 2596/6267/4457 2595/6266/4455
f 2600/6273/4460 2601/6272/4461 2598/6270/4458
f 2601/6272/4461 2599/6271/4459 2598/6270/4458
f 2606/6277/4462 2607/6276/4463 2605/6278/4464
f 2605/6278/4464 2607/6276/4463 2604/6279/4465
f 2607/6276/4463 2608/6275/4466 2604/6279/4465
f 2608/6275/4466 2609/6274/4467 2604/6279/4465
f 2604/6279/4465 2609/6274/4467 2603/6280/4468
f 2609/6274/4467 2602/6283/4469 2603/6280/4468
f 2602/6283/4469 2601/6282/4461 2603/6280/4468
f 2601/6282/4461 2600/6281/4460 2603/6280/4468
f 2607/6287/4463 2606/6286/4462 2611/6288/4470
f 2613/6284/4471 2610/6289/4472 2612/6285/4473
f 2612/6285/4473 2610/6289/4472 2606/6286/4462
f 2610/6289/4472 2611/6288/4470 2606/6286/4462
f 2612/6294/4473 2615/6293/4474 2613/6295/4471
f 2613/6295/4471 2615/6293/4474 2614/6296/4475
f 2615/6293/4474 2616/6292/4476 2614/6296/4475
f 2618/6290/4477 2614/6296/4475 2617/6291/4478
f 2614/6296/4475 2616/6292/4476 2617/6291/4478
f 2617/6299/4478 2619/6298/4479 2618/6300/4477
f 2618/6300/4477 2619/6298/4479 2620/6297/4480
s 6
f 2625/6072/4481 2626/6028/4482 2624/6071/4483
f 2626/6028/4482 2621/6261/4484 2624/6071/4483
f 2621/6261/4484 2622/6260/4485 2624/6071/4483
f 2622/6260/4485 2623/6259/4486 2624/6071/4483
f 2627/6258/4487 2621/6257/4484 2626/6028/4482
f 2628/6256/4488 2627/6255/4487 2626/6028/4482
f 2629/6254/4489 2630/6253/4490 2631/6027/4491
f 2626/6028/4482 2631/6027/4491 2628/6252/4488
f 2630/6253/4490 2628/6252/4488 2631/6027/4491
f 2632/6251/4492 2629/6250/4489 2633/6026/4493
f 2633/6026/4493 2629/6250/4489 2631/6027/4491
f 2635/6068/4494 2636/6070/4495 2633/6026/4493
f 2632/6248/4492 2633/6026/4493 2634/6249/4496
f 2634/6249/4496 2633/6026/4493 2637/6069/4497
f 2633/6026/4493 2636/6070/4495 2637/6069/4497
usemtl initialShadingGroup
f 2638/6247/4498 2634/6246/4496 2637/6077/4497
f 2640/6243/4499 2639/6245/4500 2636/6078/4495
f 2638/6244/4498 2637/6079/4497 2639/6245/4500
f 2639/6245/4500 2637/6079/4497 2636/6078/4495
f 2642/6081/4501 2641/6242/4502 2635/6082/4494
f 2636/6080/4495 2635/6082/4494 2640/6241/4499
f 2641/6242/4502 2640/6241/4499 2635/6082/4494
f 2643/6240/4503 2641/6239/4502 2644/6083/4504
f 2644/6083/4504 2641/6239/4502 2642/6084/4501
f 2646/6085/4505 2647/6236/4506 2644/6086/4504
f 2647/6236/4506 2645/6238/4507 2644/6086/4504
f 2645/6238/4507 2643/6237/4503 2644/6086/4504
s 11
f 2650/6233/4508 2651/6232/4509 2649/6087/4510
f 2651/6232/4509 2648/6235/4511 2649/6087/4510
f 2649/6087/4510 2648/6235/4511 2646/6088/4512
f 2648/6235/4511 2647/6234/4513 2646/6088/4512
f 2652/6231/4514 2650/6230/4508 2654/5994/4515
f 2649/6090/4510 2653/6089/4516 2650/6230/4508
f 2650/6230/4508 2653/6089/4516 2654/5994/4515
s 13
f 2655/6229/4517 2652/6228/4518 2654/5994/4519
f 2656/6227/4520 2655/6226/4517 2657/5991/4521
f 2657/5991/4521 2655/6226/4517 2654/5994/4519
f 2656/6223/4520 2657/5991/4521 2659/6224/4522
f 2658/6225/4523 2659/6224/4522 2657/5991/4521
f 2660/6222/4524 2658/6221/4523 2661/5988/4525
f 2661/5988/4525 2658/6221/4523 2657/5991/4521
f 2662/6220/4526 2660/6219/4524 2661/5988/4525
f 2663/6218/4527 2662/6217/4526 2664/5986/4528
f 2662/6217/4526 2661/5988/4525 2664/5986/4528
f 2666/6214/4529 2665/6216/4530 2664/5986/4528
f 2665/6216/4530 2663/6215/4527 2664/5986/4528
f 2667/6213/4531 2666/6212/4529 2668/5984/4532
f 2666/6212/4529 2664/5986/4528 2668/5984/4532
f 2671/5982/4533 2672/6208/4534 2668/5984/4532
f 2672/6208/4534 2669/6211/4535 2668/5984/4532
f 2669/6211/4535 2670/6210/4536 2668/5984/4532
f 2670/6210/4536 2667/6209/4531 2668/5984/4532
f 2673/6207/4537 2672/6206/4534 2671/5982/4533
f 2674/6205/4538 2673/6204/4537 2671/5982/4533
f 2675/6203/4539 2674/6202/4538 2676/5979/4540
f 2676/5979/4540 2674/6202/4538 2671/5982/4533
f 2677/6201/4541 2675/6200/4539 2676/5979/4540
f 2679/6023/4542 2680/6024/4543 2676/5979/4540
f 2676/5979/4540 2680/6024/4543 2677/6198/4541
f 2678/6199/4544 2677/6198/4541 2680/6024/4543
s 15
usemtl shatterInteriorSG1
f 2681/6197/4545 2678/6196/4546 2680/6011/4547
f 2681/6194/4545 2680/6006/4547 2684/6195/4548
f 2680/6006/4547 2679/6010/4549 2684/6195/4548
f 2679/6010/4549 2685/6009/4550 2684/6195/4548
f 2685/6009/4550 2686/6008/4551 2684/6195/4548
f 2686/6008/4551 2687/6007/4552 2684/6195/4548
f 2687/6007/4552 2616/6302/4553 2684/6195/4548
f 2616/6302/4553 2615/6301/4554 2684/6195/4548
f 2615/6301/4554 2625/6075/4555 2684/6195/4548
f 2684/6195/4548 2625/6075/4555 2683/6192/4556
f 2683/6192/4556 2625/6075/4555 2682/6193/4557
f 2625/6075/4555 2624/6074/4558 2682/6193/4557
f 2623/6191/4559 2682/6190/4557 2624/6076/4558
s 6
f 2615/6303/4560 2612/6306/4561 2625/6073/4481
f 2605/6304/4562 2626/6028/4482 2606/6305/4563
f 2606/6305/4563 2626/6028/4482 2612/6306/4561
f 2612/6306/4561 2626/6028/4482 2625/6073/4481
f 2604/6307/4564 2631/6027/4491 2605/6308/4562
f 2605/6308/4562 2631/6027/4491 2626/6028/4482
f 2631/6027/4491 2691/6030/4565 2633/6026/4493
f 2691/6030/4565 2688/6033/4566 2633/6026/4493
f 2690/6031/4567 2633/6026/4493 2689/6032/4568
f 2688/6033/4566 2689/6032/4568 2633/6026/4493
f 2692/6065/4569 2653/6064/4570 2633/6026/4493
f 2646/6062/4505 2644/6061/4504 2649/6063/4571
f 2635/6066/4494 2633/6026/4493 2642/6067/4501
f 2642/6067/4501 2633/6026/4493 2644/6061/4504
f 2649/6063/4571 2644/6061/4504 2653/6064/4570
f 2633/6026/4493 2653/6064/4570 2644/6061/4504
s 11
usemtl initialShadingGroup
f 2653/6092/4516 2692/6091/4572 2654/5994/4515
f 2694/6093/4573 2654/5994/4515 2693/6094/4574
f 2693/6094/4574 2654/5994/4515 2692/6091/4572
s 13
f 2695/5993/4575 2657/5991/4521 2654/5994/4519
f 2696/5990/4576 2661/5988/4525 2657/5991/4521
f 2697/5987/4577 2664/5986/4528 2661/5988/4525
f 2698/5985/4578 2668/5984/4532 2664/5986/4528
f 2699/5981/4579 2671/5982/4533 2668/5984/4532
f 2699/5981/4579 2676/5979/4540 2671/5982/4533
f 2685/6022/4580 2679/6021/4542 2700/5978/4581
f 2679/6021/4542 2676/5979/4540 2700/5978/4581
f 2685/6019/4580 2700/5978/4581 2686/6020/4582
f 2686/6020/4582 2700/5978/4581 2701/5977/4583
f 2702/6016/4584 2687/6018/4585 2701/5977/4583
f 2687/6018/4585 2686/6017/4582 2701/5977/4583
s 15
usemtl shatterInteriorSG1
f 2687/6002/4552 2702/6005/4586 2616/6309/4553
f 2702/6005/4586 2703/6004/4587 2616/6309/4553
f 2703/6004/4587 2704/6003/4588 2616/6309/4553
f 2619/6311/4589 2617/6310/4590 2704/6003/4588
f 2617/6310/4590 2616/6309/4553 2704/6003/4588
s 6
f 2604/6313/4564 2603/6312/4591 2631/6027/4491
s 13
usemtl initialShadingGroup
f 2689/6131/4592 2688/6130/4593 2706/5983/4594
f 2706/5983/4594 2688/6130/4593 2705/5980/4595
f 2689/6128/4592 2706/5983/4594 2690/6129/4596
f 2690/6129/4596 2706/5983/4594 2707/6127/4597
s 6
usemtl shatterInteriorSG1
f 2690/6034/4567 2707/6038/4598 2633/6026/4493
f 2707/6038/4598 2708/6037/4599 2633/6026/4493
f 2711/6025/4600 2633/6026/4493 2710/6035/4601
f 2710/6035/4601 2633/6026/4493 2709/6036/4602
f 2708/6037/4599 2709/6036/4602 2633/6026/4493
f 2691/6029/4565 2631/6027/4491 2594/6315/4603
f 2603/6314/4591 2600/6318/4604 2631/6027/4491
f 2600/6318/4604 2598/6317/4605 2631/6027/4491
f 2598/6317/4605 2595/6316/4606 2631/6027/4491
f 2595/6316/4606 2594/6315/4603 2631/6027/4491
s 13
usemtl initialShadingGroup
f 2688/6132/4593 2691/6133/4607 2705/5980/4595
f 2691/6133/4607 2594/6320/4608 2705/5980/4595
f 2594/6320/4608 2597/6319/4609 2705/5980/4595
s 6
usemtl shatterInteriorSG1
f 2692/6060/4569 2633/6026/4493 2693/6059/4610
f 2693/6059/4610 2633/6026/4493 2711/6025/4600
f 2693/6055/4610 2711/6025/4600 2694/6056/4611
f 2694/6056/4611 2711/6025/4600 2713/6057/4612
f 2713/6057/4612 2711/6025/4600 2712/6058/4613
f 2712/6058/4613 2711/6025/4600 2714/6054/4614
s 11
usemtl initialShadingGroup
f 2713/6095/4615 2695/5993/4616 2694/6096/4573
f 2694/6096/4573 2695/5993/4616 2654/5994/4515
s 13
f 2696/5990/4576 2657/5991/4521 2695/5993/4575
f 2697/5987/4577 2661/5988/4525 2696/5990/4576
f 2698/5985/4578 2664/5986/4528 2697/5987/4577
f 2706/5983/4594 2668/5984/4532 2698/5985/4578
f 2706/5983/4594 2699/5981/4579 2668/5984/4532
f 2700/5978/4581 2676/5979/4540 2699/5981/4579
f 2609/6322/4617 2608/6321/4618 2700/5978/4581
f 2700/5978/4581 2608/6321/4618 2701/5977/4583
f 2701/5977/4583 2610/6323/4619 2702/6014/4584
f 2610/6323/4619 2613/6325/4620 2702/6014/4584
f 2702/6014/4584 2613/6325/4620 2703/6015/4621
f 2613/6325/4620 2614/6324/4622 2703/6015/4621
f 2703/6012/4621 2614/6326/4622 2704/6013/4623
f 2620/6327/4624 2704/6013/4623 2618/6328/4625
f 2618/6328/4625 2704/6013/4623 2614/6326/4622
s 15
usemtl shatterInteriorSG1
f 2620/6330/4626 2619/6329/4589 2704/6001/4588
s 13
usemtl initialShadingGroup
f 2611/6332/4627 2610/6331/4619 2701/5977/4583
f 2611/6334/4627 2701/5977/4583 2607/6335/4628
f 2607/6335/4628 2701/5977/4583 2608/6333/4618
f 2602/6338/4629 2705/5980/4595 2601/6339/4630
f 2597/6337/4609 2596/6336/4631 2705/5980/4595
f 2596/6336/4631 2599/6340/4632 2705/5980/4595
f 2599/6340/4632 2601/6339/4630 2705/5980/4595
f 2705/5980/4595 2699/5981/4579 2706/5983/4594
f 2708/6126/4633 2707/6125/4597 2698/5985/4578
f 2698/5985/4578 2707/6125/4597 2706/5983/4594
f 2709/6124/4634 2708/6123/4633 2698/5985/4578
f 2715/6120/4635 2710/6122/4636 2697/5987/4577
f 2710/6122/4636 2709/6121/4634 2697/5987/4577
f 2709/6121/4634 2698/5985/4578 2697/5987/4577
s 6
usemtl shatterInteriorSG1
f 2716/6040/4637 2711/6025/4600 2715/6041/4638
f 2715/6041/4638 2711/6025/4600 2710/6039/4601
s 11
usemtl initialShadingGroup
f 2713/6098/4615 2712/6097/4639 2695/5993/4616
s 6
usemtl shatterInteriorSG1
f 2714/6045/4614 2711/6025/4600 2724/6046/4640
f 2711/6025/4600 2725/6044/4641 2724/6046/4640
f 2725/6044/4641 2717/6053/4642 2724/6046/4640
f 2717/6053/4642 2718/6052/4643 2724/6046/4640
f 2718/6052/4643 2719/6051/4644 2724/6046/4640
f 2719/6051/4644 2720/6050/4645 2724/6046/4640
f 2720/6050/4645 2721/6049/4646 2724/6046/4640
f 2724/6046/4640 2721/6049/4646 2723/6047/4647
f 2721/6049/4646 2722/6048/4648 2723/6047/4647
s 11
usemtl initialShadingGroup
f 2726/5992/4649 2695/5993/4616 2724/6100/4650
f 2724/6100/4650 2695/5993/4616 2714/6101/4651
f 2714/6101/4651 2695/5993/4616 2712/6099/4639
s 13
f 2726/5992/4652 2696/5990/4576 2695/5993/4575
f 2727/5989/4653 2697/5987/4577 2696/5990/4576
f 2705/5980/4595 2700/5978/4581 2699/5981/4579
f 2602/6342/4629 2609/6341/4617 2705/5980/4595
f 2705/5980/4595 2609/6341/4617 2700/5978/4581
f 2727/5989/4653 2717/6119/4654 2697/5987/4577
f 2717/6119/4654 2725/6118/4655 2697/5987/4577
f 2725/6118/4655 2716/6117/4656 2697/5987/4577
f 2716/6117/4656 2715/6116/4635 2697/5987/4577
s 6
usemtl shatterInteriorSG1
f 2725/6043/4641 2711/6025/4600 2716/6042/4637
s 13
usemtl initialShadingGroup
f 2718/6115/4657 2717/6114/4654 2727/5989/4653
f 2719/6113/4658 2718/6112/4657 2727/5989/4653
f 2727/5989/4653 2726/5992/4652 2719/6110/4658
f 2719/6110/4658 2726/5992/4652 2720/6111/4659
f 2728/5999/4660 2729/6000/4661 2726/5992/4652
f 2720/6111/4659 2726/5992/4652 2729/6000/4661
s 27
usemtl shatterInteriorSG1
f 2721/6109/4662 2720/6108/4663 2729/5997/4664
f 2721/6106/4662 2729/5995/4664 2722/6107/4665
f 2722/6107/4665 2729/5995/4664 2728/5996/4666
s 11
usemtl initialShadingGroup
f 2722/6104/4667 2728/5998/4668 2723/6105/4669
f 2723/6105/4669 2728/5998/4668 2726/5992/4649
f 2724/6103/4650 2723/6102/4669 2726/5992/4649
s 13
f 2727/5989/4653 2696/5990/4576 2726/5992/4652
s 29
usemtl shatterInteriorSG1
f 2630/6189/4670 2730/6134/4671 2628/6183/4672
f 2683/6187/4673 2622/6186/4674 2684/6188/4675
f 2628/6183/4672 2730/6134/4671 2627/6184/4676
f 2730/6134/4671 2684/6188/4675 2627/6184/4676
f 2627/6184/4676 2684/6188/4675 2621/6185/4677
f 2684/6188/4675 2622/6186/4674 2621/6185/4677
f 2683/6179/4673 2682/6182/4678 2622/6180/4674
f 2682/6182/4678 2623/6181/4679 2622/6180/4674
f 2677/6176/4680 2681/6174/4681 2684/6173/4675
f 2678/6175/4682 2681/6174/4681 2677/6176/4680
f 2675/6177/4683 2677/6176/4680 2684/6173/4675
f 2674/6178/4684 2675/6177/4683 2684/6173/4675
f 2673/6170/4685 2674/6178/4684 2684/6173/4675
f 2672/6171/4686 2673/6170/4685 2684/6173/4675
f 2669/6172/4687 2672/6171/4686 2684/6173/4675
f 2730/6134/4671 2669/6172/4687 2684/6173/4675
f 2669/6169/4687 2730/6134/4671 2670/6168/4688
f 2665/6164/4689 2666/6167/4690 2730/6134/4671
f 2666/6167/4690 2667/6166/4691 2730/6134/4671
f 2667/6166/4691 2670/6165/4688 2730/6134/4671
f 2730/6134/4671 2731/6135/4692 2665/6160/4689
f 2665/6160/4689 2731/6135/4692 2663/6161/4693
f 2663/6161/4693 2731/6135/4692 2662/6162/4694
f 2662/6162/4694 2731/6135/4692 2660/6163/4695
f 2660/6163/4695 2731/6135/4692 2658/6158/4696
f 2731/6135/4692 2659/6159/4697 2658/6158/4696
f 2659/6157/4697 2731/6135/4692 2656/6152/4698
f 2656/6152/4698 2731/6135/4692 2655/6153/4699
f 2655/6153/4699 2731/6135/4692 2652/6154/4700
f 2651/6156/4701 2650/6155/4702 2731/6135/4692
f 2731/6135/4692 2650/6155/4702 2652/6154/4700
f 2651/6151/4701 2731/6135/4692 2648/6150/4703
f 2647/6149/4704 2648/6148/4703 2645/6147/4705
f 2645/6147/4705 2648/6148/4703 2731/6135/4692
f 2639/6142/4706 2640/6146/4707 2731/6135/4692
f 2640/6146/4707 2641/6145/4708 2731/6135/4692
f 2641/6145/4708 2643/6144/4709 2731/6135/4692
f 2643/6144/4709 2645/6143/4705 2731/6135/4692
f 2731/6135/4692 2730/6134/4671 2639/6140/4706
f 2639/6140/4706 2730/6134/4671 2638/6141/4710
f 2638/6141/4710 2730/6134/4671 2634/6136/4711
f 2634/6136/4711 2730/6134/4671 2632/6137/4712
f 2632/6137/4712 2730/6134/4671 2629/6138/4713
f 2730/6134/4671 2630/6139/4670 2629/6138/4713
g default
v 7.353195 5.162256 -0.500000
v 7.146935 5.262922 -0.500000
v 7.017632 5.326032 -0.500000
v 7.353195 5.235938 -0.256858
v 6.915310 5.375971 -0.500000
v 6.628323 5.516039 -0.500000
v 6.372768 5.640766 -0.500000
v 6.109711 5.769156 -0.500000
v 6.091450 5.778068 -0.500000
v 5.712692 6.164753 0.166003
v 7.353195 5.282338 -0.103744
v 5.591095 6.022274 -0.500000
v 5.392334 6.119280 -0.500000
v 5.101624 6.261166 -0.500000
v 5.004391 6.354919 -0.347219
v 5.814297 5.913336 -0.500000
v 4.895752 6.459675 -0.176515
v 4.556805 6.786497 0.356065
v 5.334190 6.450701 0.500000
v 5.392334 6.422321 0.500000
v 5.522751 6.358671 0.500000
v 4.465202 6.874823 0.500000
v 6.173645 6.040995 0.500000
v 5.865108 6.191580 0.500000
v 7.165970 5.556676 0.500000
v 7.353195 5.365532 0.170784
v 6.372768 5.943810 0.500000
v 6.435204 5.913336 0.500000
v 7.353195 5.375971 0.205230
v 7.353195 5.465299 0.500000
v 7.353195 0.930967 0.500000
v 7.353195 1.013412 0.381578
v 7.353195 1.077047 0.500000
v 7.353195 1.077047 0.290170
v 7.353195 2.689144 0.500000
v 7.353195 2.151779 -0.500000
v 7.353195 2.689144 -0.500000
v 7.256454 1.130070 0.500000
v 7.282219 1.077047 0.500000
v 7.304947 1.030258 0.500000
v 7.098289 2.151779 -0.500000
v 6.945709 2.465805 -0.500000
v 6.843792 2.675562 -0.500000
v 6.837196 2.689144 -0.500000
v 7.156174 1.449738 0.337276
v 7.353195 1.149658 0.185875
v 7.353195 1.316687 -0.054048
v 7.353195 1.614412 0.500000
v 6.694489 2.751513 -0.167705
v 7.353195 3.226509 0.500000
v 7.353195 3.226509 -0.500000
v 6.739525 2.890161 -0.500000
v 7.353195 2.151779 0.500000
v 7.021122 1.614412 0.500000
v 7.083065 1.486931 0.500000
v 7.353195 1.627151 -0.500000
v 7.151894 2.041449 -0.500000
v 7.126900 2.092899 -0.500000
v 7.353195 1.349518 -0.101205
v 7.353195 1.614414 -0.481702
v 7.353195 1.619963 -0.489673
v 7.353195 3.763874 0.500000
v 6.576099 3.226509 -0.500000
v 6.372768 3.763874 0.500000
v 6.372768 3.226509 0.500000
v 6.498932 2.689144 0.500000
v 6.544727 2.594894 0.500000
v 6.760029 2.151779 0.500000
v 6.900589 1.862482 0.500000
v 6.944427 1.772257 0.500000
v 7.353195 3.763875 -0.500000
v 6.372768 4.301240 0.500000
v 7.353195 4.301240 0.500000
v 6.533340 3.314517 -0.500000
v 5.833000 4.059715 0.500000
v 5.976746 3.763874 0.500000
v 6.188866 3.327305 0.500000
v 6.237839 3.226509 0.500000
v 6.372768 2.948807 0.500000
v 6.394478 2.904125 0.500000
v 6.372768 4.838605 0.500000
v 6.390682 3.608126 -0.500000
v 6.372768 3.644992 -0.500000
v 6.372768 3.763875 -0.500000
v 6.327152 3.738873 -0.500000
v 6.315006 3.763875 -0.500000
v 5.715649 4.301240 0.500000
v 5.825623 4.074905 0.500000
v 7.353195 4.301240 -0.500000
v 7.353195 4.838605 0.500000
v 5.392334 5.375970 0.500000
v 6.372768 5.375970 0.500000
v 5.121277 5.524538 0.500000
v 5.193462 5.375970 0.500000
v 5.392334 4.966661 0.500000
v 5.454556 4.838605 0.500000
v 5.477139 4.792125 0.500000
v 6.155209 4.092754 -0.500000
v 6.120968 4.163230 -0.500000
v 6.372768 4.301240 -0.500000
v 5.514267 4.715708 0.500000
v 5.705894 4.321318 0.500000
v 6.053913 4.301240 -0.500000
v 5.392334 5.913336 0.500000
v 4.932365 5.913336 0.500000
v 5.017311 5.738512 0.500000
v 5.181065 5.655211 0.135550
v 6.008087 4.395548 -0.500000
v 5.914780 4.587587 -0.500000
v 5.792816 4.838605 -0.500000
v 6.372768 4.838605 -0.500000
v 7.353195 4.838605 -0.500000
v 7.353195 5.375970 0.500000
v 6.372768 5.913336 0.500000
v 4.765411 6.256950 0.500000
v 4.706810 6.377558 0.500000
v 5.296223 5.860657 -0.500000
v 5.270626 5.913336 -0.500000
v 5.392334 5.913336 -0.500000
v 5.392334 5.662847 -0.500000
v 5.466625 5.509949 -0.500000
v 5.502411 5.436301 -0.500000
v 5.531723 5.375971 -0.500000
v 5.708595 5.011944 -0.500000
v 6.372768 5.375971 -0.500000
v 4.671272 6.450701 0.500000
vt 0.625000 0.033333
vt 0.625000 0.050000
vt 0.625000 0.066667
vt 0.625000 0.083333
vt 0.608333 0.100000
vt 0.625000 0.100000
vt 0.608333 0.116667
vt 0.625000 0.116667
vt 0.608333 0.133333
vt 0.625000 0.133333
vt 0.608333 0.150000
vt 0.625000 0.150000
vt 0.591667 0.166667
vt 0.608333 0.166667
vt 0.625000 0.166667
vt 0.591667 0.183333
vt 0.608333 0.183333
vt 0.591667 0.566667
vt 0.608333 0.583333
vt 0.608333 0.600000
vt 0.625000 0.600000
vt 0.608333 0.616667
vt 0.625000 0.616667
vt 0.608333 0.633333
vt 0.625000 0.633333
vt 0.625000 0.650000
vt 0.625000 0.666667
vt 0.625000 0.683333
vt 0.875000 0.066667
vt 0.875000 0.083333
vt 0.875000 0.100000
vt 0.875000 0.116667
vt 0.875000 0.133333
vt 0.875000 0.150000
vt 0.525000 0.425000
vt 0.525000 0.450000
vt 0.500000 0.500000
vt 0.524323 0.418705
vt 0.524683 0.417769
vt 0.525000 0.416944
vt 0.521902 0.425000
vt 0.521037 0.427249
vt 0.521902 0.425000
vt 0.519967 0.430033
vt 0.513747 0.446208
vt 0.514386 0.444545
vt 0.517392 0.436728
vt 0.519355 0.431625
vt 0.519967 0.430033
vt 0.512289 0.450000
vt 0.504450 0.470385
vt 0.506457 0.465166
vt 0.509418 0.457465
vt 0.510102 0.455687
vt 0.511986 0.450788
vt 0.512289 0.450000
vt 0.504347 0.470653
vt 0.494513 0.496225
vt 0.495521 0.493605
vt 0.498298 0.486384
vt 0.499166 0.484125
vt 0.499482 0.483305
vt 0.500000 0.481957
vt 0.493062 0.500000
vt 0.489545 0.509145
vt 0.491876 0.503084
vt 0.493062 0.500000
vt 0.488727 0.511273
vt 0.488231 0.512563
vt 0.488727 0.511273
vt 0.511062 0.502697
vt 0.509720 0.506187
vt 0.509363 0.507116
vt 0.512099 0.500000
vt 0.518356 0.483729
vt 0.516653 0.488157
vt 0.515477 0.491215
vt 0.513008 0.497637
vt 0.512599 0.498701
vt 0.512099 0.500000
vt 0.519659 0.480341
vt 0.521235 0.476243
vt 0.520298 0.478678
vt 0.519659 0.480341
vt 0.500000 0.481957
vt 0.502675 0.475000
vt 0.521713 0.475000
vt 0.524750 0.467101
vt 0.524113 0.468757
vt 0.523944 0.469198
vt 0.521713 0.475000
vt 0.502675 0.475000
vt 0.502811 0.474646
vt 0.504347 0.470653
vt 0.525000 0.466451
vt 0.531234 0.450240
vt 0.529870 0.453786
vt 0.527589 0.459719
vt 0.526992 0.461272
vt 0.525000 0.466451
vt 0.531326 0.450000
vt 0.534879 0.440760
vt 0.532749 0.446300
vt 0.531326 0.450000
vt 0.535278 0.439722
vt 0.535627 0.438814
vt 0.535278 0.439722
vt 0.533347 0.425000
vt 0.538204 0.431207
vt 0.538306 0.431337
vt 0.538438 0.431506
vt 0.532746 0.424231
vt 0.533348 0.425000
vt 0.529683 0.420317
vt 0.529683 0.420317
vt 0.525000 0.416944
vt 0.525674 0.415193
vt 0.527185 0.417124
vt 0.528352 0.418615
vt 0.763512 0.040766
vt 0.870426 0.050000
vt 0.775301 0.041784
vt 0.872418 0.050172
vt 0.870426 0.050000
vt 0.875000 0.050395
vt 0.872418 0.050172
vt 0.621578 0.686755
vt 0.625000 0.699605
vt 0.620667 0.683333
vt 0.621153 0.685159
vt 0.621578 0.686755
vt 0.618073 0.673594
vt 0.620667 0.683333
vt 0.616228 0.666667
vt 0.616341 0.667088
vt 0.618073 0.673594
vt 0.614568 0.660432
vt 0.616228 0.666667
vt 0.611790 0.650000
vt 0.614568 0.660432
vt 0.611063 0.647270
vt 0.611790 0.650000
vt 0.608333 0.637020
vt 0.608638 0.638164
vt 0.611063 0.647270
vt 0.607558 0.634109
vt 0.608333 0.637020
vt 0.607351 0.633333
vt 0.607558 0.634109
vt 0.604053 0.620947
vt 0.604635 0.623133
vt 0.607351 0.633333
vt 0.602913 0.616667
vt 0.604053 0.620947
vt 0.600548 0.607785
vt 0.602134 0.613742
vt 0.602913 0.616667
vt 0.598475 0.600000
vt 0.600548 0.607785
vt 0.597043 0.594624
vt 0.598475 0.600000
vt 0.594036 0.583333
vt 0.597043 0.594624
vt 0.593538 0.581462
vt 0.594036 0.583333
vt 0.591667 0.574436
vt 0.592930 0.579178
vt 0.593538 0.581462
vt 0.590033 0.568300
vt 0.591667 0.574436
vt 0.589598 0.566667
vt 0.590033 0.568300
vt 0.589598 0.566667
vt 0.579409 0.200000
vt 0.581009 0.193991
vt 0.580013 0.197731
vt 0.579409 0.200000
vt 0.583847 0.183333
vt 0.581009 0.193991
vt 0.587059 0.171275
vt 0.585292 0.177911
vt 0.583847 0.183333
vt 0.588286 0.166667
vt 0.587059 0.171275
vt 0.591667 0.153972
vt 0.588286 0.166667
vt 0.592724 0.150000
vt 0.591667 0.153972
vt 0.593108 0.148558
vt 0.592724 0.150000
vt 0.593108 0.148558
vt 0.597163 0.133333
vt 0.596997 0.133956
vt 0.593739 0.146188
vt 0.599158 0.125842
vt 0.599032 0.126313
vt 0.597163 0.133333
vt 0.601601 0.116667
vt 0.599158 0.125842
vt 0.605207 0.103126
vt 0.601601 0.116667
vt 0.606040 0.100000
vt 0.605207 0.103126
vt 0.608333 0.091387
vt 0.606040 0.100000
vt 0.610478 0.083333
vt 0.608702 0.090001
vt 0.608333 0.091387
vt 0.611257 0.080410
vt 0.610478 0.083333
vt 0.614917 0.066667
vt 0.611257 0.080410
vt 0.617306 0.057694
vt 0.614917 0.066667
vt 0.619355 0.050000
vt 0.618051 0.054896
vt 0.617306 0.057694
vt 0.623355 0.034978
vt 0.620408 0.046046
vt 0.619355 0.050000
vt 0.623793 0.033333
vt 0.623356 0.034978
vt 0.625000 0.028803
vt 0.624180 0.031882
vt 0.623793 0.033333
vt 0.654606 0.031360
vt 0.625000 0.028803
vt 0.677457 0.033333
vt 0.654606 0.031360
vt 0.677457 0.033333
vt 0.763512 0.040766
vt 0.703531 0.035585
vt 0.500000 0.500000
vt 0.478700 0.525000
vt 0.485909 0.525000
vt 0.483942 0.526453
vt 0.480804 0.528772
vt 0.477375 0.522625
vt 0.500000 0.514589
vt 0.499722 0.514794
vt 0.495720 0.517751
vt 0.491832 0.520624
vt 0.487466 0.523850
vt 0.485909 0.525000
vt 0.478700 0.525000
vt 0.504217 0.511474
vt 0.500000 0.514589
vt 0.515217 0.500000
vt 0.515059 0.503463
vt 0.510636 0.506731
vt 0.507612 0.508965
vt 0.515217 0.500000
vt 0.515941 0.484059
vt 0.515392 0.496131
vt 0.516090 0.480796
vt 0.515941 0.484059
vt 0.500000 0.492684
vt 0.501984 0.491218
vt 0.502869 0.490564
vt 0.494791 0.496532
vt 0.500000 0.492684
vt 0.490097 0.500000
vt 0.486118 0.502940
vt 0.487068 0.502238
vt 0.490097 0.500000
vt 0.477375 0.522625
vt 0.475000 0.518366
vt 0.475000 0.511154
vt 0.472152 0.513259
vt 0.475000 0.511154
vt 0.475000 0.518366
vt 0.474702 0.517832
vt 0.599703 0.191963
vt 0.604948 0.187293
vt 0.608333 0.184278
vt 0.591667 0.199120
vt 0.593884 0.197146
vt 0.599703 0.191963
vt 0.590678 0.200000
vt 0.591667 0.199120
vt 0.575906 0.213154
vt 0.590678 0.200000
vt 0.500000 0.515449
vt 0.488470 0.519067
vt 0.485354 0.520045
vt 0.507003 0.513252
vt 0.503696 0.514290
vt 0.500000 0.515449
vt 0.591667 0.560279
vt 0.586725 0.555879
vt 0.595045 0.563288
vt 0.591667 0.560279
vt 0.598840 0.566667
vt 0.595046 0.563288
vt 0.603862 0.571138
vt 0.603551 0.570862
vt 0.598840 0.566667
vt 0.608333 0.575121
vt 0.603862 0.571138
vt 0.612678 0.578989
vt 0.608333 0.575121
vt 0.617556 0.583333
vt 0.612678 0.578989
vt 0.621494 0.586840
vt 0.619296 0.584882
vt 0.617556 0.583333
vt 0.625000 0.589962
vt 0.621494 0.586839
vt 0.775936 0.163763
vt 0.814214 0.162324
vt 0.875000 0.160038
vt 0.698693 0.166667
vt 0.707304 0.166343
vt 0.625000 0.169437
vt 0.698693 0.166667
vt 0.609395 0.183333
vt 0.621817 0.172271
vt 0.625000 0.169437
vt 0.608333 0.184278
vt 0.609395 0.183333
vn 0.423191 0.867100 -0.262768
vn 0.423200 0.867093 -0.262776
vn 0.423196 0.867097 -0.262768
vn 0.423198 0.867096 -0.262768
vn 0.423198 0.867097 -0.262767
vn 0.423198 0.867097 -0.262767
vn 0.423198 0.867097 -0.262767
vn 0.423195 0.867104 -0.262747
vn 0.423199 0.867095 -0.262772
vn 0.423199 0.867096 -0.262770
vn 0.423198 0.867097 -0.262768
vn 0.423200 0.867096 -0.262768
vn 0.423197 0.867098 -0.262766
vn 0.423199 0.867096 -0.262771
vn 0.423197 0.867097 -0.262767
vn 0.423197 0.867097 -0.262767
vn 0.423199 0.867097 -0.262766
vn 0.423199 0.867096 -0.262768
vn 0.423199 0.867097 -0.262765
vn 0.423196 0.867117 -0.262703
vn 0.423204 0.867078 -0.262820
vn 0.423199 0.867097 -0.262766
vn 0.423198 0.867097 -0.262769
vn 0.423197 0.867097 -0.262767
vn 0.423201 0.867096 -0.262764
vn 0.423206 0.867096 -0.262756
vn 0.423198 0.867097 -0.262767
vn 0.423198 0.867098 -0.262766
vn 0.423194 0.867095 -0.262778
vn 0.423195 0.867099 -0.262765
vn 1.000000 0.000000 0.000000
vn 1.000000 0.000005 0.000000
vn 1.000000 0.000000 0.000000
vn 1.000000 -0.000001 0.000000
vn 1.000000 0.000000 0.000000
vn 1.000000 0.000000 0.000000
vn 1.000000 0.000000 0.000000
vn 0.000000 0.000000 1.000000
vn 0.000000 0.000000 1.000000
vn 0.000000 0.000000 1.000000
vn 0.000000 0.000000 1.000000
vn 0.000000 0.000000 1.000000
vn 0.000000 0.000000 -1.000000
vn 0.000000 0.000000 -1.000000
vn 0.000000 0.000000 -1.000000
vn 0.000000 0.000000 -1.000000
vn 0.000000 0.000000 -1.000000
vn 0.000000 0.000000 -1.000000
vn -0.860479 -0.418134 -0.291102
vn -0.860491 -0.418111 -0.291100
vn -0.860491 -0.418111 -0.291098
vn -0.860503 -0.418101 -0.291078
vn -0.860499 -0.418108 -0.291080
vn -0.860498 -0.418109 -0.291082
vn 1.000000 0.000000 0.000000
vn 1.000000 -0.000000 0.000000
vn 1.000000 -0.000001 0.000000
vn -0.860506 -0.418098 -0.291074
vn -0.860504 -0.418101 -0.291077
vn -0.860508 -0.418087 -0.291084
vn 1.000000 0.000000 0.000000
vn 1.000000 0.000000 0.000000
vn 0.000000 0.000000 -1.000000
vn 0.000000 0.000000 -1.000000
vn 1.000000 -0.000000 0.000000
vn 0.000000 0.000000 1.000000
vn 0.000000 0.000000 1.000000
vn 0.000000 0.000000 1.000000
vn -0.860596 -0.418052 -0.290874
vn -0.860501 -0.418107 -0.291077
vn -0.860510 -0.418109 -0.291045
vn 0.000000 0.000000 -1.000000
vn 0.000000 0.000000 -1.000000
vn 0.000000 0.000000 -1.000000
vn -0.860503 -0.418100 -0.291080
vn -0.860504 -0.418119 -0.291049
vn -0.860504 -0.418105 -0.291069
vn -0.860500 -0.418103 -0.291083
vn -0.860498 -0.418110 -0.291080
vn 1.000000 0.000000 0.000000
vn 1.000000 -0.000003 0.000000
vn 1.000000 -0.000018 0.000000
vn 1.000000 0.000000 0.000000
vn -0.860502 -0.418104 -0.291076
vn 1.000000 0.000000 0.000000
vn 0.000000 0.000000 -1.000000
vn 0.000000 0.000000 1.000000
vn 0.000000 0.000000 1.000000
vn 0.000000 0.000000 1.000000
vn 0.000000 0.000000 1.000000
vn 0.000000 0.000000 1.000000
vn 0.000000 0.000000 1.000000
vn 0.000000 0.000000 1.000000
vn 0.000000 0.000000 1.000000
vn 0.000000 0.000000 1.000000
vn 0.000000 0.000000 1.000000
vn 0.000000 0.000000 1.000000
vn -0.860507 -0.418097 -0.291073
vn -0.860509 -0.418106 -0.291052
vn -0.860530 -0.418082 -0.291026
vn -0.860500 -0.418106 -0.291080
vn -0.860509 -0.418113 -0.291044
vn -0.860506 -0.418106 -0.291061
vn -0.860514 -0.418091 -0.291061
vn 1.000000 0.000000 0.000000
vn 0.000000 0.000000 1.000000
vn 0.000000 0.000000 1.000000
vn 0.000000 0.000000 -1.000000
vn 0.000000 0.000000 -1.000000
vn 0.000000 0.000000 1.000000
vn 0.000000 0.000000 1.000000
vn 0.000000 0.000000 1.000000
vn 0.000000 0.000000 1.000000
vn 0.000000 0.000000 1.000000
vn 0.000000 0.000000 1.000000
vn -0.860506 -0.418098 -0.291073
vn -0.860507 -0.418098 -0.291070
vn -0.860502 -0.418104 -0.291076
vn -0.860506 -0.418096 -0.291077
vn -0.860502 -0.418104 -0.291077
vn -0.860504 -0.418100 -0.291077
vn 1.000000 0.000000 0.000000
vn 0.000000 0.000000 1.000000
vn 0.000000 0.000000 -1.000000
vn 0.000000 0.000000 -1.000000
vn 0.000000 0.000000 -1.000000
vn 0.000000 0.000000 -1.000000
vn 0.000000 0.000000 -1.000000
vn 0.000000 0.000000 1.000000
vn 0.000000 0.000000 1.000000
vn -0.860503 -0.418103 -0.291075
vn -0.860501 -0.418060 -0.291141
vn -0.860504 -0.418107 -0.291067
vn -0.860505 -0.418099 -0.291074
vn -0.860504 -0.418096 -0.291081
vn -0.860504 -0.418100 -0.291076
vn -0.860504 -0.418101 -0.291075
vn 0.000000 0.000000 -1.000000
vn 1.000000 0.000000 0.000000
vn 0.000000 0.000000 1.000000
vn 0.000000 0.000000 1.000000
vn 0.000000 0.000000 1.000000
vn 0.000000 0.000000 1.000000
vn 0.000000 0.000000 1.000000
vn 0.000000 0.000000 1.000000
vn 0.000000 0.000000 1.000000
vn 0.000000 0.000000 1.000000
vn 0.000000 0.000000 -1.000000
vn 0.000000 0.000000 -1.000000
vn 0.000000 0.000000 -1.000000
vn 0.000000 0.000000 1.000000
vn 0.000000 0.000000 1.000000
vn -0.860499 -0.418118 -0.291065
vn -0.860504 -0.418102 -0.291073
vn -0.860504 -0.418099 -0.291076
vn -0.860504 -0.418102 -0.291074
vn -0.860503 -0.418102 -0.291075
vn -0.860503 -0.418103 -0.291074
vn 0.000000 0.000000 -1.000000
vn 1.000000 0.000000 0.000000
vn 0.000000 0.000000 1.000000
vn 0.000000 0.000000 1.000000
vn 0.000000 0.000000 1.000000
vn -0.860504 -0.418100 -0.291076
vn -0.860515 -0.418092 -0.291054
vn -0.860504 -0.418100 -0.291076
vn -0.860507 -0.418102 -0.291065
vn -0.860498 -0.418103 -0.291091
vn -0.860507 -0.418096 -0.291074
vn -0.860505 -0.418099 -0.291075
vn -0.860502 -0.418107 -0.291072
vn -0.860503 -0.418103 -0.291075
vn -0.860509 -0.418088 -0.291080
vn -0.860501 -0.418107 -0.291074
vn 0.000000 0.000000 -1.000000
vn 0.000000 0.000000 -1.000000
vn 0.000000 0.000000 -1.000000
vn 0.000000 0.000000 -1.000000
vn 0.000000 0.000000 -1.000000
vn 1.000000 -0.000000 0.000000
vn 0.000000 0.000000 1.000000
vn 0.000000 0.000000 1.000000
vn 0.000000 0.000000 1.000000
vn -0.860504 -0.418100 -0.291077
vn -0.860503 -0.418104 -0.291073
vn -0.860502 -0.418100 -0.291082
vn 0.000000 0.000000 -1.000000
vn 0.000000 0.000000 -1.000000
vn 0.000000 0.000000 -1.000000
vn 0.000000 0.000000 -1.000000
vn -0.860505 -0.418098 -0.291076
vn -0.860504 -0.418099 -0.291077
vn -0.860505 -0.418097 -0.291078
vn -0.860505 -0.418098 -0.291076
vn -0.860503 -0.418103 -0.291075
vn -0.860501 -0.418113 -0.291068
vn 0.000000 0.000000 -1.000000
vn 0.000000 0.000000 -1.000000
vn 0.000000 0.000000 -1.000000
vn 1.000000 -0.000000 0.000000
vn 0.000000 0.000000 1.000000
vn 0.000000 0.000000 1.000000
vn 0.000000 0.000000 1.000000
vn 0.000000 0.000000 1.000000
vn 0.000000 0.000000 1.000000
vn 0.000000 0.000000 1.000000
vn 0.000000 0.000000 1.000000
vn 0.000000 0.000000 1.000000
vn 0.000000 0.000000 1.000000
vn -0.860504 -0.418101 -0.291075
vn -0.860506 -0.418097 -0.291075
vn -0.860505 -0.418099 -0.291076
vn -0.860505 -0.418097 -0.291077
vn -0.860504 -0.418103 -0.291071
vn -0.860506 -0.418101 -0.291070
vn -0.860504 -0.418103 -0.291073
vn -0.860505 -0.418101 -0.291073
vn -0.860505 -0.418101 -0.291071
vn 0.000000 0.000000 -1.000000
vn 0.000000 0.000000 -1.000000
vn 0.000000 0.000000 -1.000000
vn 0.000000 0.000000 -1.000000
vn 0.000000 0.000000 -1.000000
vn 0.000000 0.000000 -1.000000
vn 0.000000 0.000000 -1.000000
vn 0.000000 0.000000 -1.000000
vn 0.000000 0.000000 -1.000000
vn 0.000000 0.000000 -1.000000
vn 0.000000 0.000000 -1.000000
vn 0.000000 0.000000 -1.000000
vn 0.000000 0.000000 -1.000000
vn 0.000000 0.000000 -1.000000
vn 1.000000 -0.000002 0.000000
vn 1.000000 0.000033 0.000000
vn 1.000000 -0.000005 0.000000
vn 1.000000 0.000000 0.000000
vn 1.000000 0.000000 0.000000
vn 1.000000 0.000000 0.000000
vn 0.000000 0.000000 1.000000
vn 0.000000 0.000000 1.000000
vn 0.000000 0.000000 1.000000
s 1
g solidShatter1 shard18
usemtl shatterInteriorSG1
f 2732/6579/4714 2733/6578/4715 2735/6576/4716
f 2735/6576/4716 2733/6578/4715 2734/6577/4717
f 2741/6575/4718 2742/6580/4719 2740/6581/4720
f 2740/6581/4720 2742/6580/4719 2739/6582/4721
f 2739/6582/4721 2742/6580/4719 2738/6583/4722
f 2738/6583/4722 2742/6580/4719 2737/6584/4723
f 2737/6584/4723 2742/6580/4719 2736/6585/4724
f 2736/6585/4724 2742/6580/4719 2734/6586/4717
f 2735/6587/4716 2734/6586/4717 2742/6580/4719
f 2740/6589/4720 2747/6588/4725 2741/6575/4718
f 2747/6588/4725 2743/6593/4726 2741/6575/4718
f 2746/6590/4727 2741/6575/4718 2745/6591/4728
f 2745/6591/4728 2741/6575/4718 2744/6592/4729
f 2743/6593/4726 2744/6592/4729 2741/6575/4718
f 2749/6595/4730 2741/6575/4718 2748/6596/4731
f 2748/6596/4731 2741/6575/4718 2746/6594/4727
f 2741/6575/4718 2749/6598/4730 2752/6599/4732
f 2752/6599/4732 2749/6598/4730 2751/6600/4733
f 2751/6600/4733 2749/6598/4730 2750/6601/4734
f 2750/6601/4734 2749/6598/4730 2753/6597/4735
f 2754/6604/4736 2741/6575/4718 2755/6602/4737
f 2755/6602/4737 2741/6575/4718 2752/6603/4732
f 2741/6575/4718 2754/6607/4736 2742/6608/4719
f 2754/6607/4736 2758/6606/4738 2742/6608/4719
f 2758/6606/4738 2759/6605/4739 2742/6608/4719
f 2742/6608/4719 2759/6605/4739 2757/6609/4740
f 2756/6610/4741 2757/6609/4740 2759/6605/4739
f 2757/6613/4740 2756/6612/4741 2760/6614/4742
f 2760/6614/4742 2756/6612/4741 2761/6611/4743
s 5
usemtl initialShadingGroup
f 2762/6569/4744 2763/6568/4745 2764/6343/4746
f 2763/6571/4745 2765/6570/4747 2764/6343/4746
f 2766/6346/4748 2767/6371/4749 2768/6372/4750
s 7
f 2769/6564/4751 2770/6563/4752 2764/6343/4753
f 2770/6567/4752 2771/6566/4754 2764/6343/4753
f 2764/6343/4753 2771/6566/4754 2762/6565/4755
s 8
f 2772/6475/4756 2773/6474/4757 2767/6370/4758
f 2767/6370/4758 2773/6474/4757 2768/6369/4759
f 2775/6476/4760 2768/6369/4759 2774/6477/4761
f 2773/6478/4757 2774/6477/4761 2768/6369/4759
s 10
usemtl shatterInteriorSG1
f 2762/6459/4762 2771/6458/4763 2763/6460/4764
f 2771/6458/4763 2776/6377/4765 2763/6460/4764
f 2763/6460/4764 2776/6377/4765 2765/6461/4766
f 2765/6461/4766 2776/6377/4765 2777/6457/4767
s 5
usemtl initialShadingGroup
f 2778/6573/4768 2779/6344/4769 2777/6574/4770
f 2764/6343/4746 2765/6572/4747 2779/6344/4769
f 2777/6574/4770 2779/6344/4769 2765/6572/4747
s 10
usemtl shatterInteriorSG1
f 2774/6443/4771 2780/6378/4772 2775/6438/4773
s 5
usemtl initialShadingGroup
f 2781/6348/4774 2768/6372/4750 2782/6373/4775
s 8
f 2775/6480/4760 2783/6479/4776 2768/6369/4759
f 2768/6369/4759 2783/6479/4776 2782/6368/4777
s 5
f 2766/6346/4748 2768/6372/4750 2781/6348/4774
f 2784/6345/4778 2767/6371/4749 2766/6346/4748
s 7
f 2764/6343/4753 2779/6344/4779 2769/6560/4751
f 2769/6560/4751 2779/6344/4779 2786/6561/4780
f 2785/6562/4781 2786/6561/4780 2779/6344/4779
s 10
usemtl shatterInteriorSG1
f 2771/6382/4763 2770/6381/4782 2776/6377/4765
f 2770/6381/4782 2769/6380/4783 2776/6377/4765
f 2786/6383/4784 2776/6377/4765 2769/6380/4783
s 8
usemtl initialShadingGroup
f 2787/6470/4785 2788/6469/4786 2767/6370/4758
f 2772/6471/4756 2767/6370/4758 2789/6472/4787
f 2788/6473/4786 2789/6472/4787 2767/6370/4758
s 10
usemtl shatterInteriorSG1
f 2789/6447/4788 2780/6378/4772 2772/6444/4789
f 2772/6444/4789 2780/6378/4772 2773/6445/4790
f 2780/6378/4772 2774/6446/4771 2773/6445/4790
f 2790/6455/4791 2778/6454/4792 2776/6377/4765
f 2777/6456/4767 2776/6377/4765 2778/6454/4792
s 5
usemtl initialShadingGroup
f 2778/6462/4768 2790/6464/4793 2779/6344/4769
f 2790/6464/4793 2791/6463/4794 2779/6344/4769
f 2792/6465/4795 2784/6345/4778 2791/6466/4794
f 2791/6466/4794 2784/6345/4778 2779/6344/4769
f 2792/6468/4795 2787/6467/4796 2784/6345/4778
f 2787/6467/4796 2767/6371/4749 2784/6345/4778
s 10
usemtl shatterInteriorSG1
f 2780/6378/4772 2783/6439/4797 2775/6438/4773
s 5
usemtl initialShadingGroup
f 2781/6348/4774 2782/6373/4775 2793/6350/4798
s 8
f 2783/6482/4776 2794/6481/4799 2782/6368/4777
s 7
f 2795/6349/4800 2781/6348/4801 2793/6350/4802
f 2796/6347/4803 2781/6348/4801 2795/6349/4800
f 2796/6347/4803 2766/6346/4804 2781/6348/4801
f 2797/6552/4805 2798/6551/4806 2766/6346/4804
f 2766/6346/4804 2798/6551/4806 2784/6345/4807
f 2798/6554/4806 2799/6553/4808 2784/6345/4807
f 2799/6556/4808 2800/6555/4809 2784/6345/4807
f 2784/6345/4807 2800/6555/4809 2779/6344/4779
f 2800/6559/4809 2801/6558/4810 2779/6344/4779
f 2801/6558/4810 2785/6557/4781 2779/6344/4779
s 10
usemtl shatterInteriorSG1
f 2801/6386/4811 2776/6377/4765 2785/6384/4812
f 2785/6384/4812 2776/6377/4765 2786/6385/4784
f 2780/6378/4772 2789/6449/4788 2776/6377/4765
f 2776/6377/4765 2789/6449/4788 2790/6450/4791
f 2789/6449/4788 2788/6448/4813 2790/6450/4791
f 2790/6450/4791 2788/6448/4813 2791/6451/4814
f 2791/6451/4814 2788/6448/4813 2792/6452/4815
f 2787/6453/4816 2792/6452/4815 2788/6448/4813
f 2794/6440/4817 2783/6439/4797 2780/6378/4772
s 5
usemtl initialShadingGroup
f 2793/6350/4798 2782/6373/4775 2802/6374/4818
s 7
f 2803/6351/4819 2793/6350/4802 2804/6352/4820
s 8
f 2794/6484/4799 2805/6483/4821 2782/6368/4777
f 2782/6368/4777 2805/6483/4821 2802/6367/4822
s 7
f 2795/6349/4800 2793/6350/4802 2803/6351/4819
f 2806/6541/4823 2807/6540/4824 2795/6349/4800
f 2807/6543/4824 2808/6542/4825 2795/6349/4800
f 2795/6349/4800 2808/6542/4825 2796/6347/4803
f 2808/6545/4825 2809/6544/4826 2796/6347/4803
f 2809/6547/4826 2810/6546/4827 2796/6347/4803
f 2796/6347/4803 2810/6550/4827 2766/6346/4804
f 2810/6550/4827 2811/6549/4828 2766/6346/4804
f 2811/6549/4828 2797/6548/4805 2766/6346/4804
s 10
usemtl shatterInteriorSG1
f 2776/6377/4765 2801/6391/4811 2780/6378/4772
f 2801/6391/4811 2800/6390/4829 2780/6378/4772
f 2800/6390/4829 2799/6389/4830 2780/6378/4772
f 2799/6389/4830 2798/6388/4831 2780/6378/4772
f 2811/6392/4832 2780/6378/4772 2797/6387/4833
f 2780/6378/4772 2798/6388/4831 2797/6387/4833
f 2805/6441/4834 2794/6440/4817 2780/6378/4772
s 5
usemtl initialShadingGroup
f 2793/6350/4798 2802/6374/4818 2804/6352/4835
s 7
f 2803/6351/4819 2804/6352/4820 2812/6353/4836
s 8
f 2805/6487/4821 2813/6486/4837 2802/6367/4822
f 2815/6366/4838 2802/6367/4822 2814/6485/4839
f 2813/6486/4837 2814/6485/4839 2802/6367/4822
f 2814/6489/4839 2816/6488/4840 2815/6366/4838
f 2816/6491/4840 2817/6490/4841 2815/6366/4838
s 7
f 2795/6349/4800 2803/6351/4819 2806/6537/4823
f 2818/6539/4842 2819/6538/4843 2803/6351/4819
f 2819/6538/4843 2806/6537/4823 2803/6351/4819
s 10
usemtl shatterInteriorSG1
f 2819/6399/4844 2780/6378/4772 2806/6393/4845
f 2806/6393/4845 2780/6378/4772 2807/6394/4846
f 2807/6394/4846 2780/6378/4772 2808/6395/4847
f 2808/6395/4847 2780/6378/4772 2809/6396/4848
f 2811/6398/4832 2810/6397/4849 2780/6378/4772
f 2780/6378/4772 2810/6397/4849 2809/6396/4848
f 2813/6442/4850 2805/6441/4834 2780/6378/4772
s 8
usemtl initialShadingGroup
f 2815/6366/4838 2820/6365/4851 2802/6367/4822
s 5
f 2804/6352/4835 2802/6374/4818 2820/6375/4852
s 7
f 2812/6353/4836 2804/6352/4820 2821/6354/4853
f 2822/6355/4854 2812/6353/4836 2823/6356/4855
f 2824/6526/4856 2825/6525/4857 2822/6355/4854
f 2825/6528/4857 2826/6527/4858 2822/6355/4854
f 2827/6529/4859 2812/6353/4836 2826/6530/4858
f 2826/6530/4858 2812/6353/4836 2822/6355/4854
f 2827/6532/4859 2828/6531/4860 2812/6353/4836
f 2828/6531/4860 2803/6351/4819 2812/6353/4836
s 8
f 2815/6366/4838 2817/6494/4841 2831/6364/4861
f 2830/6492/4862 2831/6364/4861 2829/6493/4863
f 2817/6494/4841 2829/6493/4863 2831/6364/4861
s 7
f 2828/6533/4860 2832/6536/4864 2803/6351/4819
f 2818/6534/4842 2803/6351/4819 2833/6535/4865
f 2832/6536/4864 2833/6535/4865 2803/6351/4819
s 10
usemtl shatterInteriorSG1
f 2780/6378/4772 2819/6436/4844 2813/6437/4850
f 2813/6437/4850 2819/6436/4844 2814/6430/4866
f 2814/6430/4866 2819/6436/4844 2816/6431/4867
f 2816/6431/4867 2819/6436/4844 2817/6432/4868
f 2817/6432/4868 2819/6436/4844 2829/6433/4869
f 2833/6434/4870 2829/6433/4869 2818/6435/4871
f 2819/6436/4844 2818/6435/4871 2829/6433/4869
s 8
usemtl initialShadingGroup
f 2830/6496/4862 2834/6495/4872 2831/6364/4861
f 2831/6364/4861 2820/6365/4851 2815/6366/4838
s 5
f 2804/6352/4835 2820/6375/4852 2821/6354/4873
s 7
f 2812/6353/4836 2821/6354/4853 2823/6356/4855
f 2822/6355/4854 2823/6356/4855 2835/6358/4874
f 2822/6355/4854 2835/6358/4874 2824/6522/4856
f 2824/6522/4856 2835/6358/4874 2837/6523/4875
f 2836/6524/4876 2837/6523/4875 2835/6358/4874
s 10
usemtl shatterInteriorSG1
f 2832/6405/4877 2828/6404/4878 2838/6379/4879
f 2828/6404/4878 2827/6403/4880 2838/6379/4879
f 2827/6403/4880 2826/6402/4881 2838/6379/4879
f 2826/6402/4881 2825/6401/4882 2838/6379/4879
f 2825/6401/4882 2824/6400/4883 2838/6379/4879
f 2837/6406/4884 2838/6379/4879 2824/6400/4883
f 2838/6379/4879 2839/6426/4885 2832/6427/4877
f 2832/6427/4877 2839/6426/4885 2833/6428/4870
f 2829/6429/4869 2833/6428/4870 2830/6424/4886
f 2830/6424/4886 2833/6428/4870 2834/6425/4887
f 2833/6428/4870 2839/6426/4885 2834/6425/4887
s 8
usemtl initialShadingGroup
f 2840/6501/4888 2841/6500/4889 2842/6362/4890
f 2842/6362/4890 2831/6364/4861 2840/6497/4888
f 2840/6497/4888 2831/6364/4861 2839/6498/4891
f 2834/6499/4872 2839/6498/4891 2831/6364/4861
f 2831/6364/4861 2843/6363/4892 2820/6365/4851
s 5
f 2821/6354/4873 2820/6375/4852 2843/6376/4893
s 7
f 2823/6356/4855 2821/6354/4853 2844/6357/4894
f 2835/6358/4874 2823/6356/4855 2845/6359/4895
f 2846/6521/4896 2836/6520/4876 2835/6358/4874
s 10
usemtl shatterInteriorSG1
f 2847/6410/4897 2838/6379/4879 2846/6407/4898
f 2846/6407/4898 2838/6379/4879 2836/6408/4899
f 2838/6379/4879 2837/6409/4884 2836/6408/4899
s 8
usemtl initialShadingGroup
f 2848/6514/4900 2849/6513/4901 2850/6360/4902
f 2851/6512/4903 2848/6511/4900 2850/6360/4902
s 10
usemtl shatterInteriorSG1
f 2839/6423/4885 2838/6379/4879 2840/6417/4904
f 2840/6417/4904 2838/6379/4879 2841/6418/4905
f 2841/6418/4905 2838/6379/4879 2855/6419/4906
f 2855/6419/4906 2838/6379/4879 2854/6420/4907
f 2854/6420/4907 2838/6379/4879 2853/6421/4908
f 2838/6379/4879 2852/6422/4909 2853/6421/4908
s 8
usemtl initialShadingGroup
f 2855/6505/4910 2854/6504/4911 2856/6361/4912
f 2841/6503/4889 2855/6502/4910 2842/6362/4890
f 2842/6362/4890 2855/6502/4910 2856/6361/4912
f 2842/6362/4890 2843/6363/4892 2831/6364/4861
s 5
f 2821/6354/4873 2843/6376/4893 2844/6357/4913
s 7
f 2823/6356/4855 2844/6357/4894 2845/6359/4895
f 2758/6617/4914 2754/6616/4915 2845/6359/4895
f 2845/6359/4895 2754/6616/4915 2755/6615/4916
f 2845/6359/4895 2755/6620/4916 2835/6358/4874
f 2755/6620/4916 2752/6619/4917 2835/6358/4874
f 2752/6619/4917 2751/6618/4918 2835/6358/4874
f 2835/6358/4874 2751/6622/4918 2846/6517/4896
f 2751/6622/4918 2750/6621/4919 2846/6517/4896
f 2857/6519/4920 2847/6518/4921 2750/6621/4919
f 2750/6621/4919 2847/6518/4921 2846/6517/4896
f 2750/6624/4919 2753/6623/4922 2857/6516/4920
s 10
usemtl shatterInteriorSG1
f 2838/6379/4879 2847/6412/4897 2748/6625/4923
f 2753/6627/4924 2749/6626/4925 2857/6411/4926
f 2847/6412/4897 2857/6411/4926 2748/6625/4923
f 2749/6626/4925 2748/6625/4923 2857/6411/4926
f 2852/6416/4909 2838/6379/4879 2851/6413/4927
f 2748/6630/4923 2746/6629/4928 2838/6379/4879
f 2851/6413/4927 2838/6379/4879 2848/6414/4929
f 2746/6629/4928 2745/6628/4930 2838/6379/4879
f 2848/6414/4929 2838/6379/4879 2849/6415/4931
f 2745/6628/4930 2849/6415/4931 2838/6379/4879
s 8
usemtl initialShadingGroup
f 2745/6632/4932 2744/6631/4933 2849/6515/4901
f 2849/6515/4901 2744/6631/4933 2850/6360/4902
f 2744/6634/4933 2743/6633/4934 2850/6360/4902
f 2743/6636/4934 2747/6635/4935 2850/6360/4902
f 2739/6637/4936 2853/6510/4937 2740/6638/4938
f 2740/6638/4938 2853/6510/4937 2747/6639/4935
f 2853/6510/4937 2852/6509/4939 2747/6639/4935
f 2852/6509/4939 2851/6508/4903 2747/6639/4935
f 2747/6639/4935 2851/6508/4903 2850/6360/4902
f 2856/6361/4912 2854/6507/4911 2738/6640/4940
f 2853/6506/4937 2739/6641/4936 2854/6507/4911
f 2739/6641/4936 2738/6640/4940 2854/6507/4911
f 2738/6643/4940 2737/6642/4941 2856/6361/4912
f 2737/6645/4941 2736/6644/4942 2856/6361/4912
f 2733/6646/4943 2842/6362/4890 2734/6647/4944
f 2734/6647/4944 2842/6362/4890 2736/6648/4942
f 2736/6648/4942 2842/6362/4890 2856/6361/4912
f 2732/6649/4945 2843/6363/4892 2733/6650/4943
f 2733/6650/4943 2843/6363/4892 2842/6362/4890
s 5
f 2844/6357/4913 2843/6376/4893 2760/6654/4946
f 2760/6654/4946 2843/6376/4893 2757/6655/4947
f 2757/6655/4947 2843/6376/4893 2742/6651/4948
f 2742/6651/4948 2843/6376/4893 2735/6652/4949
f 2843/6376/4893 2732/6653/4950 2735/6652/4949
f 2760/6657/4946 2761/6656/4951 2844/6357/4913
s 7
f 2845/6359/4895 2844/6357/4894 2759/6658/4952
f 2761/6660/4953 2756/6659/4954 2844/6357/4894
f 2756/6659/4954 2759/6658/4952 2844/6357/4894
f 2759/6662/4952 2758/6661/4914 2845/6359/4895
g default
v -3.052271 4.509089 -0.500000
v -2.898327 4.301240 -0.500000
v -2.769186 4.126879 -0.500000
v -2.500326 3.763875 -0.500000
v -2.486103 3.744670 -0.500000
v -2.451065 3.697363 -0.500000
v -2.203020 3.362461 -0.500000
v -2.188028 3.342220 -0.500000
v -2.537497 3.708388 0.201206
v -3.074314 4.538851 -0.500000
v -2.162199 3.307346 -0.500000
v -2.218906 3.297672 0.072243
v -2.223139 3.296950 0.114951
v -2.377836 3.461389 0.409761
v -2.256313 3.291291 0.449720
v -2.604321 3.778405 0.335288
v -2.796207 4.046991 0.272192
v -2.736494 3.963408 0.291827
v -3.449398 4.988982 -0.126458
v -3.263231 4.793920 -0.500000
v -2.801935 4.055008 0.270308
v -2.993999 4.323844 0.207153
v -3.424677 4.926669 0.065538
v -3.431492 5.021098 -0.500000
v -3.335354 4.891297 -0.500000
v -3.296328 4.838605 -0.500000
v -3.497498 5.110216 -0.500000
v -0.994293 6.320318 -0.312444
v -0.936477 6.423214 -0.500000
v -1.135841 6.321003 -0.500000
v -1.446166 5.362556 0.500000
v -1.440889 5.375970 0.500000
v -1.470639 5.375970 0.500000
v -1.272270 5.804611 0.500000
v -1.324947 5.833483 0.500000
v -1.470639 5.758788 0.500000
v -1.244736 5.874605 0.500000
v -1.260813 5.866364 0.500000
v -1.102748 6.127302 0.039388
v -1.207501 6.284264 -0.500000
v -1.469532 5.197449 0.050184
v -1.227670 5.682983 -0.500000
v -1.137053 5.913336 -0.500000
v -1.045359 6.146429 -0.500000
v -1.470639 5.913336 -0.500000
v -1.314853 5.461356 -0.500000
v -1.348442 5.375971 -0.500000
v -1.470639 5.375971 -0.500000
v -1.470639 6.149357 -0.500000
v -1.320747 6.226204 -0.500000
v -1.831524 5.573769 0.500000
v -2.190859 5.524635 0.154113
v -1.929817 5.523375 0.500000
v -1.470639 5.300344 0.500000
v -1.503752 5.216170 0.500000
v -1.427676 5.174551 -0.500000
v -1.470639 5.065336 -0.500000
v -1.931002 5.913336 -0.500000
v -2.155987 5.797989 -0.500000
v -2.209297 5.380089 0.500000
v -2.217331 5.375970 0.500000
v -1.620061 4.920502 0.500000
v -2.338099 5.314054 0.500000
v -1.667272 4.800489 0.500000
v -1.652278 4.838605 0.500000
v -2.042147 3.847534 0.500000
v -2.009134 3.829474 0.066068
v -1.793957 4.478448 0.500000
v -1.863667 4.301240 0.500000
v -1.967852 4.036394 0.500000
v -1.584348 4.776283 -0.500000
v -1.760289 4.329026 -0.500000
v -1.771220 4.301240 -0.500000
v -2.451065 4.301240 -0.500000
v -1.559831 4.838605 -0.500000
v -2.451065 4.838605 -0.500000
v -2.451065 5.375971 -0.500000
v -2.451065 5.646708 -0.500000
v -2.684515 5.527020 -0.500000
v -2.596338 5.197697 0.458937
v -2.509876 5.225986 0.500000
v -2.451065 5.256139 0.500000
v -2.451065 4.915096 0.500000
v -2.443531 4.875264 0.500000
v -2.436596 4.838605 0.500000
v -2.434921 4.829757 0.500000
v -2.334942 4.301240 0.500000
v -2.321508 4.230231 0.500000
v -2.075056 3.763874 0.500000
v -2.300465 4.118981 0.500000
v -2.233288 3.763874 0.500000
v -2.141748 3.594339 0.500000
v -2.208097 3.630705 0.500000
v -2.181906 3.492254 0.500000
v -2.195774 3.454801 0.490629
v -1.966070 3.805915 -0.500000
v -1.853842 4.091209 -0.500000
v -1.982609 3.763875 -0.500000
v -2.451065 3.763875 -0.500000
v -2.979139 5.375971 -0.500000
v -3.104473 5.311714 -0.500000
v -3.141785 5.019230 0.199891
v -3.213879 4.995642 0.165651
v -2.123337 3.406136 -0.500000
v -3.431492 5.144056 -0.500000
vt 0.475000 0.166667
vt 0.475000 0.566667
vt 0.458333 0.583333
vt 0.475000 0.583333
vt 0.458333 0.600000
vt 0.458333 0.616667
vt 0.458333 0.633333
vt 0.489768 0.468918
vt 0.490094 0.466637
vt 0.488898 0.475000
vt 0.487159 0.487173
vt 0.488452 0.478121
vt 0.488626 0.476905
vt 0.488898 0.475000
vt 0.487047 0.487953
vt 0.487137 0.487325
vt 0.487047 0.487953
vt 0.486950 0.488635
vt 0.458333 0.152372
vt 0.458333 0.152372
vt 0.458579 0.150000
vt 0.458461 0.151137
vt 0.458608 0.149726
vt 0.458579 0.150000
vt 0.460307 0.133333
vt 0.458608 0.149726
vt 0.460536 0.131131
vt 0.460307 0.133333
vt 0.462036 0.116667
vt 0.460894 0.127680
vt 0.460536 0.131131
vt 0.462464 0.112536
vt 0.462036 0.116667
vt 0.462464 0.112536
vt 0.500000 0.500000
vt 0.495488 0.504512
vt 0.492633 0.500000
vt 0.495570 0.504641
vt 0.496804 0.506591
vt 0.497958 0.508414
vt 0.498559 0.509364
vt 0.500000 0.510259
vt 0.495488 0.504512
vt 0.518221 0.506779
vt 0.509092 0.515908
vt 0.510293 0.516655
vt 0.521561 0.512058
vt 0.513931 0.500000
vt 0.500000 0.510259
vt 0.509092 0.515908
vt 0.518221 0.506779
vt 0.516940 0.504756
vt 0.508532 0.491468
vt 0.513931 0.500000
vt 0.511546 0.496231
vt 0.500000 0.477985
vt 0.508532 0.491468
vt 0.506234 0.487836
vt 0.501531 0.480405
vt 0.498843 0.476157
vt 0.485800 0.489200
vt 0.486455 0.490236
vt 0.487943 0.492588
vt 0.491629 0.498413
vt 0.492634 0.500000
vt 0.500000 0.477985
vt 0.498111 0.475000
vt 0.485800 0.489200
vt 0.498843 0.476157
vt 0.498111 0.475000
vt 0.458333 0.162950
vt 0.460254 0.164746
vt 0.457334 0.162015
vt 0.458333 0.162950
vt 0.460254 0.164746
vt 0.462307 0.166667
vt 0.462307 0.166667
vt 0.462443 0.166794
vt 0.467194 0.171238
vt 0.468865 0.172801
vt 0.468865 0.172801
vt 0.475000 0.178540
vt 0.441667 0.590526
vt 0.475000 0.178540
vt 0.477477 0.180857
vt 0.441667 0.590526
vt 0.449356 0.583333
vt 0.447226 0.585326
vt 0.477477 0.180857
vt 0.478567 0.181876
vt 0.449356 0.583333
vt 0.458333 0.574936
vt 0.454365 0.578648
vt 0.458333 0.574936
vt 0.467174 0.566667
vt 0.463350 0.570244
vt 0.475000 0.559346
vt 0.467174 0.566667
vt 0.475000 0.559346
vt 0.480691 0.554023
vt 0.479473 0.555162
vt 0.477548 0.556963
vt 0.486189 0.493960
vt 0.500000 0.494294
vt 0.498586 0.494260
vt 0.487885 0.494001
vt 0.500000 0.494294
vt 0.500000 0.475000
vt 0.500000 0.500000
vt 0.492833 0.507167
vt 0.509667 0.500768
vt 0.509738 0.507303
vt 0.509659 0.500000
vt 0.509561 0.490952
vt 0.509602 0.494789
vt 0.509659 0.500000
vt 0.509555 0.490445
vt 0.509555 0.490445
vt 0.509388 0.475000
vt 0.509410 0.476995
vt 0.509454 0.481137
vt 0.509467 0.482275
vt 0.509388 0.475000
vt 0.509287 0.465713
vt 0.509331 0.469761
vt 0.509348 0.471321
vt 0.509141 0.452191
vt 0.509195 0.457247
vt 0.509242 0.461505
vt 0.509287 0.465713
vt 0.500000 0.458007
vt 0.505962 0.454214
vt 0.492308 0.473462
vt 0.492296 0.472326
vt 0.492293 0.472081
vt 0.492208 0.464251
vt 0.492194 0.462973
vt 0.500000 0.458007
vt 0.492325 0.475000
vt 0.492400 0.481897
vt 0.492383 0.480401
vt 0.492325 0.475000
vt 0.492407 0.482593
vt 0.492558 0.496550
vt 0.492506 0.491712
vt 0.492471 0.488476
vt 0.492407 0.482593
vt 0.492596 0.500000
vt 0.492612 0.501528
vt 0.492596 0.500000
vt 0.492833 0.507167
vt 0.492666 0.506490
vt 0.492646 0.504625
vt 0.469504 0.138830
vt 0.468319 0.133333
vt 0.471912 0.150000
vt 0.471657 0.148818
vt 0.469504 0.138830
vt 0.472460 0.152540
vt 0.471912 0.150000
vt 0.475000 0.164321
vt 0.474437 0.161710
vt 0.472460 0.152540
vt 0.475416 0.166251
vt 0.475000 0.164321
vt 0.475506 0.166667
vt 0.475416 0.166251
vt 0.478372 0.179961
vt 0.475506 0.166667
vt 0.478840 0.182132
vt 0.478372 0.179961
vt 0.494117 0.475000
vt 0.490444 0.481037
vt 0.485635 0.488941
vt 0.496075 0.471782
vt 0.494117 0.475000
vt 0.482230 0.559437
vt 0.484081 0.550853
vt 0.480671 0.566667
vt 0.482230 0.559437
vt 0.480671 0.566667
vt 0.477648 0.580685
vt 0.479130 0.573811
vt 0.477077 0.583333
vt 0.477648 0.580685
vt 0.477077 0.583333
vt 0.475000 0.592968
vt 0.475730 0.589580
vt 0.473484 0.600000
vt 0.475000 0.592968
vt 0.473067 0.601933
vt 0.473484 0.600000
vt 0.469890 0.616667
vt 0.470076 0.615805
vt 0.473067 0.601933
vt 0.468486 0.623181
vt 0.469890 0.616667
vt 0.466297 0.633333
vt 0.466578 0.632029
vt 0.468486 0.623181
vt 0.463905 0.644429
vt 0.466297 0.633333
vt 0.463905 0.644429
vt 0.490432 0.464266
vt 0.490895 0.463745
vt 0.463592 0.111408
vt 0.462909 0.108242
vt 0.464725 0.116667
vt 0.463592 0.111408
vt 0.466548 0.125119
vt 0.465285 0.119261
vt 0.464725 0.116667
vt 0.468319 0.133333
vt 0.466548 0.125119
vt 0.500000 0.500000
vt 0.500000 0.479393
vt 0.485299 0.500000
vt 0.485547 0.499651
vt 0.489662 0.493884
vt 0.490243 0.493069
vt 0.490479 0.492739
vt 0.494939 0.486487
vt 0.497081 0.483485
vt 0.499634 0.479905
vt 0.485299 0.500000
vt 0.493690 0.506310
vt 0.493078 0.505913
vt 0.484870 0.500601
vt 0.498492 0.509418
vt 0.493690 0.506310
vt 0.500000 0.506129
vt 0.500000 0.506129
vt 0.502811 0.500000
vt 0.504452 0.496423
vt 0.502811 0.500000
vt 0.505193 0.494807
vt 0.512993 0.477800
vt 0.507648 0.489455
vt 0.505264 0.494652
vt 0.505193 0.494807
vt 0.500000 0.479393
vt 0.503134 0.475000
vt 0.510965 0.475000
vt 0.507020 0.469553
vt 0.510965 0.475000
vt 0.503134 0.475000
vt 0.503683 0.474230
vt 0.504330 0.473323
vt 0.505925 0.471088
vt 0.498156 0.476844
vt 0.500000 0.482257
vt 0.497527 0.475000
vt 0.498101 0.476683
vt 0.498156 0.476844
vt 0.497527 0.475000
vt 0.492917 0.461468
vt 0.494083 0.464893
vt 0.496258 0.471275
vt 0.500000 0.509719
vt 0.499272 0.509764
vt 0.493563 0.510122
vt 0.509758 0.509107
vt 0.500000 0.509719
vt 0.462550 0.645783
vt 0.462805 0.646411
vt 0.463244 0.647493
vt 0.458333 0.635396
vt 0.462550 0.645783
vt 0.457738 0.633929
vt 0.458333 0.635396
vt 0.457496 0.633333
vt 0.457738 0.633929
vt 0.452926 0.622074
vt 0.457496 0.633333
vt 0.450730 0.616667
vt 0.452926 0.622074
vt 0.448113 0.610220
vt 0.450730 0.616667
vt 0.447739 0.609297
vt 0.448113 0.610220
vt 0.443964 0.600000
vt 0.444527 0.601386
vt 0.443301 0.598366
vt 0.443964 0.600000
vt 0.441667 0.594340
vt 0.443301 0.598366
vt 0.440545 0.591576
vt 0.441667 0.594340
vt 0.513807 0.518838
vt 0.516668 0.516898
vt 0.522235 0.513124
vt 0.500000 0.482257
vt 0.504135 0.494394
vn -0.800378 -0.592802 -0.089336
vn -0.800381 -0.592800 -0.089324
vn -0.800379 -0.592801 -0.089337
vn -0.800377 -0.592803 -0.089339
vn -0.800378 -0.592802 -0.089337
vn -0.800380 -0.592799 -0.089337
vn -0.800379 -0.592801 -0.089335
vn -0.800379 -0.592801 -0.089336
vn -0.800379 -0.592800 -0.089336
vn -0.800381 -0.592798 -0.089336
vn -0.800384 -0.592794 -0.089336
vn -0.800379 -0.592800 -0.089337
vn -0.800380 -0.592800 -0.089337
vn -0.800380 -0.592800 -0.089337
vn -0.800379 -0.592801 -0.089335
vn -0.800379 -0.592802 -0.089332
vn -0.800378 -0.592802 -0.089337
vn -0.800377 -0.592801 -0.089354
vn -0.800380 -0.592800 -0.089337
vn -0.800378 -0.592802 -0.089336
vn -0.800378 -0.592802 -0.089337
vn -0.800379 -0.592801 -0.089336
vn -0.800379 -0.592800 -0.089338
vn -0.800381 -0.592798 -0.089339
vn -0.800378 -0.592802 -0.089335
vn -0.800376 -0.592805 -0.089334
vn -0.800375 -0.592806 -0.089334
vn -0.430931 0.840549 0.328292
vn -0.430934 0.840547 0.328293
vn -0.430935 0.840548 0.328291
vn 0.000000 0.000000 1.000000
vn 0.000000 0.000000 1.000000
vn 0.000000 0.000000 1.000000
vn 0.000000 0.000000 1.000000
vn 0.000000 0.000000 1.000000
vn 0.000000 0.000000 1.000000
vn 0.000000 0.000000 1.000000
vn 0.000000 0.000000 1.000000
vn -0.430930 0.840550 0.328292
vn -0.430923 0.840553 0.328293
vn -0.430938 0.840546 0.328290
vn -0.430941 0.840545 0.328290
vn 0.927161 -0.364727 0.085713
vn 0.927161 -0.364727 0.085713
vn 0.927161 -0.364727 0.085713
vn 0.927161 -0.364728 0.085713
vn 0.927161 -0.364727 0.085714
vn 0.927160 -0.364729 0.085716
vn 0.927161 -0.364728 0.085714
vn 0.000000 0.000000 -1.000000
vn 0.000000 0.000000 -1.000000
vn 0.000000 0.000000 -1.000000
vn 0.000000 0.000000 -1.000000
vn 0.000000 0.000000 -1.000000
vn 0.000000 0.000000 -1.000000
vn 0.000000 0.000000 -1.000000
vn 0.000000 0.000000 -1.000000
vn 0.000000 0.000000 -1.000000
vn 0.000000 0.000000 -1.000000
vn 0.000000 0.000000 -1.000000
vn 0.000000 0.000000 1.000000
vn -0.430936 0.840547 0.328291
vn -0.430936 0.840547 0.328292
vn -0.430936 0.840547 0.328291
vn -0.430937 0.840547 0.328291
vn -0.430935 0.840547 0.328291
vn -0.430938 0.840546 0.328290
vn 0.000000 0.000000 1.000000
vn 0.927161 -0.364727 0.085712
vn 0.927160 -0.364729 0.085713
vn 0.927161 -0.364727 0.085713
vn 0.927161 -0.364728 0.085713
vn 0.927161 -0.364727 0.085714
vn 0.927161 -0.364726 0.085715
vn 0.927162 -0.364725 0.085715
vn 0.927161 -0.364728 0.085713
vn 0.927161 -0.364726 0.085714
vn 0.000000 0.000000 -1.000000
vn 0.000000 0.000000 -1.000000
vn 0.000000 0.000000 -1.000000
vn 0.000000 0.000000 -1.000000
vn -0.430935 0.840547 0.328292
vn -0.430936 0.840547 0.328292
vn -0.430936 0.840547 0.328291
vn 0.000000 0.000000 1.000000
vn 0.000000 0.000000 1.000000
vn 0.000000 0.000000 1.000000
vn -0.430937 0.840545 0.328293
vn 0.000000 0.000000 1.000000
vn 0.000000 0.000000 1.000000
vn 0.000000 0.000000 1.000000
vn 0.927161 -0.364727 0.085713
vn 0.927163 -0.364723 0.085713
vn 0.927161 -0.364726 0.085712
vn 0.927161 -0.364727 0.085713
vn 0.927160 -0.364728 0.085715
vn 0.927162 -0.364725 0.085712
vn 0.927161 -0.364728 0.085713
vn 0.927160 -0.364729 0.085715
vn 0.000000 0.000000 -1.000000
vn 0.000000 0.000000 -1.000000
vn 0.000000 0.000000 -1.000000
vn 0.000000 0.000000 -1.000000
vn 0.927161 -0.364727 0.085713
vn 0.927161 -0.364726 0.085713
vn 0.927160 -0.364730 0.085716
vn 0.927161 -0.364727 0.085714
vn 0.000000 0.000000 -1.000000
vn 0.000000 0.000000 -1.000000
vn 0.000000 0.000000 -1.000000
vn 0.000000 0.000000 -1.000000
vn 0.000000 0.000000 -1.000000
vn -0.430936 0.840547 0.328291
vn -0.430936 0.840547 0.328291
vn -0.430936 0.840547 0.328291
vn -0.430938 0.840547 0.328287
vn -0.430939 0.840546 0.328289
vn -0.430933 0.840547 0.328296
vn -0.430934 0.840547 0.328294
vn 0.000000 0.000000 1.000000
vn -0.229109 -0.043341 0.972436
vn -0.139834 -0.026451 0.989822
vn 0.000000 0.000000 1.000000
vn -0.196488 -0.037171 0.979801
vn -0.356981 -0.067530 0.931668
vn 0.000000 0.000000 1.000000
vn -0.145543 -0.027533 0.988969
vn 0.000000 0.000000 1.000000
vn 0.000000 0.000000 1.000000
vn -0.215740 -0.040812 0.975598
vn 0.000000 0.000000 1.000000
vn -0.267989 -0.050696 0.962087
vn -0.281356 -0.053224 0.958126
vn 0.000000 0.000000 1.000000
vn -0.304413 -0.057586 0.950798
vn 0.000000 0.000000 1.000000
vn 0.000000 0.000000 1.000000
vn -0.280114 -0.052988 0.958503
vn -0.377945 -0.071497 0.923063
vn 0.927160 -0.364729 0.085715
vn 0.927159 -0.364734 0.085706
vn 0.927162 -0.364723 0.085718
vn 0.927161 -0.364727 0.085714
vn 0.927161 -0.364728 0.085710
vn 0.927162 -0.364725 0.085715
vn 0.927161 -0.364727 0.085714
vn 0.000000 0.000000 -1.000000
vn 0.000000 0.000000 -1.000000
vn 0.000000 0.000000 -1.000000
vn 0.000000 0.000000 -1.000000
vn 0.000000 0.000000 -1.000000
vn 0.000000 0.000000 -1.000000
vn -0.430935 0.840547 0.328291
vn -0.430936 0.840547 0.328292
vn -0.430936 0.840547 0.328291
vn -0.407058 -0.077003 0.910151
vn -0.407059 -0.077004 0.910150
vn -0.407059 -0.077003 0.910150
vn -0.407057 -0.077005 0.910151
vn -0.407060 -0.077002 0.910150
vn -0.407059 -0.077003 0.910151
vn -0.407058 -0.076996 0.910151
vn -0.407059 -0.077002 0.910151
vn -0.407057 -0.076999 0.910152
vn -0.407058 -0.077001 0.910151
vn -0.407058 -0.077004 0.910151
vn 0.927160 -0.364729 0.085713
vn 0.927161 -0.364728 0.085713
vn 0.927161 -0.364728 0.085714
vn 0.927160 -0.364729 0.085713
vn 0.927161 -0.364728 0.085713
vn 0.927160 -0.364729 0.085713
vn 0.000000 0.000000 -1.000000
vn 0.000000 0.000000 -1.000000
vn 0.000000 0.000000 -1.000000
vn 0.000000 0.000000 -1.000000
vn 0.000000 0.000000 -1.000000
vn 0.000000 0.000000 -1.000000
vn 0.000000 0.000000 -1.000000
vn 0.000000 0.000000 -1.000000
vn 0.000000 0.000000 -1.000000
vn 0.000000 0.000000 -1.000000
vn 0.000000 0.000000 -1.000000
vn 0.000000 0.000000 -1.000000
vn 0.000000 0.000000 -1.000000
vn 0.000000 0.000000 -1.000000
vn 0.000000 0.000000 -1.000000
vn 0.000000 0.000000 -1.000000
vn 0.000000 0.000000 -1.000000
vn 0.000000 0.000000 -1.000000
vn -0.430935 0.840547 0.328291
vn -0.430937 0.840547 0.328290
vn -0.430934 0.840549 0.328289
vn -0.430939 0.840546 0.328290
vn -0.430937 0.840547 0.328290
vn -0.407058 -0.077003 0.910151
s 1
g solidShatter1 shard19
usemtl shatterInteriorSG1
f 2867/6878/4955 2858/6886/4956 2866/6877/4957
f 2858/6886/4956 2859/6885/4958 2866/6877/4957
f 2859/6885/4958 2860/6884/4959 2866/6877/4957
f 2865/6879/4960 2866/6877/4957 2864/6880/4961
f 2860/6884/4959 2861/6883/4962 2866/6877/4957
f 2864/6880/4961 2866/6877/4957 2863/6881/4963
f 2863/6881/4963 2866/6877/4957 2862/6882/4964
f 2861/6883/4962 2862/6882/4964 2866/6877/4957
f 2868/6890/4965 2869/6889/4966 2865/6887/4960
f 2870/6888/4967 2866/6877/4957 2869/6889/4966
f 2869/6889/4966 2866/6877/4957 2865/6887/4960
f 2866/6877/4957 2870/6892/4967 2871/6893/4968
f 2871/6893/4968 2870/6892/4967 2872/6891/4969
f 2873/6895/4970 2866/6877/4957 2871/6894/4968
f 2874/6898/4971 2866/6877/4957 2875/6896/4972
f 2875/6896/4972 2866/6877/4957 2873/6897/4970
f 2866/6877/4957 2874/6902/4971 2867/6903/4955
f 2874/6902/4971 2878/6901/4973 2867/6903/4955
f 2878/6901/4973 2879/6900/4974 2867/6903/4955
f 2879/6900/4974 2880/6899/4975 2867/6903/4955
f 2867/6903/4955 2880/6899/4975 2877/6904/4976
f 2876/6905/4977 2877/6904/4976 2880/6899/4975
f 2877/6908/4976 2876/6907/4977 2883/6909/4978
f 2883/6909/4978 2876/6907/4977 2882/6910/4979
f 2882/6910/4979 2876/6907/4977 2881/6911/4980
f 2881/6911/4980 2876/6907/4977 2884/6906/4981
s 4
f 2885/6838/4982 2886/6837/4983 2887/6732/4984
s 5
usemtl initialShadingGroup
f 2888/6829/4985 2889/6828/4986 2890/6663/4987
f 2890/6663/4987 2889/6831/4986 2893/6746/4988
f 2891/6830/4989 2892/6747/4990 2889/6831/4986
f 2889/6831/4986 2892/6747/4990 2893/6746/4988
f 2894/6832/4991 2895/6752/4992 2891/6833/4989
f 2891/6833/4989 2895/6752/4992 2892/6751/4990
s 4
usemtl shatterInteriorSG1
f 2895/6730/4993 2894/6836/4994 2897/6731/4995
f 2894/6836/4994 2896/6835/4996 2897/6731/4995
f 2897/6731/4995 2896/6835/4996 2887/6729/4984
f 2896/6835/4996 2885/6834/4982 2887/6729/4984
s 8
f 2898/6770/4997 2899/6792/4998 2896/6793/4999
f 2899/6792/4998 2900/6791/5000 2896/6793/4999
f 2896/6793/4999 2900/6791/5000 2885/6794/5001
f 2900/6791/5000 2901/6790/5002 2885/6794/5001
f 2885/6794/5001 2901/6790/5002 2886/6789/5003
s 9
usemtl initialShadingGroup
f 2901/6842/5004 2900/6841/5005 2902/6664/5006
f 2903/6847/5007 2904/6846/5008 2905/6666/5009
f 2886/6840/5010 2901/6839/5004 2887/6762/5011
f 2902/6664/5006 2906/6761/5012 2901/6839/5004
f 2906/6761/5012 2907/6764/5013 2901/6839/5004
f 2907/6764/5013 2897/6763/5014 2901/6839/5004
f 2901/6839/5004 2897/6763/5014 2887/6762/5011
s 5
f 2893/6744/4988 2908/6743/5015 2890/6663/4987
s 4
usemtl shatterInteriorSG1
f 2897/6722/4995 2907/6728/5016 2895/6723/4993
f 2909/6697/5017 2910/6727/5018 2907/6728/5016
f 2910/6727/5018 2908/6726/5019 2907/6728/5016
f 2908/6726/5019 2893/6725/5020 2907/6728/5016
f 2893/6725/5020 2892/6724/5021 2907/6728/5016
f 2907/6728/5016 2892/6724/5021 2895/6723/4993
s 5
usemtl initialShadingGroup
f 2911/6827/5022 2888/6826/4985 2890/6663/4987
s 8
usemtl shatterInteriorSG1
f 2896/6800/4999 2894/6799/5023 2898/6770/4997
f 2894/6799/5023 2891/6798/5024 2898/6770/4997
f 2891/6798/5024 2889/6797/5025 2898/6770/4997
f 2889/6797/5025 2888/6796/5026 2898/6770/4997
f 2888/6796/5026 2911/6795/5027 2898/6770/4997
f 2912/6801/5028 2898/6770/4997 2911/6795/5027
f 2899/6786/4998 2898/6770/4997 2903/6787/5029
f 2903/6787/5029 2898/6770/4997 2904/6788/5030
f 2904/6788/5030 2898/6770/4997 2913/6785/5031
s 9
usemtl initialShadingGroup
f 2914/6849/5032 2905/6666/5009 2913/6850/5033
f 2913/6850/5033 2905/6666/5009 2904/6848/5008
f 2905/6666/5009 2902/6664/5006 2903/6844/5007
f 2903/6844/5007 2902/6664/5006 2899/6845/5034
f 2899/6845/5034 2902/6664/5006 2900/6843/5005
f 2915/6760/5035 2906/6759/5012 2902/6664/5006
s 4
usemtl shatterInteriorSG1
f 2907/6718/5016 2906/6721/5036 2909/6697/5017
f 2906/6721/5036 2915/6720/5037 2909/6697/5017
f 2915/6720/5037 2916/6719/5038 2909/6697/5017
s 5
usemtl initialShadingGroup
f 2918/6739/5039 2890/6663/4987 2917/6740/5040
f 2917/6740/5040 2890/6663/4987 2910/6741/5041
f 2908/6742/5015 2910/6741/5041 2890/6663/4987
s 4
usemtl shatterInteriorSG1
f 2910/6699/5018 2909/6697/5017 2917/6698/5042
s 5
usemtl initialShadingGroup
f 2920/6737/5043 2919/6825/5044 2918/6738/5039
f 2919/6825/5044 2912/6824/5045 2918/6738/5039
f 2890/6663/4987 2918/6738/5039 2911/6823/5022
f 2912/6824/5045 2911/6823/5022 2918/6738/5039
s 8
usemtl shatterInteriorSG1
f 2921/6805/5046 2898/6770/4997 2922/6802/5047
f 2922/6802/5047 2898/6770/4997 2919/6803/5048
f 2898/6770/4997 2912/6804/5028 2919/6803/5048
f 2898/6770/4997 2921/6809/5046 2924/6771/5049
f 2921/6809/5046 2925/6808/5050 2924/6771/5049
f 2925/6808/5050 2926/6807/5051 2924/6771/5049
f 2926/6807/5051 2927/6806/5052 2924/6771/5049
f 2923/6810/5053 2924/6771/5049 2927/6806/5052
s 9
usemtl initialShadingGroup
f 2930/6855/5054 2931/6668/5055 2929/6856/5056
f 2928/6857/5057 2929/6856/5056 2931/6668/5055
s 8
usemtl shatterInteriorSG1
f 2924/6771/5049 2929/6780/5058 2898/6770/4997
f 2929/6780/5058 2928/6784/5059 2898/6770/4997
f 2928/6784/5059 2932/6783/5060 2898/6770/4997
f 2932/6783/5060 2914/6782/5061 2898/6770/4997
f 2914/6782/5061 2913/6781/5031 2898/6770/4997
s 9
usemtl initialShadingGroup
f 2905/6666/5009 2914/6852/5032 2933/6667/5062
f 2914/6852/5032 2932/6851/5063 2933/6667/5062
f 2934/6665/5064 2902/6664/5006 2905/6666/5009
f 2902/6664/5006 2934/6665/5064 2915/6757/5035
f 2915/6757/5035 2934/6665/5064 2916/6758/5065
f 2916/6758/5065 2934/6665/5064 2935/6756/5066
s 4
usemtl shatterInteriorSG1
f 2936/6716/5067 2909/6697/5017 2935/6717/5068
f 2935/6717/5068 2909/6697/5017 2916/6715/5038
f 2937/6704/5069 2938/6703/5070 2909/6697/5017
f 2938/6703/5070 2939/6702/5071 2909/6697/5017
f 2939/6702/5071 2920/6701/5072 2909/6697/5017
f 2917/6705/5042 2909/6697/5017 2918/6700/5073
f 2909/6697/5017 2920/6701/5072 2918/6700/5073
s 5
usemtl initialShadingGroup
f 2939/6736/5074 2938/6735/5075 2940/6681/5076
f 2919/6821/5044 2920/6734/5043 2922/6822/5077
f 2920/6734/5043 2939/6733/5074 2922/6822/5077
f 2942/6683/5078 2922/6822/5077 2941/6684/5079
f 2941/6684/5079 2922/6822/5077 2940/6682/5076
f 2922/6822/5077 2939/6733/5074 2940/6682/5076
f 2922/6818/5077 2942/6686/5078 2921/6819/5080
f 2942/6686/5078 2943/6685/5081 2921/6819/5080
f 2925/6820/5082 2921/6819/5080 2943/6685/5081
f 2926/6817/5083 2925/6816/5082 2944/6687/5084
f 2944/6687/5084 2925/6816/5082 2943/6688/5081
f 2926/6875/5083 2944/6690/5084 2927/6876/5085
f 2927/6876/5085 2944/6690/5084 2945/6689/5086
f 2945/6693/5086 2947/6692/5087 2927/6872/5085
f 2927/6872/5085 2947/6692/5087 2923/6873/5088
f 2948/6691/5089 2946/6874/5090 2947/6692/5087
f 2946/6874/5090 2923/6873/5088 2947/6692/5087
f 2949/6871/5091 2946/6870/5090 2950/6694/5092
f 2950/6694/5092 2946/6870/5090 2948/6695/5089
f 2951/6869/5093 2949/6868/5091 2950/6696/5092
s 8
usemtl shatterInteriorSG1
f 2952/6813/5094 2924/6771/5049 2951/6814/5095
f 2951/6814/5095 2924/6771/5049 2949/6815/5096
f 2949/6815/5096 2924/6771/5049 2946/6811/5097
f 2924/6771/5049 2923/6812/5053 2946/6811/5097
f 2929/6779/5058 2924/6771/5049 2930/6776/5098
f 2930/6776/5098 2924/6771/5049 2954/6777/5099
f 2924/6771/5049 2953/6778/5100 2954/6777/5099
s 9
usemtl initialShadingGroup
f 2955/6860/5101 2956/6669/5102 2953/6861/5103
f 2954/6862/5104 2953/6861/5103 2956/6669/5102
f 2930/6859/5054 2954/6858/5104 2931/6668/5055
f 2931/6668/5055 2954/6858/5104 2956/6669/5102
f 2932/6854/5063 2928/6853/5057 2933/6667/5062
f 2928/6853/5057 2931/6668/5055 2933/6667/5062
f 2934/6665/5064 2905/6666/5009 2933/6667/5062
f 2935/6754/5066 2934/6665/5064 2936/6755/5105
f 2936/6755/5105 2934/6665/5064 2957/6753/5106
s 4
usemtl shatterInteriorSG1
f 2909/6697/5017 2936/6710/5067 2937/6711/5069
f 2937/6711/5069 2936/6710/5067 2959/6712/5107
f 2936/6710/5067 2957/6714/5108 2959/6712/5107
f 2957/6714/5108 2958/6713/5109 2959/6712/5107
s 5
f 2878/6912/5110 2941/6679/5079 2879/6913/5111
f 2879/6913/5111 2941/6679/5079 2960/6766/5112
f 2960/6766/5112 2941/6679/5079 2959/6767/5113
f 2941/6679/5079 2940/6680/5076 2959/6767/5113
f 2938/6765/5075 2937/6768/5114 2940/6680/5076
f 2940/6680/5076 2937/6768/5114 2959/6767/5113
f 2947/6676/5087 2945/6675/5086 2875/6914/5115
f 2875/6914/5115 2945/6675/5086 2874/6915/5116
f 2945/6675/5086 2944/6674/5084 2874/6915/5116
f 2874/6915/5116 2944/6674/5084 2878/6916/5110
f 2941/6677/5079 2878/6916/5110 2942/6678/5078
f 2942/6678/5078 2878/6916/5110 2943/6673/5081
f 2878/6916/5110 2944/6674/5084 2943/6673/5081
f 2872/6918/5117 2952/6867/5118 2871/6919/5119
f 2875/6917/5115 2873/6920/5120 2947/6672/5087
f 2947/6672/5087 2873/6920/5120 2948/6670/5089
f 2873/6920/5120 2871/6919/5119 2948/6670/5089
f 2948/6670/5089 2871/6919/5119 2950/6671/5092
f 2952/6867/5118 2951/6866/5093 2871/6919/5119
f 2871/6919/5119 2951/6866/5093 2950/6671/5092
s 8
f 2869/6921/5121 2924/6771/5049 2870/6922/5122
f 2870/6922/5122 2924/6771/5049 2872/6923/5123
f 2872/6923/5123 2924/6771/5049 2952/6772/5094
f 2869/6925/5121 2868/6924/5124 2924/6771/5049
f 2868/6924/5124 2961/6774/5125 2924/6771/5049
f 2953/6775/5100 2924/6771/5049 2955/6773/5126
f 2961/6774/5125 2955/6773/5126 2924/6771/5049
s 9
usemtl initialShadingGroup
f 2868/6928/5127 2865/6927/5128 2961/6865/5129
f 2865/6927/5128 2864/6926/5130 2961/6865/5129
f 2955/6864/5101 2961/6863/5129 2956/6669/5102
f 2956/6669/5102 2961/6863/5129 2863/6929/5131
f 2864/6930/5130 2863/6929/5131 2961/6863/5129
f 2863/6932/5131 2862/6931/5132 2956/6669/5102
f 2862/6934/5132 2861/6933/5133 2956/6669/5102
f 2956/6669/5102 2861/6936/5133 2931/6668/5055
f 2861/6936/5133 2860/6935/5134 2931/6668/5055
f 2860/6938/5134 2859/6937/5135 2931/6668/5055
f 2859/6940/5135 2858/6939/5136 2931/6668/5055
f 2931/6668/5055 2858/6939/5136 2933/6667/5062
f 2883/6943/5137 2933/6667/5062 2877/6944/5138
f 2858/6942/5136 2867/6941/5139 2933/6667/5062
f 2877/6944/5138 2933/6667/5062 2867/6941/5139
f 2882/6945/5140 2934/6665/5064 2883/6946/5137
f 2883/6946/5137 2934/6665/5064 2933/6667/5062
f 2934/6665/5064 2882/6948/5140 2957/6749/5106
f 2957/6749/5106 2882/6948/5140 2958/6750/5141
f 2882/6948/5140 2881/6947/5142 2958/6750/5141
f 2881/6947/5142 2962/6748/5143 2958/6750/5141
f 2881/6950/5142 2884/6949/5144 2962/6745/5143
s 4
usemtl shatterInteriorSG1
f 2959/6707/5107 2958/6706/5109 2960/6708/5145
f 2958/6706/5109 2962/6709/5146 2960/6708/5145
f 2884/6953/5147 2876/6952/5148 2962/6709/5146
f 2962/6709/5146 2876/6952/5148 2960/6708/5145
f 2876/6952/5148 2880/6951/5149 2960/6708/5145
s 5
f 2880/6955/5150 2879/6954/5111 2960/6769/5112
g default
v 5.743668 4.340451 -0.035247
v 5.313938 4.307080 0.115309
v 5.533718 4.581796 0.024269
v 5.536327 4.579842 0.023472
v 5.753349 4.417414 -0.042792
v 5.576626 3.012698 0.094926
v 5.440323 2.842327 0.151387
v 5.737400 4.290637 -0.030363
v 5.611576 3.290510 0.067690
v 5.556324 2.851335 0.110746
v 5.487053 2.300744 0.164726
v 5.549961 2.800749 0.115706
v 5.490200 2.325761 0.162274
v 5.306557 0.866034 0.305385
v 5.197891 0.002319 0.390064
v 4.880268 0.002319 0.500000
v 4.831905 0.309486 0.500000
v 4.812225 0.434490 0.500000
v 5.334377 1.087164 0.283706
v 4.795662 0.539679 0.500000
v 4.739307 0.897604 0.500000
v 4.711056 1.077047 0.500000
v 4.674648 1.308302 0.500000
v 5.368980 1.362219 0.256739
v 5.362518 1.310863 0.261774
v 4.646713 1.485722 0.500000
v 4.626450 1.614412 0.500000
v 4.598743 1.790380 0.500000
v 5.472340 2.183779 0.176194
v 5.459717 2.083449 0.186030
v 5.459064 2.078271 0.186538
v 4.445286 2.765057 0.500000
v 4.554115 2.073839 0.500000
v 4.541843 2.151779 0.500000
v 4.461517 2.661957 0.500000
v 4.457237 2.689144 0.500000
v 4.385265 3.146267 0.500000
v 4.411915 2.976999 0.500000
v 4.215927 4.221814 0.500000
v 4.372631 3.226509 0.500000
v 4.368923 3.250074 0.500000
v 4.288025 3.763874 0.500000
v 4.276325 3.838191 0.500000
v 3.975647 5.747912 0.500000
v 4.060608 5.684323 0.474058
v 3.986565 5.678574 0.500000
v 4.721703 5.189536 0.272204
v 4.171787 4.502157 0.500000
v 4.118813 4.838605 0.500000
v 4.091133 5.014425 0.500000
v 4.034206 5.375970 0.500000
v 3.998535 5.602542 0.500000
v 4.154118 5.614338 0.445507
v 4.701160 5.204910 0.278476
v 5.273426 4.776606 0.103745
v 4.203419 4.301240 0.500000
v 4.183727 4.426308 0.500000
v 5.524582 4.588632 0.027058
v 5.507275 4.601585 0.032343
v 6.404644 2.671673 0.500000
v 6.410858 2.689144 0.500000
v 6.372768 2.689144 0.500000
v 6.448074 2.793817 0.500000
v 6.408989 2.896744 0.467705
v 6.394478 2.904125 0.500000
v 6.372768 2.948807 0.500000
v 6.237839 3.226509 0.500000
v 5.392334 3.226509 0.500000
v 6.188866 3.327305 0.500000
v 5.392334 3.763874 0.500000
v 5.976746 3.763874 0.500000
v 5.833000 4.059715 0.500000
v 5.392334 4.301240 0.500000
v 4.411915 4.838605 0.500000
v 5.392334 4.838605 0.500000
v 4.411915 4.301240 0.500000
v 4.411915 3.763874 0.500000
v 5.392334 2.689144 0.500000
v 6.244740 2.221949 0.500000
v 6.372768 2.582021 0.500000
v 6.393326 2.639841 0.500000
v 6.095181 2.887994 0.335125
v 6.394146 2.935833 0.455440
v 6.148125 3.583691 0.252163
v 5.825623 4.074905 0.500000
v 5.715649 4.301240 0.500000
v 5.705894 4.321318 0.500000
v 5.514267 4.715708 0.500000
v 5.477139 4.792125 0.500000
v 5.454556 4.838605 0.500000
v 4.605400 5.375970 0.500000
v 4.411915 5.490245 0.500000
v 4.411915 5.375970 0.500000
v 4.411915 3.226509 0.500000
v 6.219791 2.151779 0.500000
v 5.392334 2.151779 0.500000
v 5.392334 0.002319 0.473037
v 5.410973 0.002319 0.480990
v 5.392334 0.002319 0.500000
v 5.455524 0.002319 0.500000
v 5.605122 0.423054 0.500000
v 5.392334 0.539679 0.500000
v 5.646587 0.539679 0.500000
v 5.658478 0.573120 0.500000
v 5.765026 0.872778 0.500000
v 5.392334 1.077047 0.500000
v 5.837658 1.077047 0.500000
v 5.924931 1.322502 0.500000
v 5.392334 1.614412 0.500000
v 5.954472 1.405586 0.500000
v 6.025902 1.606482 0.500000
v 6.028725 1.614412 0.500000
v 6.084835 1.772226 0.500000
v 6.169342 2.009892 0.500000
v 6.004482 3.961959 0.133474
v 5.906834 4.219102 0.052791
v 5.602753 4.678978 0.291171
v 5.470081 4.840295 0.451671
v 5.871517 4.312098 0.023611
v 5.843239 4.386569 0.000245
v 5.713207 4.544678 0.157552
v 5.430134 4.888870 0.500000
v 5.392334 4.911194 0.500000
v 5.233032 5.005281 0.500000
v 4.766727 5.280687 0.500000
v 4.226006 5.600046 0.500000
vt 0.591667 0.000000
vt 0.591667 0.016667
vt 0.591667 0.033333
vt 0.591667 0.050000
vt 0.591667 0.066667
vt 0.591667 0.083333
vt 0.608333 0.083333
vt 0.575000 0.100000
vt 0.591667 0.100000
vt 0.575000 0.116667
vt 0.591667 0.116667
vt 0.575000 0.133333
vt 0.591667 0.133333
vt 0.575000 0.150000
vt 0.591667 0.150000
vt 0.575000 0.166667
vt 0.591667 1.000000
vt 0.512289 0.450000
vt 0.504347 0.470653
vt 0.512289 0.450000
vt 0.511986 0.450788
vt 0.510102 0.455687
vt 0.509418 0.457465
vt 0.506457 0.465166
vt 0.504450 0.470385
vt 0.500000 0.481957
vt 0.499482 0.483305
vt 0.499166 0.484125
vt 0.502675 0.475000
vt 0.500000 0.481957
vt 0.504347 0.470653
vt 0.502811 0.474646
vt 0.502675 0.475000
vt 0.606040 0.100000
vt 0.608333 0.091387
vt 0.608333 0.091387
vt 0.608702 0.090001
vt 0.605207 0.103126
vt 0.606040 0.100000
vt 0.601601 0.116667
vt 0.605207 0.103126
vt 0.599158 0.125842
vt 0.601601 0.116667
vt 0.599158 0.125842
vt 0.597163 0.133333
vt 0.599032 0.126313
vt 0.597163 0.133333
vt 0.593108 0.148558
vt 0.593739 0.146188
vt 0.596997 0.133956
vt 0.592724 0.150000
vt 0.593108 0.148558
vt 0.592724 0.150000
vt 0.475000 0.500000
vt 0.436015 0.488176
vt 0.436556 0.488445
vt 0.427510 0.482699
vt 0.427459 0.483039
vt 0.427337 0.483854
vt 0.434132 0.487238
vt 0.441395 0.490855
vt 0.444694 0.492497
vt 0.448658 0.494472
vt 0.450000 0.495140
vt 0.436556 0.488445
vt 0.453245 0.496756
vt 0.450000 0.495140
vt 0.453373 0.496819
vt 0.455921 0.498089
vt 0.459760 0.500000
vt 0.453245 0.496755
vt 0.462051 0.501141
vt 0.463184 0.501706
vt 0.469000 0.504601
vt 0.469934 0.505067
vt 0.459760 0.500000
vt 0.470448 0.505323
vt 0.470730 0.505463
vt 0.472420 0.506305
vt 0.474290 0.505749
vt 0.475000 0.505538
vt 0.469933 0.505067
vt 0.493640 0.500000
vt 0.475000 0.505538
vt 0.486768 0.502042
vt 0.500000 0.498110
vt 0.493640 0.500000
vt 0.498311 0.498612
vt 0.500000 0.498110
vt 0.592741 1.000000
vt 0.591983 0.995247
vt 0.591984 0.995247
vt 0.591667 0.993259
vt 0.591667 0.993259
vt 0.609614 0.086580
vt 0.608981 0.083333
vt 0.608981 0.083333
vt 0.608875 0.082791
vt 0.608875 0.082791
vt 0.608683 0.081804
vt 0.608333 0.080011
vt 0.608333 0.080011
vt 0.606157 0.068843
vt 0.606157 0.068843
vt 0.605733 0.066667
vt 0.605733 0.066667
vt 0.604875 0.062266
vt 0.603439 0.054895
vt 0.603439 0.054895
vt 0.602485 0.050000
vt 0.602485 0.050000
vt 0.602437 0.049754
vt 0.601223 0.043523
vt 0.600720 0.040946
vt 0.600720 0.040946
vt 0.599237 0.033333
vt 0.599237 0.033333
vt 0.598002 0.026998
vt 0.598002 0.026998
vt 0.596191 0.017704
vt 0.595989 0.016667
vt 0.595989 0.016667
vt 0.595284 0.013049
vt 0.595284 0.013049
vt 0.592741 0.000000
vt 0.512013 0.462987
vt 0.511189 0.475000
vt 0.511522 0.470139
vt 0.511189 0.475000
vt 0.511068 0.476758
vt 0.512904 0.450000
vt 0.512013 0.462987
vt 0.512853 0.450739
vt 0.512904 0.450000
vt 0.513037 0.448054
vt 0.515056 0.525000
vt 0.509384 0.520108
vt 0.512277 0.522603
vt 0.515056 0.525000
vt 0.506972 0.518028
vt 0.495258 0.495648
vt 0.495823 0.500000
vt 0.496303 0.503697
vt 0.495823 0.500000
vt 0.497618 0.509962
vt 0.500000 0.512016
vt 0.496303 0.503697
vt 0.496879 0.508137
vt 0.497053 0.509475
vt 0.506972 0.518028
vt 0.500000 0.512016
vt 0.501353 0.497708
vt 0.575000 0.170211
vt 0.578289 0.166667
vt 0.571840 0.173616
vt 0.575000 0.170211
vt 0.591667 0.152251
vt 0.592309 0.151559
vt 0.578289 0.166667
vt 0.581032 0.163711
vt 0.588959 0.155170
vt 0.591667 0.152251
vt 0.507149 0.480321
vt 0.510972 0.478166
vt 0.500000 0.484350
vt 0.503901 0.482151
vt 0.498825 0.485012
vt 0.500000 0.484350
vt 0.475000 0.500000
vt 0.500000 0.500000
vt 0.501292 0.491946
vt 0.504332 0.495588
vt 0.504368 0.495632
vt 0.500000 0.492239
vt 0.482373 0.496234
vt 0.499164 0.492428
vt 0.500000 0.492239
vt 0.477709 0.497291
vt 0.477709 0.497291
vt 0.475000 0.497905
vt 0.466176 0.499905
vt 0.474151 0.498097
vt 0.475000 0.497905
vt 0.465756 0.500000
vt 0.445382 0.504618
vt 0.435004 0.514996
vt 0.432859 0.514836
vt 0.427588 0.514444
vt 0.427169 0.508746
vt 0.441670 0.505459
vt 0.449138 0.503767
vt 0.450000 0.503571
vt 0.450000 0.516111
vt 0.446031 0.515816
vt 0.442952 0.515587
vt 0.436809 0.515130
vt 0.435004 0.514996
vt 0.445382 0.504618
vt 0.462021 0.500847
vt 0.462108 0.500827
vt 0.463793 0.500445
vt 0.465756 0.500000
vt 0.458273 0.516727
vt 0.455253 0.516502
vt 0.453045 0.516338
vt 0.450000 0.516111
vt 0.450000 0.503571
vt 0.473697 0.517874
vt 0.473231 0.517840
vt 0.464475 0.517188
vt 0.463138 0.517089
vt 0.458273 0.516727
vt 0.475000 0.517971
vt 0.478637 0.518242
vt 0.475000 0.517971
vt 0.481542 0.518458
vt 0.493417 0.519341
vt 0.492141 0.519246
vt 0.483324 0.518590
vt 0.482919 0.518560
vt 0.481542 0.518458
vt 0.500000 0.519831
vt 0.525000 0.521691
vt 0.525000 0.520353
vt 0.526190 0.521779
vt 0.516029 0.509604
vt 0.523690 0.518784
vt 0.525000 0.520354
vt 0.525000 0.521691
vt 0.523695 0.521594
vt 0.519807 0.521305
vt 0.513602 0.520843
vt 0.510585 0.520618
vt 0.504811 0.520189
vt 0.515741 0.509259
vt 0.515741 0.509259
vt 0.504811 0.520189
vt 0.503509 0.520092
vt 0.501363 0.519932
vt 0.500000 0.519831
vt 0.508014 0.500000
vt 0.504739 0.496076
vt 0.508014 0.500000
vt 0.504368 0.495632
vt 0.504496 0.495785
vt 0.516609 0.525000
vt 0.509894 0.515106
vt 0.518799 0.528228
vt 0.517757 0.526691
vt 0.516609 0.525000
vt 0.567584 0.178203
vt 0.567973 0.173694
vt 0.567769 0.176052
vt 0.568579 0.166667
vt 0.567973 0.173694
vt 0.569547 0.155453
vt 0.568579 0.166667
vt 0.570018 0.150000
vt 0.569547 0.155453
vt 0.571121 0.137212
vt 0.570918 0.139565
vt 0.570017 0.150000
vt 0.571456 0.133333
vt 0.571121 0.137212
vt 0.572695 0.118972
vt 0.571668 0.130870
vt 0.571456 0.133333
vt 0.572894 0.116667
vt 0.572695 0.118972
vt 0.574269 0.100731
vt 0.572894 0.116667
vt 0.574332 0.100000
vt 0.574269 0.100731
vt 0.575000 0.092261
vt 0.574547 0.097511
vt 0.574332 0.100000
vt 0.575770 0.083333
vt 0.575567 0.085688
vt 0.575000 0.092261
vt 0.575843 0.082490
vt 0.575770 0.083333
vt 0.577209 0.066667
vt 0.575843 0.082490
vt 0.577417 0.064249
vt 0.577209 0.066667
vt 0.578647 0.050000
vt 0.578176 0.055458
vt 0.577417 0.064249
vt 0.578991 0.046009
vt 0.578647 0.050000
vt 0.580085 0.033333
vt 0.579466 0.040506
vt 0.578991 0.046009
vt 0.580566 0.027768
vt 0.580085 0.033333
vt 0.581524 0.016667
vt 0.580566 0.027768
vt 0.582140 0.009527
vt 0.581805 0.013404
vt 0.581524 0.016667
vt 0.582962 0.000000
vt 0.582140 0.009527
vt 0.588361 0.972516
vt 0.582962 1.000000
vt 0.442536 0.482464
vt 0.428043 0.479145
vt 0.450000 0.484174
vt 0.446246 0.483314
vt 0.442536 0.482464
vt 0.462877 0.487123
vt 0.450862 0.484371
vt 0.450000 0.484174
vt 0.462964 0.487143
vt 0.462877 0.487123
vt 0.464647 0.487529
vt 0.462964 0.487143
vt 0.467030 0.488074
vt 0.466610 0.487978
vt 0.464647 0.487529
vt 0.475000 0.489900
vt 0.467030 0.488074
vt 0.475000 0.489900
vt 0.483218 0.491782
vt 0.478556 0.490714
vt 0.475849 0.490094
vt 0.500000 0.495626
vt 0.483218 0.491782
vt 0.502127 0.496113
vt 0.500836 0.495817
vt 0.500000 0.495626
vt 0.499643 0.500000
vt 0.496980 0.496075
vt 0.499643 0.500000
vt 0.499788 0.500212
vt 0.499675 0.500047
vt 0.500000 0.500525
vt 0.499788 0.500212
vt 0.509894 0.515106
vt 0.509642 0.514734
vt 0.502870 0.504755
vt 0.500000 0.500525
vn -0.326645 -0.051427 -0.943747
vn -0.326651 -0.051427 -0.943745
vn -0.326649 -0.051430 -0.943745
vn -0.326648 -0.051430 -0.943746
vn -0.326647 -0.051433 -0.943746
vn -0.326648 -0.051429 -0.943746
vn -0.326644 -0.051429 -0.943747
vn -0.326650 -0.051430 -0.943745
vn -0.326648 -0.051430 -0.943746
vn -0.326643 -0.051429 -0.943747
vn -0.326649 -0.051430 -0.943746
vn -0.326655 -0.051430 -0.943743
vn -0.326641 -0.051429 -0.943748
vn -0.326648 -0.051431 -0.943746
vn -0.326649 -0.051429 -0.943745
vn -0.326649 -0.051429 -0.943746
vn -0.326649 -0.051429 -0.943745
vn -0.326647 -0.051427 -0.943746
vn -0.326649 -0.051430 -0.943745
vn -0.326645 -0.051431 -0.943747
vn -0.326647 -0.051429 -0.943746
vn -0.326649 -0.051430 -0.943745
vn -0.326649 -0.051431 -0.943746
vn -0.326650 -0.051429 -0.943745
vn -0.326649 -0.051427 -0.943746
vn -0.326649 -0.051429 -0.943745
vn -0.326647 -0.051433 -0.943746
vn -0.326649 -0.051425 -0.943746
vn -0.326649 -0.051430 -0.943746
vn -0.326649 -0.051432 -0.943745
vn -0.326650 -0.051433 -0.943745
vn -0.326650 -0.051428 -0.943745
vn -0.326649 -0.051430 -0.943745
vn -0.326649 -0.051430 -0.943745
vn -0.326651 -0.051427 -0.943745
vn -0.326649 -0.051430 -0.943745
vn -0.326649 -0.051429 -0.943746
vn -0.326649 -0.051429 -0.943745
vn -0.326649 -0.051429 -0.943745
vn -0.326652 -0.051428 -0.943745
vn -0.326648 -0.051431 -0.943746
vn -0.326649 -0.051427 -0.943745
vn -0.326649 -0.051430 -0.943746
vn -0.326657 -0.051434 -0.943742
vn -0.326652 -0.051433 -0.943744
vn -0.326657 -0.051432 -0.943742
vn -0.326649 -0.051429 -0.943746
vn -0.326648 -0.051430 -0.943746
vn -0.326649 -0.051430 -0.943746
vn -0.326648 -0.051432 -0.943746
vn -0.326651 -0.051430 -0.943745
vn -0.326649 -0.051431 -0.943745
vn -0.326652 -0.051429 -0.943745
vn -0.326649 -0.051429 -0.943746
vn -0.326649 -0.051430 -0.943745
vn -0.326646 -0.051435 -0.943746
vn -0.326650 -0.051427 -0.943745
vn -0.326629 -0.051445 -0.943752
vn -0.326649 -0.051429 -0.943745
vn 0.000000 0.000000 1.000000
vn 0.000000 0.000000 1.000000
vn 0.000000 0.000000 1.000000
vn 0.860500 0.418101 0.291087
vn 0.860501 0.418099 0.291087
vn 0.860501 0.418097 0.291089
vn 0.000000 0.000000 1.000000
vn 0.000000 0.000000 1.000000
vn 0.000000 0.000000 1.000000
vn 0.000000 0.000000 1.000000
vn 0.000000 0.000000 1.000000
vn 0.000000 0.000000 1.000000
vn 0.000000 0.000000 1.000000
vn 0.000000 0.000000 1.000000
vn 0.000000 0.000000 1.000000
vn 0.000000 0.000000 1.000000
vn 0.000000 0.000000 1.000000
vn 0.000000 0.000000 1.000000
vn 0.000000 0.000000 1.000000
vn 0.000000 0.000000 1.000000
vn 0.000000 0.000000 1.000000
vn 0.000000 0.000000 1.000000
vn 0.000000 0.000000 1.000000
vn 0.000000 0.000000 1.000000
vn 0.388716 -0.138205 -0.910933
vn 0.388712 -0.138212 -0.910934
vn 0.388706 -0.138220 -0.910935
vn 0.388709 -0.138215 -0.910935
vn 0.388713 -0.138210 -0.910934
vn 0.388712 -0.138214 -0.910934
vn 0.388710 -0.138213 -0.910935
vn 0.860502 0.418102 0.291078
vn 0.860502 0.418066 0.291132
vn 0.860506 0.418101 0.291070
vn 0.860505 0.418106 0.291065
vn 0.860509 0.418099 0.291062
vn 0.860498 0.418105 0.291085
vn 0.860500 0.418104 0.291081
vn 0.860506 0.418100 0.291071
vn 0.000000 0.000000 1.000000
vn 0.000000 0.000000 1.000000
vn 0.000000 0.000000 1.000000
vn 0.000000 0.000000 1.000000
vn 0.000000 0.000000 1.000000
vn 0.000000 0.000000 1.000000
vn 0.000000 0.000000 1.000000
vn 0.000000 0.000000 1.000000
vn 0.000000 0.000000 1.000000
vn 0.000000 0.000000 1.000000
vn 0.000000 0.000000 1.000000
vn 0.000000 0.000000 1.000000
vn 0.000000 -1.000000 0.000000
vn 0.000000 -1.000000 0.000000
vn 0.000000 -1.000000 0.000000
vn 0.000000 -1.000000 0.000000
vn 0.000000 0.000000 1.000000
vn 0.000000 0.000000 1.000000
vn 0.000000 0.000000 1.000000
vn 0.000000 0.000000 1.000000
vn 0.000000 0.000000 1.000000
vn 0.000000 0.000000 1.000000
vn 0.000000 0.000000 1.000000
vn 0.000000 0.000000 1.000000
vn 0.000000 0.000000 1.000000
vn 0.000000 0.000000 1.000000
vn 0.000000 0.000000 1.000000
vn 0.000000 0.000000 1.000000
vn 0.000000 0.000000 1.000000
vn 0.000000 0.000000 1.000000
vn 0.000000 0.000000 1.000000
vn 0.000000 0.000000 1.000000
vn 0.388711 -0.138212 -0.910934
vn 0.388714 -0.138211 -0.910933
vn 0.388717 -0.138208 -0.910932
vn 0.388712 -0.138211 -0.910934
vn 0.388716 -0.138212 -0.910932
vn 0.388712 -0.138212 -0.910934
vn 0.860505 0.418099 0.291076
vn 0.860504 0.418099 0.291079
vn 0.860502 0.418102 0.291080
vn 0.860501 0.418107 0.291074
vn 0.860506 0.418097 0.291075
vn 0.860503 0.418102 0.291077
vn 0.860501 0.418105 0.291079
vn 0.860503 0.418101 0.291079
vn 0.860505 0.418099 0.291075
vn 0.860507 0.418093 0.291077
vn 0.860512 0.418094 0.291062
vn 0.860515 0.418088 0.291059
vn 0.860514 0.418090 0.291060
vn 0.000000 0.000000 1.000000
vn 0.000000 0.000000 1.000000
vn 0.000000 0.000000 1.000000
vn 0.000000 0.000000 1.000000
vn 0.464607 0.786648 -0.406603
vn 0.464607 0.786646 -0.406605
vn 0.464605 0.786648 -0.406603
vn 0.464608 0.786650 -0.406598
vn 0.464606 0.786647 -0.406606
vn 0.464605 0.786648 -0.406604
vn 0.464604 0.786643 -0.406615
vn 0.464604 0.786641 -0.406619
vn 0.000000 0.000000 1.000000
vn 0.000000 0.000000 1.000000
vn 0.000000 0.000000 1.000000
vn 0.000000 0.000000 1.000000
vn 0.000000 0.000000 1.000000
vn 0.000000 0.000000 1.000000
vn 0.000000 0.000000 1.000000
vn 0.000000 0.000000 1.000000
vn 0.000000 0.000000 1.000000
vn 0.000000 0.000000 1.000000
vn 0.000000 0.000000 1.000000
vn 0.000000 0.000000 1.000000
vn 0.000000 0.000000 1.000000
vn 0.000000 0.000000 1.000000
vn 0.000000 0.000000 1.000000
vn 0.000000 0.000000 1.000000
vn 0.000000 0.000000 1.000000
vn 0.000000 0.000000 1.000000
vn 0.000000 0.000000 1.000000
vn 0.000000 0.000000 1.000000
vn 0.000000 0.000000 1.000000
vn 0.000000 0.000000 1.000000
vn 0.000000 0.000000 1.000000
vn 0.000000 0.000000 1.000000
vn 0.000000 0.000000 1.000000
vn 0.000000 0.000000 1.000000
vn 0.000000 0.000000 1.000000
vn 0.000000 0.000000 1.000000
vn 0.000000 0.000000 1.000000
vn 0.000000 0.000000 1.000000
vn 0.000000 0.000000 1.000000
vn 0.000000 0.000000 1.000000
vn 0.000000 -1.000000 0.000000
vn 0.000000 -1.000000 0.000000
vn 0.388713 -0.138213 -0.910933
vn 0.388713 -0.138213 -0.910933
vn 0.388713 -0.138214 -0.910933
vn 0.388706 -0.138203 -0.910938
vn 0.388704 -0.138205 -0.910938
vn 0.388695 -0.138205 -0.910942
vn 0.388698 -0.138207 -0.910941
vn 0.388712 -0.138214 -0.910933
vn 0.388713 -0.138211 -0.910934
vn 0.388712 -0.138208 -0.910934
vn 0.388713 -0.138210 -0.910934
vn 0.388712 -0.138210 -0.910934
vn 0.388713 -0.138209 -0.910934
vn 0.388713 -0.138213 -0.910933
vn 0.388713 -0.138212 -0.910933
vn 0.388712 -0.138211 -0.910934
vn 0.388711 -0.138214 -0.910934
vn 0.388712 -0.138214 -0.910934
vn 0.388709 -0.138214 -0.910935
vn 0.388713 -0.138210 -0.910934
vn 0.388713 -0.138211 -0.910934
vn 0.388712 -0.138211 -0.910934
vn 0.388712 -0.138206 -0.910935
vn 0.388714 -0.138213 -0.910933
vn 0.388712 -0.138212 -0.910934
vn 0.388713 -0.138212 -0.910933
vn 0.388713 -0.138209 -0.910934
vn 0.388714 -0.138212 -0.910933
vn 0.388712 -0.138211 -0.910934
vn 0.388706 -0.138210 -0.910937
vn 0.388714 -0.138217 -0.910932
vn 0.388708 -0.138208 -0.910936
vn 0.388706 -0.138208 -0.910937
vn 0.464609 0.786644 -0.406607
vn 0.464605 0.786647 -0.406606
vn 0.464603 0.786647 -0.406609
vn 0.464601 0.786648 -0.406609
vn 0.464546 0.786690 -0.406591
vn 0.464607 0.786647 -0.406604
vn 0.464595 0.786660 -0.406592
vn 0.464606 0.786647 -0.406605
vn 0.464609 0.786647 -0.406602
vn 0.464606 0.786647 -0.406604
vn 0.464588 0.786654 -0.406613
vn 0.464620 0.786643 -0.406598
vn 0.464606 0.786647 -0.406606
vn 0.464606 0.786649 -0.406602
s 1
g solidShatter1 shard20
usemtl shatterInteriorSG1
f 2965/7128/5151 2966/7127/5152 2964/7125/5153
f 2966/7127/5152 2967/7126/5154 2964/7125/5153
f 2963/7129/5155 2964/7125/5153 2967/7126/5154
f 2969/7124/5156 2964/7125/5153 2968/7133/5157
f 2968/7133/5157 2964/7125/5153 2971/7130/5158
f 2963/7132/5155 2970/7131/5159 2964/7125/5153
f 2964/7125/5153 2970/7131/5159 2971/7130/5158
f 2972/7135/5160 2969/7124/5156 2968/7134/5157
f 2973/7139/5161 2969/7124/5156 2975/7136/5162
f 2972/7138/5160 2974/7137/5163 2969/7124/5156
f 2969/7124/5156 2974/7137/5163 2975/7136/5162
f 2981/7140/5164 2976/7145/5165 2980/7141/5166
f 2976/7145/5165 2977/7144/5167 2980/7141/5166
f 2980/7141/5166 2977/7144/5167 2979/7142/5168
f 2977/7144/5167 2978/7143/5169 2979/7142/5168
f 2980/7152/5166 2982/7151/5170 2981/7153/5164
f 2982/7151/5170 2983/7150/5171 2981/7153/5164
f 2986/7147/5172 2987/7146/5173 2985/7148/5174
f 2983/7150/5171 2984/7149/5175 2981/7153/5164
f 2985/7148/5174 2987/7146/5173 2984/7149/5175
f 2981/7153/5164 2984/7149/5175 2987/7146/5173
f 2969/7124/5156 2973/7157/5161 2990/7158/5176
f 2973/7157/5161 2991/7156/5177 2990/7158/5176
f 2991/7156/5177 2992/7155/5178 2990/7158/5176
f 2992/7155/5178 2993/7154/5179 2990/7158/5176
f 2993/7154/5179 2986/7162/5172 2990/7158/5176
f 2990/7158/5176 2986/7162/5172 2989/7159/5180
f 2989/7159/5180 2986/7162/5172 2988/7160/5181
f 2986/7162/5172 2985/7161/5174 2988/7160/5181
f 2990/7167/5176 2995/7166/5182 2969/7124/5156
f 2995/7166/5182 2996/7165/5183 2969/7124/5156
f 2994/7168/5184 2969/7124/5156 2998/7163/5185
f 2998/7163/5185 2969/7124/5156 2997/7164/5186
f 2969/7124/5156 2996/7165/5183 2997/7164/5186
f 2994/7170/5184 3000/7169/5187 2969/7124/5156
f 3000/7169/5187 2999/7171/5188 2969/7124/5156
f 2999/7171/5188 2964/7125/5153 2969/7124/5156
f 2999/7176/5188 3002/7175/5189 2964/7125/5153
f 3002/7175/5189 3003/7174/5190 2964/7125/5153
f 3003/7174/5190 3004/7173/5191 2964/7125/5153
f 3004/7173/5191 3005/7172/5192 2964/7125/5153
f 3001/7177/5193 2964/7125/5153 3005/7172/5192
f 3006/7180/5194 3007/7179/5195 3008/7178/5196
f 3010/7189/5197 3011/7188/5198 3009/7190/5199
f 3009/7190/5199 3011/7188/5198 3016/7181/5200
f 3011/7188/5198 3012/7187/5201 3016/7181/5200
f 3012/7187/5201 3013/7186/5202 3016/7181/5200
f 3008/7184/5196 3007/7183/5195 3014/7185/5203
f 3007/7183/5195 3015/7182/5204 3014/7185/5203
f 3014/7185/5203 3015/7182/5204 3013/7186/5202
f 3013/7186/5202 3015/7182/5204 3016/7181/5200
f 2964/7125/5153 3001/7195/5193 3017/7196/5205
f 3001/7195/5193 3018/7194/5206 3017/7196/5205
f 3018/7194/5206 3019/7193/5207 3017/7196/5205
f 3019/7193/5207 3010/7192/5197 3017/7196/5205
f 3017/7196/5205 3010/7192/5197 3009/7191/5199
f 2965/7199/5151 2964/7125/5153 3020/7200/5208
f 3020/7200/5208 2964/7125/5153 3021/7197/5209
f 2964/7125/5153 3017/7198/5205 3021/7197/5209
s 9
usemtl initialShadingGroup
f 3022/7053/5210 3023/7052/5211 3024/6962/5212
s 10
usemtl shatterInteriorSG1
f 3025/7090/5213 3026/7089/5214 3027/6973/5215
s 9
usemtl initialShadingGroup
f 3028/6991/5216 3024/6962/5212 3027/6992/5217
f 3024/6962/5212 3023/7051/5211 3027/6992/5217
f 3023/7051/5211 3025/7050/5218 3027/6992/5217
f 3024/6962/5212 3028/6990/5216 3030/6964/5219
f 3028/6990/5216 3029/6989/5220 3030/6964/5219
f 3029/6994/5220 3031/6993/5221 3030/6964/5219
f 3030/6964/5219 3031/6993/5221 3032/6966/5222
f 3031/6996/5221 3033/6995/5223 3032/6966/5222
f 3033/6998/5223 3034/6997/5224 3032/6966/5222
f 3032/6966/5222 3034/6997/5224 3035/6968/5225
f 3036/6969/5226 3035/6968/5225 3037/6970/5227
f 3038/6967/5228 3032/6966/5222 3035/6968/5225
f 3039/6965/5229 3030/6964/5219 3032/6966/5222
f 3040/6961/5230 3024/6962/5212 3030/6964/5219
f 3024/6962/5212 3040/6961/5230 3042/7057/5231
f 3041/7058/5232 3042/7057/5231 3040/6961/5230
f 3042/7056/5231 3043/7055/5233 3024/6962/5212
f 3024/6962/5212 3043/7055/5233 3022/7054/5210
s 13
usemtl shatterInteriorSG1
f 3043/7037/5234 3044/7009/5235 3022/7032/5236
f 3022/7032/5236 3044/7009/5235 3023/7033/5237
f 3023/7033/5237 3044/7009/5235 3025/7034/5238
f 3025/7034/5238 3044/7009/5235 3026/7035/5239
f 3044/7009/5235 3045/7036/5240 3026/7035/5239
s 10
f 3047/6974/5241 3034/6980/5242 3046/7087/5243
f 3034/6980/5242 3033/6979/5244 3046/7087/5243
f 3033/6979/5244 3031/6978/5245 3046/7087/5243
f 3026/7086/5214 3045/7088/5246 3027/6975/5215
f 3027/6975/5215 3045/7088/5246 3028/6976/5247
f 3045/7088/5246 3046/7087/5243 3028/6976/5247
f 3028/6976/5247 3046/7087/5243 3029/6977/5248
f 3046/7087/5243 3031/6978/5245 3029/6977/5248
s 9
usemtl initialShadingGroup
f 3034/6999/5224 3047/7001/5249 3035/6968/5225
f 3047/7001/5249 3048/7000/5250 3035/6968/5225
f 3037/6970/5227 3035/6968/5225 3051/7003/5251
f 3051/7003/5251 3035/6968/5225 3050/7004/5252
f 3048/7002/5250 3049/7005/5253 3035/6968/5225
f 3049/7005/5253 3050/7004/5252 3035/6968/5225
f 3051/7007/5251 3052/7006/5254 3037/6970/5227
f 3053/7109/5255 3054/7108/5256 3055/6971/5257
f 3036/6969/5226 3037/6970/5227 3055/6971/5257
f 3038/6967/5228 3035/6968/5225 3036/6969/5226
f 3039/6965/5229 3032/6966/5222 3038/6967/5228
f 3056/6963/5258 3030/6964/5219 3039/6965/5229
f 3056/6963/5258 3040/6961/5230 3030/6964/5219
f 3041/7059/5232 3040/6961/5230 3057/7060/5259
f 3057/7060/5259 3040/6961/5230 3058/6960/5260
s 16
f 3059/7048/5261 3060/7047/5262 3061/6972/5263
f 3060/7046/5262 3062/7045/5264 3061/6972/5263
s 9
f 3062/7080/5265 3063/7079/5266 3061/6956/5267
f 3061/6956/5267 3063/7079/5266 3064/6957/5268
f 3063/7078/5266 3065/7077/5269 3064/6957/5268
f 3068/6958/5270 3064/6957/5268 3067/7074/5271
f 3065/7076/5269 3066/7075/5272 3064/6957/5268
f 3066/7075/5272 3067/7074/5271 3064/6957/5268
f 3067/7073/5271 3069/7072/5273 3068/6958/5270
f 3069/7071/5273 3070/7070/5274 3068/6958/5270
f 3068/6958/5270 3070/7070/5274 3071/6959/5275
f 3074/7066/5276 3071/6959/5275 3073/7067/5277
f 3073/7067/5277 3071/6959/5275 3072/7068/5278
f 3070/7069/5274 3072/7068/5278 3071/6959/5275
f 3074/7065/5276 3075/7064/5279 3071/6959/5275
f 3071/6959/5275 3075/7064/5279 3058/6960/5260
f 3057/7061/5259 3058/6960/5260 3076/7062/5280
f 3075/7063/5279 3076/7062/5280 3058/6960/5260
s 13
usemtl shatterInteriorSG1
f 3076/7031/5281 3044/7009/5235 3057/7027/5282
f 3057/7027/5282 3044/7009/5235 3041/7028/5283
f 3043/7030/5234 3042/7029/5284 3044/7009/5235
f 3044/7009/5235 3042/7029/5284 3041/7028/5283
f 3045/7039/5240 3044/7009/5235 3046/7040/5285
f 3046/7040/5285 3044/7009/5235 3077/7038/5286
s 10
f 3046/7081/5243 3077/7083/5287 3047/6986/5241
f 3049/6988/5288 3048/6987/5289 3078/7082/5290
f 3048/6987/5289 3047/6986/5241 3078/7082/5290
f 3077/7083/5287 3078/7082/5290 3047/6986/5241
f 3080/7120/5291 3050/6985/5292 3079/7121/5293
f 3050/6985/5292 3049/6984/5288 3079/7121/5293
f 3079/7121/5293 3049/6984/5288 3083/7118/5294
f 3078/7084/5290 3081/7085/5295 3049/6984/5288
f 3081/7085/5295 3082/7119/5296 3049/6984/5288
f 3049/6984/5288 3082/7119/5296 3083/7118/5294
f 3050/6981/5292 3080/7123/5291 3051/6982/5297
f 3084/7122/5298 3052/6983/5299 3080/7123/5291
f 3080/7123/5291 3052/6983/5299 3051/6982/5297
s 9
usemtl initialShadingGroup
f 3085/7112/5300 3037/6970/5227 3084/7113/5301
f 3084/7113/5301 3037/6970/5227 3052/7008/5254
f 3055/6971/5257 3037/6970/5227 3053/7114/5255
f 3053/7114/5255 3037/6970/5227 3087/7115/5302
f 3087/7115/5302 3037/6970/5227 3086/7116/5303
f 3085/7117/5300 3086/7116/5303 3037/6970/5227
s 24
usemtl shatterInteriorSG1
f 3015/7201/5304 3088/7094/5305 3016/7202/5306
f 3088/7094/5305 3054/7093/5307 3016/7202/5306
f 3054/7093/5307 3053/7092/5308 3016/7202/5306
f 3016/7202/5306 3053/7092/5308 3087/7095/5309
f 3015/7205/5304 3007/7204/5310 3088/7091/5305
f 3088/7091/5305 3007/7204/5310 3006/7203/5311
s 9
usemtl initialShadingGroup
f 3006/7206/5312 3008/7208/5313 3088/7110/5314
f 3055/6971/5257 3054/7111/5256 3014/7207/5315
f 3054/7111/5256 3088/7110/5314 3014/7207/5315
f 3008/7208/5313 3014/7207/5315 3088/7110/5314
f 3014/7210/5315 3013/7209/5316 3055/6971/5257
f 3013/7212/5316 3012/7211/5317 3055/6971/5257
f 3055/6971/5257 3012/7211/5317 3036/6969/5226
f 3012/7214/5317 3011/7213/5318 3036/6969/5226
f 3038/6967/5228 3036/6969/5226 3019/7215/5319
f 3019/7215/5319 3036/6969/5226 3010/7216/5320
f 3011/7217/5318 3010/7216/5320 3036/6969/5226
f 3019/7219/5319 3018/7218/5321 3038/6967/5228
f 3039/6965/5229 3038/6967/5228 3005/7220/5322
f 3018/7222/5321 3001/7221/5323 3038/6967/5228
f 3001/7221/5323 3005/7220/5322 3038/6967/5228
f 3005/7224/5322 3004/7223/5324 3039/6965/5229
f 3004/7226/5324 3003/7225/5325 3039/6965/5229
f 3039/6965/5229 3003/7225/5325 3056/6963/5258
f 3003/7228/5325 3002/7227/5326 3056/6963/5258
f 3002/7231/5326 2999/7230/5327 3056/6963/5258
f 3056/6963/5258 2999/7230/5327 3000/7229/5328
f 3056/6963/5258 3000/7234/5328 3040/6961/5230
f 3000/7234/5328 2994/7233/5329 3040/6961/5230
f 2994/7233/5329 2998/7232/5330 3040/6961/5230
f 2998/7236/5330 2997/7235/5331 3040/6961/5230
f 2997/7235/5331 3058/6960/5260 3040/6961/5230
f 2997/7238/5331 2996/7237/5332 3058/6960/5260
f 2996/7240/5332 2995/7239/5333 3058/6960/5260
f 3058/6960/5260 2995/7239/5333 3071/6959/5275
f 2995/7243/5333 2990/7242/5334 3071/6959/5275
f 2990/7242/5334 2989/7241/5335 3071/6959/5275
f 2989/7245/5335 2988/7244/5336 3071/6959/5275
f 3071/6959/5275 2988/7244/5336 3068/6958/5270
f 2988/7248/5336 2985/7247/5337 3068/6958/5270
f 2985/7247/5337 2984/7246/5338 3068/6958/5270
f 2984/7250/5338 2983/7249/5339 3068/6958/5270
f 3068/6958/5270 2983/7249/5339 3064/6957/5268
f 2983/7252/5339 2982/7251/5340 3064/6957/5268
f 3061/6956/5267 3064/6957/5268 2979/7253/5341
f 2979/7253/5341 3064/6957/5268 2980/7254/5342
f 2982/7255/5340 2980/7254/5342 3064/6957/5268
f 2979/7257/5341 2978/7256/5343 3061/6956/5267
s 16
f 3061/6972/5263 2978/7259/5344 3059/7049/5261
f 2978/7259/5344 2977/7258/5345 3059/7049/5261
s 13
usemtl shatterInteriorSG1
f 2976/7260/5346 3066/7011/5347 2977/7261/5348
f 3066/7011/5347 3065/7010/5349 2977/7261/5348
f 3065/7010/5349 3063/7015/5350 2977/7261/5348
f 3062/7014/5351 3060/7013/5352 3063/7015/5350
f 3060/7013/5352 3059/7012/5353 3063/7015/5350
f 2977/7261/5348 3063/7015/5350 3059/7012/5353
f 3072/7019/5354 3070/7018/5355 2987/7262/5356
f 3070/7018/5355 3069/7017/5357 2987/7262/5356
f 2987/7262/5356 3069/7017/5357 2981/7263/5358
f 3066/7020/5347 2976/7264/5346 3067/7016/5359
f 3069/7017/5357 3067/7016/5359 2981/7263/5358
f 2976/7264/5346 2981/7263/5358 3067/7016/5359
f 2987/7267/5356 2986/7266/5360 3072/7022/5354
f 2986/7266/5360 2993/7265/5361 3072/7022/5354
f 2993/7265/5361 3073/7021/5362 3072/7022/5354
f 2992/7268/5363 3074/7023/5364 2993/7269/5361
f 2993/7269/5361 3074/7023/5364 3073/7026/5362
f 2991/7270/5365 3075/7024/5366 2992/7271/5363
f 2992/7271/5363 3075/7024/5366 3074/7023/5364
f 2975/7272/5367 3076/7025/5281 2973/7273/5368
f 2973/7273/5368 3076/7025/5281 2991/7274/5365
f 2991/7274/5365 3076/7025/5281 3075/7024/5366
f 2974/7275/5369 3044/7009/5235 2975/7276/5367
f 2975/7276/5367 3044/7009/5235 3076/7025/5281
f 2971/7278/5370 3044/7009/5235 2968/7279/5371
f 2974/7277/5369 2972/7280/5372 3044/7009/5235
f 2972/7280/5372 2968/7279/5371 3044/7009/5235
f 3044/7009/5235 2971/7282/5370 3077/7042/5286
f 2970/7281/5373 3081/7041/5374 2971/7282/5370
f 3081/7041/5374 3078/7043/5375 2971/7282/5370
f 2971/7282/5370 3078/7043/5375 3077/7042/5286
f 3081/7044/5374 2970/7285/5373 3082/7107/5376
f 2970/7285/5373 2963/7284/5377 3082/7107/5376
f 2963/7284/5377 2967/7283/5378 3082/7107/5376
s 24
f 2966/7286/5379 3083/7097/5380 2967/7287/5381
f 2967/7287/5381 3083/7097/5380 3082/7096/5382
f 3020/7289/5383 3079/7098/5384 2965/7290/5385
f 2965/7290/5385 3079/7098/5384 2966/7288/5379
f 3079/7098/5384 3083/7099/5380 2966/7288/5379
f 3086/7101/5386 3085/7100/5387 3021/7291/5388
f 3085/7100/5387 3084/7104/5389 3021/7291/5388
f 3084/7104/5389 3080/7103/5390 3021/7291/5388
f 3020/7292/5383 3021/7291/5388 3079/7102/5384
f 3021/7291/5388 3080/7103/5390 3079/7102/5384
f 3021/7296/5388 3017/7295/5391 3086/7106/5386
f 3017/7295/5391 3009/7294/5392 3086/7106/5386
f 3087/7105/5309 3086/7106/5386 3016/7293/5306
f 3009/7294/5392 3016/7293/5306 3086/7106/5386
g default
v -4.414677 3.924552 0.500000
v -4.428822 4.038051 0.116250
v -4.270866 3.349389 0.500000
v -4.368561 3.740111 0.500000
v -4.374500 3.763874 0.500000
v -4.411915 3.913512 0.500000
v -4.492851 4.237206 0.500000
v -4.643223 4.838605 0.500000
v -4.644745 4.844682 0.500000
v -4.645504 4.869779 0.351335
v -4.647396 4.932207 -0.018483
v -4.649452 4.999945 -0.419755
v -4.508862 4.301240 0.500000
v -4.524258 4.362814 0.500000
v -4.601768 4.816731 -0.470210
v -4.449837 4.206673 -0.453874
v -4.649734 5.009333 -0.475368
v -4.610775 4.852891 -0.471179
v -4.335743 3.748541 -0.441606
v -4.254379 3.421835 -0.432857
v -4.214642 3.262285 -0.428585
v -4.185749 3.146257 -0.425478
v -4.151634 2.872535 0.500000
v -4.212860 3.117408 0.500000
v -4.240139 3.226509 0.500000
v -3.936867 2.146914 -0.398717
v -4.086819 2.613321 0.500000
v -4.105778 2.689144 0.500000
v -3.921658 2.085842 -0.397081
v -3.893562 1.860415 0.365106
v -3.923653 1.975325 0.401776
v -4.004261 2.283131 0.500000
v -4.057163 2.494705 0.500000
v -3.774311 1.405041 0.219792
v -3.897984 1.990782 -0.394536
v -3.891857 1.966177 -0.393877
v -3.684372 1.061594 0.110193
v -3.598236 0.732670 0.005230
v -3.537992 0.545290 -0.355828
v -3.440392 0.153393 -0.345334
v -3.402767 0.002319 -0.341288
v -3.406977 0.002319 -0.227833
v -3.416967 0.040470 -0.215658
v -3.587570 0.691944 -0.007765
v -3.641827 0.899126 0.058349
v -3.657566 1.025427 -0.368685
v -3.541588 0.559725 -0.356215
v -3.827518 1.707838 -0.386959
v -3.670311 1.007896 0.093058
v -3.788548 4.742956 0.147559
v -3.890728 4.739454 0.282816
v -4.052906 4.641834 0.500000
v -4.411915 4.800933 0.500000
v -4.307327 4.781281 0.500000
v -4.198154 4.760767 0.500000
v -4.054806 4.733830 0.500000
v -3.613407 4.298852 -0.071988
v -3.632153 4.595386 -0.055283
v -4.045883 4.301240 0.500000
v -3.632492 4.600767 -0.054980
v -3.772095 4.743520 0.125782
v -4.041698 4.098325 0.500000
v -3.573330 3.664830 -0.107704
v -3.584934 3.848379 -0.097364
v -3.822495 3.111415 0.236973
v -3.546644 3.242654 -0.131487
v -4.124714 3.468099 -0.370951
v -3.413115 1.130260 -0.250486
v -3.452288 1.111624 -0.198161
v -3.409470 1.072611 -0.253733
v -4.627251 5.003503 -0.465805
v -4.531059 4.978561 -0.424894
v -4.581387 4.863377 -0.457148
v -4.373245 4.937641 -0.357774
v -3.641800 4.747985 -0.046686
v -3.887527 4.811700 -0.151196
v -3.733025 4.744859 0.074066
v -4.612404 4.838605 0.500000
v -4.411915 4.301240 0.500000
v -4.041630 4.095119 0.500000
v -4.025150 3.296069 0.500000
v -4.034798 3.763874 0.500000
v -4.030487 3.554816 0.500000
v -4.019409 3.017729 0.500000
v -4.023716 3.226509 0.500000
v -4.009384 2.531637 0.500000
v -4.019279 3.011307 0.500000
v -4.012634 2.689144 0.500000
v -3.520981 2.836688 -0.154356
v -3.497385 2.463391 -0.175385
v -3.668041 2.072824 -0.284755
v -3.479879 2.186458 -0.190986
v -3.477003 2.140984 -0.193548
v -3.425938 1.333124 -0.239058
v -3.418550 1.216278 -0.245640
v -3.346348 0.074066 -0.309985
v -3.362616 0.331394 -0.295489
v -3.380678 0.617138 -0.279392
v -3.341814 0.002319 -0.314027
v -4.008068 2.467797 0.500000
vt 0.425000 0.133333
vt 0.525000 0.450000
vt 0.525000 0.475000
vt 0.525000 0.500000
vt 0.500000 0.510634
vt 0.493828 0.500000
vt 0.481860 0.507357
vt 0.483416 0.506401
vt 0.485970 0.504831
vt 0.493828 0.500000
vt 0.497841 0.513636
vt 0.495816 0.516451
vt 0.500000 0.510634
vt 0.498897 0.512167
vt 0.525000 0.502511
vt 0.523440 0.501560
vt 0.525000 0.502511
vt 0.520881 0.500000
vt 0.523440 0.501560
vt 0.520881 0.500000
vt 0.513004 0.495199
vt 0.426778 0.148222
vt 0.428634 0.147586
vt 0.425000 0.148832
vt 0.426778 0.148222
vt 0.421592 0.150000
vt 0.425000 0.148832
vt 0.421592 0.150000
vt 0.475000 0.475000
vt 0.500000 0.500000
vt 0.491045 0.501331
vt 0.495798 0.504053
vt 0.495893 0.504107
vt 0.488721 0.500000
vt 0.498974 0.505871
vt 0.500000 0.506459
vt 0.495893 0.504107
vt 0.525000 0.507146
vt 0.525000 0.512120
vt 0.525234 0.511719
vt 0.525789 0.510767
vt 0.527086 0.508545
vt 0.511837 0.513237
vt 0.514832 0.514951
vt 0.519857 0.517829
vt 0.521215 0.518606
vt 0.523547 0.514609
vt 0.525000 0.512120
vt 0.525000 0.507146
vt 0.524924 0.507095
vt 0.520721 0.504279
vt 0.511790 0.513210
vt 0.503818 0.508645
vt 0.506903 0.510411
vt 0.511790 0.513210
vt 0.520721 0.504279
vt 0.514337 0.500000
vt 0.500000 0.506459
vt 0.505753 0.494247
vt 0.514337 0.500000
vt 0.511736 0.498257
vt 0.500000 0.490391
vt 0.505753 0.494247
vt 0.487779 0.499461
vt 0.488721 0.500000
vt 0.500000 0.490391
vt 0.494710 0.486845
vt 0.490785 0.484215
vt 0.490785 0.484215
vt 0.490141 0.483783
vt 0.478692 0.476110
vt 0.477036 0.475000
vt 0.475817 0.474183
vt 0.477036 0.475000
vt 0.475000 0.473635
vt 0.475817 0.474183
vt 0.460849 0.464151
vt 0.459832 0.463470
vt 0.475000 0.473635
vt 0.468545 0.469309
vt 0.464496 0.466595
vt 0.460849 0.464151
vt 0.431103 0.143897
vt 0.431223 0.133333
vt 0.431071 0.146750
vt 0.431103 0.143897
vt 0.511121 0.485402
vt 0.509733 0.490267
vt 0.514088 0.475000
vt 0.513229 0.478011
vt 0.509733 0.490267
vt 0.509708 0.490355
vt 0.509019 0.492770
vt 0.431222 0.133333
vt 0.431294 0.127040
vt 0.514088 0.475000
vt 0.519711 0.455289
vt 0.517964 0.461414
vt 0.516064 0.468074
vt 0.431294 0.127040
vt 0.431295 0.126940
vt 0.431411 0.116667
vt 0.519711 0.455289
vt 0.521219 0.450000
vt 0.521007 0.450746
vt 0.431411 0.116667
vt 0.431484 0.110183
vt 0.525000 0.436746
vt 0.521219 0.450000
vt 0.431484 0.110183
vt 0.431575 0.102157
vt 0.431599 0.100000
vt 0.525000 0.436746
vt 0.528351 0.425000
vt 0.526219 0.432472
vt 0.525949 0.433418
vt 0.525547 0.434829
vt 0.431599 0.100000
vt 0.431672 0.093525
vt 0.431675 0.093325
vt 0.529688 0.420312
vt 0.528351 0.425000
vt 0.431675 0.093325
vt 0.431788 0.083333
vt 0.443191 0.796493
vt 0.529688 0.420312
vt 0.531228 0.414913
vt 0.530892 0.416090
vt 0.431788 0.083333
vt 0.431843 0.078448
vt 0.431865 0.076468
vt 0.431865 0.076468
vt 0.500000 0.504225
vt 0.498953 0.501047
vt 0.499098 0.501488
vt 0.498608 0.500000
vt 0.498953 0.501047
vt 0.497804 0.497556
vt 0.498609 0.500000
vt 0.500000 0.504225
vt 0.501448 0.508621
vt 0.500000 0.500000
vt 0.495017 0.504721
vt 0.492713 0.503469
vt 0.492347 0.503270
vt 0.486332 0.500000
vt 0.495187 0.504813
vt 0.495187 0.504813
vt 0.500000 0.507430
vt 0.501934 0.508481
vt 0.500986 0.507966
vt 0.500000 0.507430
vt 0.519091 0.500000
vt 0.514842 0.505459
vt 0.510926 0.510491
vt 0.509352 0.512514
vt 0.509259 0.512463
vt 0.517238 0.497997
vt 0.519680 0.499243
vt 0.519091 0.500000
vt 0.507151 0.492849
vt 0.516674 0.497709
vt 0.507151 0.492849
vt 0.500000 0.489199
vt 0.500000 0.489199
vt 0.486332 0.500000
vt 0.484440 0.498972
vt 0.482761 0.498059
vt 0.478991 0.496009
vt 0.490599 0.484401
vt 0.492410 0.485325
vt 0.494900 0.486597
vt 0.490599 0.484401
vt 0.478991 0.496009
vt 0.476167 0.494475
vt 0.475000 0.493840
vt 0.475000 0.476440
vt 0.475000 0.476440
vt 0.475000 0.493840
vt 0.473174 0.492847
vt 0.469917 0.491077
vt 0.465963 0.487026
vt 0.464487 0.485513
vt 0.474047 0.475953
vt 0.454225 0.475000
vt 0.472179 0.475000
vt 0.472563 0.475196
vt 0.474047 0.475953
vt 0.464487 0.485513
vt 0.458637 0.479520
vt 0.449477 0.470135
vt 0.441108 0.461561
vt 0.440618 0.461059
vt 0.441525 0.459355
vt 0.443883 0.460558
vt 0.450000 0.463680
vt 0.450000 0.470671
vt 0.450000 0.470671
vt 0.450000 0.463680
vt 0.450225 0.463795
vt 0.457495 0.467505
vt 0.452138 0.472862
vt 0.453535 0.474293
vt 0.452138 0.472862
vt 0.457495 0.467505
vt 0.468146 0.472942
vt 0.472179 0.475000
vt 0.454225 0.475000
vt 0.459376 0.465624
vt 0.466835 0.475000
vt 0.458939 0.465075
vt 0.459376 0.465624
vt 0.442155 0.789678
vt 0.442083 0.818041
vt 0.532098 0.417902
vt 0.532308 0.415262
vt 0.532098 0.417902
vt 0.531535 0.425000
vt 0.531555 0.424748
vt 0.531535 0.425000
vt 0.529943 0.445057
vt 0.530889 0.433136
vt 0.529943 0.445057
vt 0.529551 0.450000
vt 0.529585 0.449570
vt 0.529334 0.452728
vt 0.529419 0.451661
vt 0.529551 0.450000
vt 0.527787 0.472213
vt 0.527948 0.470186
vt 0.527566 0.475000
vt 0.527787 0.472213
vt 0.527113 0.480707
vt 0.527566 0.475000
vt 0.525632 0.499368
vt 0.526478 0.488711
vt 0.525582 0.500000
vt 0.525632 0.499368
vt 0.525365 0.502733
vt 0.525582 0.500000
vt 0.488051 0.511949
vt 0.482294 0.508113
vt 0.481496 0.507581
vt 0.493357 0.515484
vt 0.488051 0.511949
vt 0.495490 0.516905
vt 0.493357 0.515484
vt 0.421068 0.150000
vt 0.421042 0.150189
vt 0.423090 0.135243
vt 0.421068 0.150000
vt 0.423352 0.133333
vt 0.423090 0.135243
vt 0.423352 0.133333
vt 0.425000 0.121308
vt 0.424953 0.121650
vt 0.423624 0.131347
vt 0.425636 0.116667
vt 0.425000 0.121308
vt 0.425737 0.115930
vt 0.425636 0.116667
vt 0.427920 0.100000
vt 0.427398 0.103811
vt 0.425737 0.115930
vt 0.428384 0.096616
vt 0.427920 0.100000
vt 0.430204 0.083333
vt 0.429425 0.089021
vt 0.428384 0.096616
vt 0.431031 0.077303
vt 0.430526 0.080982
vt 0.430204 0.083333
vt 0.431930 0.070741
vt 0.431031 0.077303
vt 0.481530 0.493470
vt 0.485054 0.497900
vt 0.481530 0.493470
vt 0.475000 0.485263
vt 0.480214 0.491817
vt 0.470453 0.479547
vt 0.471068 0.480320
vt 0.475000 0.485263
vt 0.469207 0.477982
vt 0.470453 0.479547
vt 0.466835 0.475000
vt 0.467302 0.475586
vn -0.969506 -0.242415 -0.035963
vn -0.969508 -0.242409 -0.035962
vn -0.969507 -0.242412 -0.035961
vn -0.969514 -0.242387 -0.035939
vn -0.969506 -0.242417 -0.035963
vn -0.969506 -0.242414 -0.035959
vn -0.969507 -0.242412 -0.035960
vn -0.969507 -0.242413 -0.035957
vn -0.969507 -0.242412 -0.035956
vn -0.969508 -0.242408 -0.035950
vn -0.969507 -0.242411 -0.035963
vn -0.969506 -0.242414 -0.035960
vn -0.969414 -0.242770 -0.036036
vn -0.969506 -0.242416 -0.035956
vn -0.969507 -0.242405 -0.035998
vn -0.969505 -0.242418 -0.035966
vn -0.969505 -0.242416 -0.035967
vn -0.969507 -0.242413 -0.035961
vn -0.969507 -0.242412 -0.035959
vn -0.969506 -0.242415 -0.035960
vn -0.969508 -0.242408 -0.035957
vn -0.969507 -0.242411 -0.035958
vn -0.969504 -0.242421 -0.035959
vn -0.969508 -0.242408 -0.035961
vn -0.969505 -0.242420 -0.035948
vn -0.969505 -0.242421 -0.035961
vn -0.969507 -0.242412 -0.035959
vn -0.969506 -0.242414 -0.035958
vn -0.969509 -0.242403 -0.035966
vn -0.969505 -0.242417 -0.035960
vn -0.969506 -0.242415 -0.035959
vn -0.969508 -0.242406 -0.035958
vn -0.969507 -0.242411 -0.035958
vn -0.969506 -0.242413 -0.035959
vn -0.969507 -0.242414 -0.035957
vn -0.969507 -0.242411 -0.035958
vn -0.969509 -0.242404 -0.035958
vn -0.969507 -0.242411 -0.035960
vn -0.969507 -0.242413 -0.035957
vn -0.969506 -0.242417 -0.035955
vn -0.969507 -0.242413 -0.035960
vn -0.969505 -0.242416 -0.035970
vn -0.969505 -0.242418 -0.035971
vn -0.969506 -0.242415 -0.035970
vn -0.969507 -0.242411 -0.035959
vn -0.969507 -0.242413 -0.035961
vn -0.969507 -0.242412 -0.035963
vn -0.969506 -0.242415 -0.035961
vn -0.969509 -0.242404 -0.035963
vn 0.797588 0.016463 0.602978
vn 0.797600 0.016435 0.602963
vn 0.797588 0.016448 0.602978
vn 0.182206 0.969699 0.162739
vn 0.182205 0.969697 0.162753
vn 0.182210 0.969694 0.162769
vn 0.182210 0.969697 0.162751
vn 0.182213 0.969693 0.162768
vn 0.182212 0.969693 0.162770
vn 0.797586 0.016470 0.602980
vn 0.797587 0.016448 0.602979
vn 0.797585 0.016450 0.602982
vn 0.797587 0.016447 0.602980
vn 0.797582 0.016453 0.602987
vn 0.182210 0.969695 0.162760
vn 0.000000 0.000000 1.000000
vn 0.000000 0.000000 1.000000
vn 0.000000 0.000000 1.000000
vn 0.000000 0.000000 1.000000
vn 0.797584 0.016463 0.602983
vn 0.797588 0.016447 0.602978
vn 0.797588 0.016451 0.602978
vn 0.797584 0.016452 0.602984
vn 0.797588 0.016449 0.602979
vn 0.407059 0.077003 -0.910150
vn 0.407058 0.077004 -0.910151
vn 0.407059 0.077003 -0.910150
vn 0.407060 0.077002 -0.910150
vn 0.407058 0.077004 -0.910150
vn 0.797588 0.016447 0.602978
vn 0.797587 0.016447 0.602980
vn 0.797588 0.016452 0.602978
vn 0.407060 0.077003 -0.910150
vn 0.407062 0.077005 -0.910149
vn 0.407061 0.077004 -0.910149
vn 0.407059 0.077004 -0.910150
vn 0.407058 0.077003 -0.910151
vn 0.407065 0.077009 -0.910147
vn 0.407056 0.077003 -0.910152
vn 0.182208 0.969695 0.162763
vn 0.182210 0.969695 0.162760
vn 0.182207 0.969695 0.162766
vn 0.797578 0.016451 0.602991
vn 0.797586 0.016460 0.602981
vn 0.797588 0.016459 0.602978
vn 0.182210 0.969694 0.162765
vn 0.000000 0.000000 1.000000
vn 0.000000 0.000000 1.000000
vn 0.000000 0.000000 1.000000
vn 0.000000 0.000000 1.000000
vn 0.797589 0.016453 0.602977
vn 0.797589 0.016448 0.602977
vn 0.797589 0.016450 0.602977
vn 0.797589 0.016449 0.602977
vn 0.797590 0.016452 0.602975
vn 0.797593 0.016437 0.602972
vn 0.797588 0.016450 0.602979
vn 0.797583 0.016457 0.602985
vn 0.797587 0.016447 0.602979
vn 0.797588 0.016450 0.602978
vn 0.407059 0.077004 -0.910150
vn 0.407059 0.077003 -0.910150
vn 0.407058 0.077003 -0.910151
vn 0.407059 0.077003 -0.910150
vn 0.407057 0.077004 -0.910151
vn 0.407059 0.077004 -0.910150
vn 0.407059 0.077004 -0.910150
vn 0.797588 0.016447 0.602979
vn 0.797588 0.016451 0.602978
vn 0.797589 0.016450 0.602977
vn 0.797584 0.016445 0.602984
vn 0.797586 0.016447 0.602981
vn 0.797591 0.016453 0.602974
vn 0.797586 0.016438 0.602981
vn 0.797587 0.016435 0.602979
vn 0.000000 -1.000000 0.000000
vn 0.000000 -1.000000 0.000000
vn 0.000000 -1.000000 0.000000
vn 0.407060 0.077005 -0.910150
vn 0.407060 0.077005 -0.910150
vn 0.407060 0.077006 -0.910150
vn 0.407062 0.077002 -0.910149
vn 0.407070 0.076997 -0.910146
vn 0.407061 0.077004 -0.910149
vn 0.407059 0.077002 -0.910150
vn 0.407058 0.077002 -0.910151
vn 0.407059 0.077004 -0.910150
vn 0.407060 0.077004 -0.910150
vn 0.407060 0.077004 -0.910150
vn 0.407063 0.077001 -0.910149
vn 0.407060 0.077004 -0.910150
vn 0.407060 0.077000 -0.910150
vn 0.407057 0.077003 -0.910151
vn 0.407061 0.077004 -0.910149
vn 0.407032 0.076989 -0.910164
vn 0.407059 0.077000 -0.910151
vn 0.407060 0.077004 -0.910150
vn 0.407055 0.077004 -0.910152
vn 0.407055 0.077002 -0.910152
vn 0.407062 0.077004 -0.910149
vn 0.407057 0.077002 -0.910151
vn 0.407047 0.077002 -0.910156
vn 0.407059 0.077000 -0.910151
vn 0.182207 0.969695 0.162764
vn 0.182204 0.969697 0.162757
vn 0.182204 0.969694 0.162774
vn 0.182209 0.969695 0.162760
vn 0.182210 0.969695 0.162760
vn 0.182211 0.969695 0.162758
vn 0.182210 0.969695 0.162764
vn 0.182219 0.969693 0.162765
vn 0.000000 0.000000 1.000000
vn 0.000000 0.000000 1.000000
vn 0.000000 0.000000 1.000000
vn 0.000000 0.000000 1.000000
vn 0.000000 0.000000 1.000000
vn 0.000000 0.000000 1.000000
vn 0.000000 0.000000 1.000000
vn 0.000000 0.000000 1.000000
vn 0.000000 0.000000 1.000000
vn 0.000000 0.000000 1.000000
vn 0.000000 0.000000 1.000000
vn 0.000000 0.000000 1.000000
vn 0.000000 0.000000 1.000000
vn 0.000000 0.000000 1.000000
vn 0.000000 0.000000 1.000000
vn 0.000000 0.000000 1.000000
vn 0.000000 0.000000 1.000000
vn 0.000000 0.000000 1.000000
vn 0.000000 0.000000 1.000000
vn 0.000000 0.000000 1.000000
vn 0.000000 0.000000 1.000000
vn 0.000000 0.000000 1.000000
vn 0.000000 0.000000 1.000000
vn 0.000000 0.000000 1.000000
vn 0.000000 0.000000 1.000000
vn 0.000000 0.000000 1.000000
vn 0.000000 0.000000 1.000000
vn 0.000000 0.000000 1.000000
vn 0.797588 0.016448 0.602978
vn 0.797589 0.016444 0.602978
vn 0.797587 0.016451 0.602979
vn 0.797588 0.016450 0.602979
vn 0.797588 0.016453 0.602978
vn 0.797587 0.016451 0.602980
vn 0.797588 0.016447 0.602979
vn 0.797588 0.016450 0.602979
vn 0.797589 0.016452 0.602977
vn 0.797589 0.016446 0.602977
vn 0.797588 0.016449 0.602979
vn 0.797584 0.016454 0.602983
vn 0.797588 0.016452 0.602978
s 1
g solidShatter1 shard21
usemtl shatterInteriorSG1
f 3091/7442/5393 3092/7441/5394 3090/7438/5395
f 3092/7441/5394 3093/7440/5396 3090/7438/5395
f 3089/7443/5397 3090/7438/5395 3094/7439/5398
f 3090/7438/5395 3093/7440/5396 3094/7439/5398
f 3095/7445/5399 3090/7438/5395 3089/7444/5397
f 3100/7449/5400 3090/7438/5395 3099/7450/5401
f 3090/7438/5395 3095/7448/5399 3099/7450/5401
f 3095/7448/5399 3101/7447/5402 3099/7450/5401
f 3101/7447/5402 3102/7446/5403 3099/7450/5401
f 3099/7450/5401 3102/7446/5403 3098/7451/5404
f 3097/7452/5405 3098/7451/5404 3096/7453/5406
f 3096/7453/5406 3098/7451/5404 3102/7446/5403
f 3105/7455/5407 3106/7454/5408 3100/7456/5400
f 3100/7456/5400 3106/7454/5408 3090/7438/5395
f 3106/7454/5408 3103/7458/5409 3090/7438/5395
f 3103/7458/5409 3104/7457/5410 3090/7438/5395
f 3107/7460/5411 3090/7438/5395 3104/7459/5410
f 3111/7465/5412 3112/7464/5413 3110/7466/5414
f 3112/7464/5413 3113/7463/5415 3110/7466/5414
f 3110/7466/5414 3113/7463/5415 3109/7467/5416
f 3113/7463/5415 3091/7462/5393 3109/7467/5416
f 3091/7462/5393 3090/7438/5395 3109/7467/5416
f 3109/7467/5416 3090/7438/5395 3108/7468/5417
f 3108/7468/5417 3090/7438/5395 3107/7461/5411
f 3111/7470/5412 3110/7469/5414 3116/7471/5418
f 3116/7471/5418 3110/7469/5414 3115/7472/5419
f 3114/7473/5420 3115/7472/5419 3110/7469/5414
f 3115/7475/5419 3114/7474/5420 3121/7476/5421
f 3121/7476/5421 3114/7474/5420 3120/7477/5422
f 3120/7477/5422 3114/7474/5420 3119/7478/5423
f 3114/7474/5420 3117/7480/5424 3119/7478/5423
f 3117/7480/5424 3118/7479/5425 3119/7478/5423
f 3125/7481/5426 3122/7486/5427 3124/7482/5428
f 3117/7484/5424 3123/7483/5429 3118/7485/5425
f 3123/7483/5429 3124/7482/5428 3118/7485/5425
f 3122/7486/5427 3118/7485/5425 3124/7482/5428
f 3126/7493/5430 3127/7492/5431 3132/7487/5432
f 3132/7487/5432 3127/7492/5431 3131/7488/5433
f 3127/7492/5431 3128/7491/5434 3131/7488/5433
f 3129/7490/5435 3130/7489/5436 3128/7491/5434
f 3128/7491/5434 3130/7489/5436 3131/7488/5433
f 3127/7495/5431 3126/7494/5430 3135/7496/5437
f 3135/7496/5437 3126/7494/5430 3134/7497/5438
f 3133/7498/5439 3134/7497/5438 3126/7494/5430
f 3124/7503/5428 3136/7502/5440 3125/7504/5426
f 3133/7500/5439 3137/7499/5441 3134/7501/5438
f 3137/7499/5441 3125/7504/5426 3134/7501/5438
f 3125/7504/5426 3136/7502/5440 3134/7501/5438
s 7
f 3138/7344/5442 3139/7343/5443 3140/7341/5444
s 8
f 3138/7431/5445 3141/7307/5446 3139/7429/5447
f 3142/7310/5448 3143/7309/5449 3139/7429/5447
f 3144/7437/5450 3139/7436/5447 3143/7301/5449
s 7
f 3139/7343/5443 3144/7342/5451 3140/7341/5444
f 3145/7347/5452 3146/7346/5453 3147/7340/5454
f 3146/7346/5453 3148/7345/5455 3140/7341/5444
f 3148/7345/5455 3138/7344/5442 3140/7341/5444
s 8
f 3149/7430/5456 3141/7307/5446 3138/7431/5445
f 3141/7307/5446 3142/7310/5448 3139/7429/5447
s 11
usemtl initialShadingGroup
f 3144/7381/5457 3143/7319/5458 3140/7382/5459
f 3140/7382/5459 3143/7319/5458 3142/7318/5460
s 7
usemtl shatterInteriorSG1
f 3147/7340/5454 3146/7346/5453 3140/7341/5444
f 3150/7339/5461 3145/7347/5452 3147/7340/5454
f 3152/7356/5462 3153/7326/5463 3151/7357/5464
f 3151/7357/5464 3153/7326/5463 3154/7355/5465
s 13
f 3146/7384/5466 3145/7383/5467 3155/7299/5468
f 3145/7383/5467 3152/7386/5469 3155/7299/5468
f 3152/7386/5469 3151/7385/5470 3155/7299/5468
s 7
f 3156/7372/5471 3157/7325/5472 3158/7371/5473
s 13
f 3159/7313/5474 3160/7312/5475 3161/7300/5476
f 3160/7315/5475 3162/7314/5477 3161/7300/5476
f 3161/7300/5476 3162/7316/5477 3155/7299/5468
f 3162/7316/5477 3164/7317/5478 3155/7299/5468
f 3163/7389/5479 3148/7388/5480 3164/7317/5478
f 3155/7299/5468 3164/7317/5478 3146/7387/5466
f 3148/7388/5480 3146/7387/5466 3164/7317/5478
s 8
f 3165/7435/5481 3163/7434/5482 3164/7302/5483
s 7
f 3138/7335/5442 3148/7334/5455 3149/7336/5484
f 3149/7336/5484 3148/7334/5455 3165/7337/5485
f 3163/7338/5486 3165/7337/5485 3148/7334/5455
s 8
f 3166/7308/5487 3141/7307/5446 3149/7430/5456
s 11
usemtl initialShadingGroup
f 3141/7320/5488 3167/7297/5489 3142/7321/5460
f 3142/7321/5460 3167/7297/5489 3140/7379/5459
f 3147/7380/5490 3140/7379/5459 3167/7297/5489
f 3150/7391/5491 3147/7390/5490 3167/7297/5489
s 7
usemtl shatterInteriorSG1
f 3168/7348/5492 3145/7347/5452 3150/7339/5461
f 3145/7352/5452 3168/7351/5492 3152/7353/5462
f 3168/7351/5492 3170/7350/5493 3152/7353/5462
f 3153/7326/5463 3152/7353/5462 3169/7354/5494
f 3169/7354/5494 3152/7353/5462 3171/7349/5495
f 3152/7353/5462 3170/7350/5493 3171/7349/5495
f 3169/7332/5494 3173/7331/5496 3153/7326/5463
f 3172/7333/5497 3153/7326/5463 3173/7331/5496
f 3174/7330/5498 3153/7326/5463 3176/7327/5499
f 3172/7329/5497 3175/7328/5500 3153/7326/5463
f 3153/7326/5463 3175/7328/5500 3176/7327/5499
f 3154/7359/5465 3153/7326/5463 3177/7358/5501
s 13
f 3179/7298/5502 3155/7299/5468 3178/7393/5503
f 3178/7393/5503 3155/7299/5468 3177/7394/5504
f 3177/7394/5504 3155/7299/5468 3154/7395/5505
f 3154/7395/5505 3155/7299/5468 3151/7392/5470
f 3181/7400/5506 3179/7298/5502 3180/7401/5507
f 3180/7401/5507 3179/7298/5502 3178/7399/5503
f 3181/7405/5506 3182/7404/5508 3179/7298/5502
s 7
f 3183/7370/5509 3157/7325/5472 3156/7369/5471
f 3157/7325/5472 3132/7506/5510 3158/7375/5473
f 3158/7375/5473 3132/7506/5510 3186/7376/5511
f 3131/7505/5512 3184/7378/5513 3132/7506/5510
f 3184/7378/5513 3185/7377/5514 3132/7506/5510
f 3132/7506/5510 3185/7377/5514 3186/7376/5511
f 3131/7508/5512 3130/7507/5515 3184/7373/5513
f 3184/7373/5513 3130/7507/5515 3187/7374/5516
s off
usemtl initialShadingGroup
f 3130/7510/5517 3129/7509/5518 3187/7421/5519
s 13
usemtl shatterInteriorSG1
f 3185/7422/5520 3184/7424/5521 3128/7511/5522
f 3128/7511/5522 3184/7424/5521 3129/7512/5523
f 3129/7512/5523 3184/7424/5521 3187/7423/5524
f 3128/7513/5522 3127/7515/5525 3185/7417/5520
f 3186/7418/5526 3185/7417/5520 3135/7514/5527
f 3127/7515/5525 3135/7514/5527 3185/7417/5520
f 3179/7298/5502 3182/7409/5508 3136/7517/5528
f 3136/7517/5528 3182/7409/5508 3134/7518/5529
f 3182/7409/5508 3183/7413/5530 3134/7518/5529
f 3183/7413/5530 3156/7412/5531 3134/7518/5529
f 3156/7412/5531 3158/7411/5532 3134/7518/5529
f 3158/7411/5532 3186/7410/5526 3134/7518/5529
f 3134/7518/5529 3186/7410/5526 3135/7516/5527
f 3123/7520/5533 3179/7298/5502 3124/7521/5534
f 3124/7521/5534 3179/7298/5502 3136/7519/5528
f 3155/7299/5468 3179/7298/5502 3109/7525/5535
f 3109/7525/5535 3179/7298/5502 3110/7526/5536
f 3123/7524/5533 3117/7523/5537 3179/7298/5502
f 3117/7523/5537 3114/7522/5538 3179/7298/5502
f 3110/7526/5536 3179/7298/5502 3114/7522/5538
f 3109/7528/5535 3108/7527/5539 3155/7299/5468
f 3161/7300/5476 3155/7299/5468 3103/7531/5540
f 3103/7531/5540 3155/7299/5468 3104/7532/5541
f 3104/7532/5541 3155/7299/5468 3107/7529/5542
f 3155/7299/5468 3108/7530/5539 3107/7529/5542
f 3103/7534/5540 3106/7533/5543 3161/7300/5476
f 3105/7535/5544 3159/7311/5474 3106/7536/5543
f 3106/7536/5543 3159/7311/5474 3161/7300/5476
s 8
f 3105/7539/5545 3100/7538/5546 3159/7303/5547
f 3159/7303/5547 3100/7538/5546 3160/7304/5548
f 3100/7538/5546 3099/7537/5549 3160/7304/5548
f 3160/7304/5548 3099/7537/5549 3162/7305/5550
f 3099/7537/5549 3149/7433/5456 3162/7305/5550
f 3149/7433/5456 3165/7432/5481 3162/7305/5550
f 3165/7432/5481 3164/7306/5483 3162/7305/5550
f 3099/7541/5549 3098/7540/5551 3149/7430/5456
f 3097/7542/5552 3166/7308/5487 3098/7543/5551
f 3098/7543/5551 3166/7308/5487 3149/7430/5456
s 11
usemtl initialShadingGroup
f 3097/7545/5553 3096/7544/5554 3166/7324/5555
f 3167/7297/5489 3141/7323/5488 3102/7546/5556
f 3096/7547/5554 3102/7546/5556 3166/7322/5555
f 3102/7546/5556 3141/7323/5488 3166/7322/5555
f 3102/7549/5556 3101/7548/5557 3167/7297/5489
f 3094/7551/5558 3167/7297/5489 3089/7552/5559
f 3101/7550/5557 3095/7553/5560 3167/7297/5489
f 3095/7553/5560 3089/7552/5559 3167/7297/5489
f 3167/7297/5489 3094/7555/5558 3150/7396/5491
f 3150/7396/5491 3094/7555/5558 3168/7397/5561
f 3168/7397/5561 3094/7555/5558 3170/7398/5562
f 3094/7555/5558 3093/7554/5563 3170/7398/5562
f 3093/7557/5563 3092/7556/5564 3170/7402/5562
f 3092/7556/5564 3171/7403/5565 3170/7402/5562
f 3092/7560/5564 3091/7559/5566 3171/7406/5565
f 3171/7406/5565 3091/7559/5566 3169/7407/5567
f 3091/7559/5566 3113/7558/5568 3169/7407/5567
f 3113/7558/5568 3173/7408/5569 3169/7407/5567
f 3175/7416/5570 3172/7415/5571 3112/7561/5572
f 3172/7415/5571 3173/7414/5569 3112/7561/5572
f 3113/7562/5568 3112/7561/5572 3173/7414/5569
f 3112/7565/5572 3111/7564/5573 3175/7419/5570
f 3175/7419/5570 3111/7564/5573 3176/7420/5574
f 3111/7564/5573 3116/7563/5575 3176/7420/5574
f 3188/7427/5576 3174/7426/5577 3121/7566/5578
f 3121/7566/5578 3174/7426/5577 3115/7567/5579
f 3174/7426/5577 3176/7425/5574 3115/7567/5579
f 3116/7568/5575 3115/7567/5579 3176/7425/5574
f 3121/7570/5578 3120/7569/5580 3188/7428/5576
s 7
usemtl shatterInteriorSG1
f 3153/7326/5463 3174/7361/5498 3177/7362/5501
f 3177/7362/5501 3174/7361/5498 3178/7363/5581
f 3174/7361/5498 3188/7360/5582 3178/7363/5581
f 3188/7360/5582 3120/7572/5583 3178/7363/5581
f 3120/7572/5583 3119/7571/5584 3178/7363/5581
f 3119/7571/5584 3180/7364/5585 3178/7363/5581
f 3180/7365/5585 3119/7573/5584 3181/7366/5586
f 3119/7573/5584 3118/7575/5587 3181/7366/5586
f 3181/7366/5586 3118/7575/5587 3182/7367/5588
f 3118/7575/5587 3122/7574/5589 3182/7367/5588
f 3157/7325/5472 3183/7368/5509 3122/7574/5589
f 3122/7574/5589 3183/7368/5509 3182/7367/5588
f 3122/7578/5589 3125/7577/5590 3157/7325/5472
f 3157/7325/5472 3125/7577/5590 3137/7576/5591
f 3132/7581/5510 3157/7325/5472 3126/7582/5592
f 3126/7582/5592 3157/7325/5472 3133/7579/5593
f 3157/7325/5472 3137/7580/5591 3133/7579/5593
g default
v -6.692604 4.265978 0.292575
v -6.675690 4.257113 0.058907
v -6.532841 4.197847 0.240983
v -4.411915 3.292979 -0.500000
v -4.377357 3.278322 -0.500000
v -4.316204 3.252570 -0.474830
v -4.414192 3.294356 -0.443187
v -4.725567 3.427140 -0.342636
v -4.714176 3.421169 -0.500000
v -4.896278 3.498400 -0.500000
v -5.115555 3.593449 -0.216698
v -5.337822 3.685663 -0.500000
v -5.449009 3.732817 -0.500000
v -5.392342 3.708785 -0.500000
v -5.308395 3.675686 -0.154425
v -5.709084 3.846559 -0.025031
v -5.674706 3.828537 -0.500000
v -5.522236 3.763875 -0.500000
v -6.001736 3.967234 -0.500000
v -6.071331 3.996750 -0.500000
v -6.554466 4.201652 -0.500000
v -6.372768 4.124592 -0.500000
v -6.635235 4.235905 -0.500000
v -7.107197 4.436069 -0.500000
v -6.789288 4.301240 -0.500000
v -7.114189 4.439035 -0.500000
v -7.334930 4.539897 0.500000
v -7.353195 4.547642 0.500000
v -7.353195 4.544364 0.047562
v -7.353195 4.540398 -0.500000
v -7.054855 4.420458 0.409555
v -6.897186 4.353221 0.358640
v -6.820179 4.320382 0.333772
v -6.847912 4.332209 0.342728
v -4.383022 3.308274 -0.500000
v -4.363472 3.291974 -0.492635
v -4.411915 3.326027 -0.500000
v -4.788555 3.557440 -0.500000
v -5.392342 3.763875 -0.500000
v -5.124542 3.763875 -0.500000
v -5.250805 3.841451 -0.500000
v -5.392342 3.928416 -0.500000
v -5.713051 4.125463 -0.500000
v -5.626667 4.072387 -0.500000
v -6.372768 4.301240 -0.500000
v -5.999138 4.301240 -0.500000
v -5.964931 4.280223 -0.500000
v -6.175297 4.409474 -0.500000
v -6.372768 4.530805 -0.500000
v -6.637543 4.693485 -0.500000
v -7.353195 4.838605 -0.500000
v -6.873734 4.838605 -0.500000
v -7.099789 4.977496 -0.500000
v -7.353195 5.133192 -0.500000
v -7.353195 4.838605 0.006097
v -7.353195 4.962006 -0.205903
v -7.353195 4.551117 0.500000
v -7.353195 4.604202 0.408800
vt 0.375000 0.600000
vt 0.391667 0.616667
vt 0.408333 0.633333
vt 0.125000 0.150000
vt 0.500000 0.484274
vt 0.483897 0.497067
vt 0.486096 0.495296
vt 0.488058 0.493715
vt 0.493278 0.489510
vt 0.499130 0.484796
vt 0.499579 0.484434
vt 0.500000 0.484274
vt 0.480256 0.500000
vt 0.478914 0.501081
vt 0.480256 0.500000
vt 0.475000 0.504234
vt 0.475000 0.504234
vt 0.458117 0.525000
vt 0.453430 0.521610
vt 0.457367 0.518438
vt 0.460880 0.515609
vt 0.464549 0.512653
vt 0.468663 0.509338
vt 0.471731 0.506867
vt 0.474469 0.504662
vt 0.461496 0.527444
vt 0.458117 0.525000
vt 0.467914 0.532086
vt 0.469368 0.533137
vt 0.467914 0.532086
vt 0.375000 0.141083
vt 0.251524 0.150000
vt 0.352200 0.142730
vt 0.375000 0.141083
vt 0.125000 0.159137
vt 0.198524 0.153827
vt 0.251524 0.150000
vt 0.379308 0.595692
vt 0.375000 0.590863
vt 0.383151 0.600000
vt 0.379308 0.595692
vt 0.387166 0.604501
vt 0.383151 0.600000
vt 0.391667 0.609546
vt 0.387166 0.604501
vt 0.395024 0.613310
vt 0.391667 0.609546
vt 0.398018 0.616667
vt 0.395024 0.613310
vt 0.398018 0.616667
vt 0.402882 0.622118
vt 0.398600 0.617318
vt 0.408333 0.628230
vt 0.404350 0.623765
vt 0.402882 0.622118
vt 0.410740 0.630927
vt 0.408333 0.628230
vt 0.412886 0.633333
vt 0.410739 0.630927
vt 0.418597 0.639736
vt 0.412886 0.633333
vt 0.425000 0.646913
vt 0.418597 0.639736
vt 0.425491 0.647464
vt 0.425000 0.646913
vt 0.530252 0.473541
vt 0.530504 0.473914
vt 0.525000 0.525000
vt 0.525000 0.520939
vt 0.527818 0.522182
vt 0.491223 0.508777
vt 0.493121 0.506879
vt 0.487628 0.504457
vt 0.485900 0.503694
vt 0.486483 0.504751
vt 0.486969 0.505164
vt 0.500000 0.516232
vt 0.500000 0.509913
vt 0.493121 0.506879
vt 0.491223 0.508777
vt 0.493786 0.510954
vt 0.502595 0.518436
vt 0.504741 0.520259
vt 0.510470 0.514531
vt 0.503402 0.511413
vt 0.500000 0.509913
vt 0.500000 0.516232
vt 0.500767 0.516884
vt 0.501565 0.517561
vt 0.510323 0.525000
vt 0.525000 0.520939
vt 0.510469 0.514530
vt 0.504741 0.520259
vt 0.509344 0.524168
vt 0.518259 0.531741
vt 0.510323 0.525000
vt 0.514566 0.528603
vt 0.517123 0.530775
vt 0.525000 0.537466
vt 0.518259 0.531741
vt 0.520427 0.533582
vt 0.524902 0.537382
vt 0.534208 0.525000
vt 0.525000 0.537466
vt 0.528364 0.540323
vt 0.534410 0.533245
vt 0.539405 0.527397
vt 0.539148 0.527179
vt 0.530558 0.523390
vt 0.530069 0.523174
vt 0.527818 0.522182
vt 0.534208 0.525000
vt 0.531427 0.523773
vt 0.530578 0.473401
vt 0.529643 0.472638
vt 0.425000 0.647938
vt 0.425588 0.648393
vt 0.425000 0.647938
vt 0.416766 0.641567
vt 0.419862 0.643962
vt 0.416766 0.641567
vt 0.408333 0.635042
vt 0.409260 0.635759
vt 0.406125 0.633333
vt 0.397974 0.627026
vt 0.403533 0.631328
vt 0.397974 0.627026
vt 0.391667 0.622145
vt 0.396791 0.626110
vt 0.379182 0.612485
vt 0.384586 0.616667
vt 0.379182 0.612485
vt 0.375000 0.609249
vt 0.379063 0.612393
vt 0.375000 0.140976
vt 0.261891 0.140874
vt 0.375311 0.140735
vt 0.375000 0.140976
vt 0.407370 0.634296
vt 0.408333 0.635042
vt 0.406125 0.633333
vt 0.407370 0.634296
vt 0.388578 0.619755
vt 0.391667 0.622145
vt 0.384586 0.616667
vt 0.387205 0.618693
vt 0.388578 0.619755
vt 0.261891 0.140874
vt 0.125000 0.140751
vt 0.469651 0.532909
vt 0.474200 0.525800
vt 0.472562 0.528360
vt 0.474712 0.525000
vt 0.474200 0.525800
vt 0.475000 0.524550
vt 0.474712 0.525000
vt 0.475000 0.524550
vt 0.490709 0.500000
vt 0.486545 0.506507
vt 0.477986 0.519884
vt 0.476326 0.522478
vt 0.492712 0.496868
vt 0.490709 0.500000
vt 0.500000 0.485479
vt 0.496765 0.490535
vt 0.501018 0.483888
vt 0.500000 0.485479
vn -0.390437 -0.920606 0.006668
vn -0.390436 -0.920606 0.006668
vn -0.390437 -0.920606 0.006668
vn -0.390427 -0.920610 0.006689
vn -0.390433 -0.920607 0.006659
vn -0.390436 -0.920606 0.006682
vn -0.390435 -0.920607 0.006647
vn -0.390435 -0.920606 0.006670
vn -0.390435 -0.920606 0.006669
vn -0.390438 -0.920605 0.006667
vn -0.390437 -0.920605 0.006668
vn -0.390438 -0.920605 0.006667
vn -0.390437 -0.920606 0.006669
vn -0.390437 -0.920606 0.006670
vn -0.390438 -0.920605 0.006670
vn -0.390434 -0.920607 0.006667
vn -0.390441 -0.920604 0.006671
vn -0.390425 -0.920611 0.006665
vn -0.390437 -0.920606 0.006670
vn -0.390436 -0.920606 0.006672
vn -0.390436 -0.920606 0.006669
vn -0.390435 -0.920606 0.006669
vn -0.390431 -0.920608 0.006670
vn -0.390434 -0.920607 0.006668
vn -0.390446 -0.920602 0.006675
vn -0.390438 -0.920605 0.006673
vn -0.390378 -0.920631 0.006670
vn -0.390435 -0.920607 0.006668
vn -0.390435 -0.920606 0.006672
vn -0.390436 -0.920606 0.006668
vn -0.390429 -0.920609 0.006670
vn -0.390433 -0.920607 0.006673
vn -0.390432 -0.920608 0.006660
vn -0.390437 -0.920606 0.006663
vn 0.407043 0.077008 -0.910157
vn 0.282150 0.053373 -0.957885
vn 0.407052 0.077001 -0.910154
vn 0.063157 0.011943 -0.997932
vn 0.000000 0.000000 -1.000000
vn 0.000000 0.000000 -1.000000
vn 0.000000 0.000000 -1.000000
vn 0.000000 0.000000 -1.000000
vn 0.000000 0.000000 -1.000000
vn 0.000000 0.000000 -1.000000
vn 0.000000 0.000000 -1.000000
vn 0.000000 0.000000 -1.000000
vn 0.000000 0.000000 -1.000000
vn 0.000000 0.000000 -1.000000
vn 0.000000 0.000000 -1.000000
vn 0.000000 0.000000 -1.000000
vn 0.000000 0.000000 -1.000000
vn 0.000000 0.000000 -1.000000
vn 0.000000 0.000000 -1.000000
vn 0.000000 0.000000 -1.000000
vn 0.000000 0.000000 -1.000000
vn 0.000000 0.000000 -1.000000
vn 0.000000 0.000000 -1.000000
vn 0.000000 0.000000 -1.000000
vn 0.000000 0.000000 -1.000000
vn 0.000000 0.000000 -1.000000
vn 0.000000 0.000000 -1.000000
vn 0.000000 0.000000 -1.000000
vn 0.000000 0.000000 -1.000000
vn 0.000000 0.000000 -1.000000
vn 0.000000 0.000000 -1.000000
vn 0.000000 0.000000 -1.000000
vn 0.000000 0.000000 -1.000000
vn 0.000000 0.000000 -1.000000
vn 0.000000 0.000000 -1.000000
vn 0.000000 0.000000 -1.000000
vn -1.000000 -0.000001 0.000000
vn -1.000000 0.000005 0.000000
vn -1.000000 -0.000000 0.000000
vn -1.000000 0.000000 0.000000
vn -1.000000 -0.000000 0.000000
vn -1.000000 0.000000 0.000000
vn -1.000000 0.000000 0.000000
vn -1.000000 0.000001 0.000000
vn 0.000000 0.000000 1.000000
vn 0.000000 0.000000 1.000000
vn 0.000000 0.000000 1.000000
vn 0.000000 0.000000 -1.000000
vn 0.000000 0.000000 -1.000000
vn 0.000000 0.000000 -1.000000
vn -1.000000 0.000000 0.000000
vn 0.468988 0.763310 0.444308
vn 0.468989 0.763312 0.444302
vn 0.468984 0.763300 0.444327
vn 0.468925 0.763336 0.444328
vn 0.468993 0.763318 0.444288
vn 0.468988 0.763311 0.444305
vn 0.468988 0.763312 0.444304
vn 0.468987 0.763311 0.444305
vn 0.468990 0.763311 0.444303
vn 0.468988 0.763312 0.444303
vn 0.468989 0.763312 0.444302
vn 0.468989 0.763312 0.444303
vn 0.468990 0.763311 0.444302
vn 0.468991 0.763310 0.444303
vn 0.468987 0.763312 0.444304
vn 0.468988 0.763311 0.444305
vn 0.468990 0.763310 0.444304
vn 0.468989 0.763312 0.444302
vn 0.468989 0.763310 0.444304
vn 0.468990 0.763311 0.444302
vn 0.468993 0.763310 0.444301
vn 0.468991 0.763311 0.444302
vn 0.468990 0.763311 0.444302
vn 0.468987 0.763311 0.444307
vn 0.468993 0.763308 0.444304
vn 0.468987 0.763317 0.444295
vn 0.469008 0.763294 0.444313
vn 0.468989 0.763304 0.444316
vn 0.468988 0.763305 0.444315
vn 0.468989 0.763310 0.444305
vn 0.468986 0.763311 0.444306
vn 0.468988 0.763309 0.444309
vn 0.468989 0.763307 0.444311
vn 0.468983 0.763322 0.444291
s 1
g solidShatter1 shard22
usemtl shatterInteriorSG1
f 3189/7652/5594 3190/7650/5595 3191/7651/5596
f 3194/7656/5597 3195/7655/5598 3193/7657/5599
f 3193/7657/5599 3195/7655/5598 3192/7658/5600
f 3196/7654/5601 3197/7653/5602 3195/7655/5598
f 3192/7658/5600 3195/7655/5598 3197/7653/5602
f 3200/7659/5603 3198/7663/5604 3199/7660/5605
f 3199/7660/5605 3198/7663/5604 3196/7661/5601
f 3198/7663/5604 3197/7662/5602 3196/7661/5601
f 3199/7668/5605 3203/7667/5606 3200/7669/5603
f 3204/7666/5607 3205/7665/5608 3203/7667/5606
f 3205/7665/5608 3206/7664/5609 3203/7667/5606
f 3206/7664/5609 3201/7671/5610 3203/7667/5606
f 3201/7671/5610 3202/7670/5611 3203/7667/5606
f 3202/7670/5611 3200/7669/5603 3203/7667/5606
f 3205/7675/5608 3204/7674/5607 3207/7676/5612
f 3204/7674/5607 3191/7673/5596 3207/7676/5612
f 3207/7676/5612 3191/7673/5596 3208/7672/5613
f 3191/7673/5596 3190/7650/5595 3208/7672/5613
f 3208/7678/5613 3190/7650/5595 3210/7679/5614
f 3210/7679/5614 3190/7650/5595 3209/7680/5615
f 3209/7680/5615 3190/7650/5595 3211/7677/5616
f 3214/7681/5617 3212/7684/5618 3190/7650/5595
f 3212/7684/5618 3213/7683/5619 3190/7650/5595
f 3213/7683/5619 3211/7682/5616 3190/7650/5595
f 3216/7689/5620 3217/7688/5621 3215/7690/5622
f 3215/7690/5622 3217/7688/5621 3219/7685/5623
f 3190/7650/5595 3219/7685/5623 3214/7686/5617
f 3219/7685/5623 3217/7688/5621 3214/7686/5617
f 3217/7688/5621 3218/7687/5624 3214/7686/5617
f 3219/7694/5623 3190/7650/5595 3220/7695/5625
f 3220/7695/5625 3190/7650/5595 3222/7691/5626
f 3222/7691/5626 3190/7650/5595 3221/7692/5627
f 3190/7650/5595 3189/7693/5594 3221/7692/5627
s 8
f 3194/7697/5628 3193/7696/5629 3224/7648/5630
f 3224/7648/5630 3193/7696/5629 3223/7649/5631
usemtl initialShadingGroup
f 3193/7699/5629 3192/7698/5632 3223/7646/5631
f 3223/7646/5631 3192/7698/5632 3225/7647/5633
f 3198/7701/5634 3226/7645/5635 3197/7702/5636
f 3192/7700/5632 3197/7702/5636 3225/7644/5633
f 3197/7702/5636 3226/7645/5635 3225/7644/5633
f 3226/7642/5635 3198/7703/5634 3228/7643/5637
f 3227/7585/5638 3228/7643/5637 3202/7704/5639
f 3202/7704/5639 3228/7643/5637 3200/7705/5640
f 3200/7705/5640 3228/7643/5637 3198/7703/5634
f 3229/7641/5641 3228/7640/5637 3227/7585/5638
f 3230/7639/5642 3229/7638/5641 3227/7585/5638
f 3207/7707/5643 3231/7637/5644 3205/7708/5645
f 3231/7637/5644 3232/7636/5646 3205/7708/5645
f 3232/7636/5646 3230/7635/5642 3205/7708/5645
f 3205/7708/5645 3230/7635/5642 3206/7706/5647
f 3230/7635/5642 3227/7585/5638 3206/7706/5647
f 3231/7633/5644 3207/7709/5643 3235/7634/5648
f 3207/7709/5643 3208/7711/5649 3235/7634/5648
f 3208/7711/5649 3210/7710/5650 3235/7634/5648
f 3235/7634/5648 3210/7710/5650 3234/7632/5651
f 3210/7710/5650 3233/7584/5652 3234/7632/5651
f 3236/7631/5653 3234/7630/5651 3233/7584/5652
f 3237/7629/5654 3236/7628/5653 3233/7584/5652
f 3212/7712/5655 3238/7627/5656 3213/7713/5657
f 3213/7713/5657 3238/7627/5656 3233/7584/5652
f 3238/7627/5656 3237/7626/5654 3233/7584/5652
f 3238/7624/5656 3212/7714/5655 3240/7625/5658
f 3240/7625/5658 3212/7714/5655 3239/7583/5659
f 3212/7714/5655 3214/7716/5660 3239/7583/5659
f 3214/7716/5660 3218/7715/5661 3239/7583/5659
f 3241/7623/5662 3240/7622/5658 3239/7583/5659
f 3242/7621/5663 3241/7620/5662 3239/7583/5659
s 13
f 3243/7619/5664 3244/7618/5665 3239/7586/5666
f 3239/7586/5666 3244/7618/5665 3242/7617/5667
f 3239/7586/5666 3217/7718/5668 3243/7614/5664
f 3216/7717/5669 3245/7616/5670 3217/7718/5668
f 3245/7616/5670 3246/7615/5671 3217/7718/5668
f 3217/7718/5668 3246/7615/5671 3243/7614/5664
s off
f 3216/7720/5672 3215/7719/5673 3245/7613/5674
s 8
f 3202/7722/5639 3201/7721/5675 3227/7585/5638
f 3201/7724/5675 3206/7723/5647 3227/7585/5638
f 3210/7726/5650 3209/7725/5676 3233/7584/5652
f 3213/7727/5657 3233/7584/5652 3211/7728/5677
f 3209/7729/5676 3211/7728/5677 3233/7584/5652
s 13
f 3218/7731/5678 3217/7730/5668 3239/7586/5666
s 15
usemtl shatterInteriorSG1
f 3220/7733/5679 3246/7612/5680 3219/7734/5681
f 3245/7611/5682 3215/7732/5683 3246/7612/5680
f 3219/7734/5681 3246/7612/5680 3215/7732/5683
f 3244/7609/5684 3243/7608/5685 3222/7735/5686
f 3222/7735/5686 3243/7608/5685 3220/7736/5679
f 3220/7736/5679 3243/7608/5685 3246/7610/5680
f 3235/7599/5687 3234/7607/5688 3221/7737/5689
f 3234/7607/5688 3236/7606/5690 3221/7737/5689
f 3236/7606/5690 3237/7605/5691 3221/7737/5689
f 3237/7605/5691 3238/7604/5692 3221/7737/5689
f 3242/7601/5693 3244/7600/5684 3241/7602/5694
f 3238/7604/5692 3240/7603/5695 3221/7737/5689
f 3221/7737/5689 3240/7603/5695 3222/7738/5686
f 3244/7600/5684 3222/7738/5686 3241/7602/5694
f 3222/7738/5686 3240/7603/5695 3241/7602/5694
f 3221/7739/5689 3189/7743/5696 3235/7598/5687
f 3189/7743/5696 3191/7742/5697 3235/7598/5687
f 3191/7742/5697 3204/7741/5698 3235/7598/5687
f 3235/7598/5687 3204/7741/5698 3231/7596/5699
f 3203/7740/5700 3232/7597/5701 3204/7741/5698
f 3204/7741/5698 3232/7597/5701 3231/7596/5699
f 3232/7595/5701 3203/7745/5700 3230/7588/5702
f 3230/7588/5702 3203/7745/5700 3229/7589/5703
f 3224/7594/5704 3223/7593/5705 3195/7746/5706
f 3223/7593/5705 3225/7592/5707 3195/7746/5706
f 3203/7745/5700 3199/7744/5708 3229/7589/5703
f 3229/7589/5703 3199/7744/5708 3228/7590/5709
f 3228/7590/5709 3199/7744/5708 3226/7591/5710
f 3199/7744/5708 3196/7747/5711 3226/7591/5710
f 3195/7746/5706 3225/7592/5707 3196/7747/5711
f 3196/7747/5711 3225/7592/5707 3226/7591/5710
f 3195/7749/5706 3194/7748/5712 3224/7587/5704
g default
v -1.730935 4.526786 0.023978
v -1.427114 4.393698 0.214633
v -1.537786 4.919210 -0.395473
v -1.950132 4.081437 0.500000
v -1.731919 4.106668 0.500000
v -1.746759 4.494634 0.058345
v -1.375348 4.147898 0.500000
v -1.470639 4.136880 0.500000
v -0.972361 4.194495 0.500000
v -1.223005 4.165514 0.500000
v -0.797136 4.986934 -0.375168
v -0.594915 4.238138 0.500000
v -0.678843 4.548912 0.136778
v -0.690273 4.591235 0.087312
v -0.705330 4.646990 0.022147
v -1.489654 5.017001 -0.500000
v -0.825980 5.093740 -0.500000
v -1.053046 5.067486 -0.500000
v -1.470639 5.019200 -0.500000
v -2.451065 0.539682 -0.500000
v -1.470639 0.539682 -0.500000
v -2.451065 0.002316 -0.500000
v -1.470639 0.002316 -0.500000
v -1.623367 0.539679 0.500000
v -1.527622 0.033550 0.500000
v -1.470639 0.002316 0.500000
v -1.470639 0.539679 0.500000
v -1.521715 0.002316 0.500000
v -1.725021 1.077047 0.500000
v -1.641034 0.633072 0.500000
v -1.470639 1.077047 0.500000
v -2.167776 0.002316 0.211054
v -2.440073 0.002316 0.089271
v -2.451065 0.002316 0.084354
v -2.849342 0.002316 -0.093772
v -1.579565 0.002319 0.474127
v -1.948092 1.128275 0.404568
v -3.431492 0.002316 -0.500000
v -2.990364 0.002316 -0.156844
v -3.431492 0.002316 -0.354134
v -3.465542 0.002316 -0.465270
v -3.462332 0.002316 -0.500000
v -3.431492 0.080715 -0.500000
v -3.474056 0.002316 -0.373171
v -1.470639 1.077047 -0.500000
v -1.394644 0.581335 -0.500000
v -1.399893 0.539682 -0.500000
v -1.467388 0.004097 -0.500000
v -1.467613 0.002316 -0.500000
v -1.216550 0.002316 0.240838
v -1.128723 0.002316 0.500000
v -1.274817 0.002316 0.068903
v -1.115830 0.104618 0.500000
v -1.087469 0.329666 0.500000
v -1.061004 0.539679 0.500000
v -1.024125 0.832314 0.500000
v -0.993283 1.077047 0.500000
v -1.754447 1.232601 0.500000
v -1.748203 1.199594 0.500000
v -3.211367 0.677546 -0.198558
v -3.358150 0.267155 -0.500000
v -3.250942 0.539682 -0.500000
v -3.201313 0.665842 -0.500000
v -2.451065 1.077047 -0.500000
v -3.225983 0.672331 -0.205536
v -3.294476 0.487341 -0.251820
v -3.427681 0.127571 -0.341833
v -3.042860 1.068642 -0.500000
v -3.039553 1.077047 -0.500000
v -2.931820 1.350914 -0.500000
v -2.451065 1.614412 -0.500000
v -2.828165 1.614412 -0.500000
v -2.451065 2.151779 -0.500000
v -1.470639 2.151779 -0.500000
v -1.470639 1.614412 -0.500000
v -1.332172 1.077047 -0.500000
v -1.334556 1.058142 -0.500000
v -1.377356 0.002316 -0.233667
v -1.358569 0.002316 -0.178233
v -0.977715 1.200583 0.500000
v -0.960780 1.334963 0.500000
v -1.470639 1.614412 0.500000
v -0.925563 1.614412 0.500000
v -1.799181 1.469074 0.500000
v -1.826675 1.614412 0.500000
v -1.981272 2.431653 0.500000
v -1.928328 2.151779 0.500000
v -1.470639 2.151779 0.500000
v -1.867859 1.832127 0.500000
v -2.404764 2.523554 0.318371
v -3.217319 0.695732 -0.199681
v -3.073120 1.085197 -0.102238
v -2.662325 2.035989 -0.500000
v -2.616776 2.151779 -0.500000
v -3.017044 1.236649 -0.064346
v -2.825531 1.621109 -0.500000
v -1.470639 2.689144 -0.500000
v -1.321899 1.158571 -0.500000
v -0.857843 2.151779 0.500000
v -0.834091 2.340256 0.500000
v -1.470639 2.689144 0.500000
v -1.294312 1.377478 -0.500000
v -0.925517 1.614779 0.500000
v -0.897435 1.837608 0.500000
v -0.790123 2.689144 0.500000
v -2.094685 3.031179 0.500000
v -2.029982 2.689144 0.500000
v -2.024334 2.659289 0.500000
v -2.606409 2.345723 0.213142
v -2.790037 1.849768 0.089055
v -2.561239 2.467725 0.243666
v -2.548738 2.461497 0.081952
v -2.504467 2.437277 -0.500000
v -2.451065 2.573026 -0.500000
v -2.405386 2.689144 -0.500000
v -2.392830 2.721062 -0.500000
v -1.470639 3.226509 -0.500000
v -1.129013 2.689144 -0.500000
v -1.176410 2.313044 -0.500000
v -1.196733 2.151779 -0.500000
v -1.249155 1.735807 -0.500000
v -1.264453 1.614412 -0.500000
v -1.279663 1.493719 -0.500000
v -0.767882 3.103912 0.411391
v -0.782121 2.752638 0.500000
v -0.770746 2.842902 0.500000
v -1.470639 3.226509 0.500000
v -2.131636 3.226509 0.500000
v -2.121355 3.172169 0.500000
v -2.561050 2.468233 0.243793
v -2.468485 2.718239 0.306344
v -2.292910 2.975067 -0.500000
v -2.193998 3.226509 -0.500000
v -2.123337 3.406136 -0.500000
v -1.982609 3.763875 -0.500000
v -1.470639 3.763875 -0.500000
v -1.030921 3.467516 -0.500000
v -1.061293 3.226509 -0.500000
v -1.103665 2.890280 -0.500000
v -1.103998 2.887638 -0.500000
v -0.735203 3.124940 0.500000
v -0.722403 3.226509 0.500000
v -2.075056 3.763874 0.500000
v -2.141748 3.594339 0.500000
v -1.470639 3.763874 0.500000
v -2.181906 3.492254 0.500000
v -2.195774 3.454801 0.490629
v -2.009134 3.829474 0.066068
v -1.966070 3.805915 -0.500000
v -1.853842 4.091209 -0.500000
v -1.470639 4.301240 -0.500000
v -1.771220 4.301240 -0.500000
v -0.925853 4.301240 -0.500000
v -0.958176 4.044753 -0.500000
v -0.993573 3.763875 -0.500000
v -1.020072 3.553603 -0.500000
v -0.710122 4.528785 0.051964
v -0.718124 3.260463 0.500000
v -0.707401 3.345549 0.500000
v -0.654683 3.763874 0.500000
v -2.042147 3.847534 0.500000
v -1.967852 4.036394 0.500000
v -1.760289 4.329026 -0.500000
v -1.584348 4.776283 -0.500000
v -1.470639 4.838605 -0.500000
v -1.559831 4.838605 -0.500000
v -0.858133 4.838605 -0.500000
v -0.885431 4.621989 -0.500000
v -0.913684 4.397803 -0.500000
v -0.644057 3.848195 0.500000
vt 0.475000 0.000000
vt 0.475000 0.016667
vt 0.475000 0.033333
vt 0.475000 0.050000
vt 0.475000 0.066667
vt 0.475000 0.083333
vt 0.475000 0.100000
vt 0.475000 0.116667
vt 0.475000 0.600000
vt 0.475000 0.616667
vt 0.475000 0.633333
vt 0.475000 0.650000
vt 0.475000 0.666667
vt 0.458333 0.683333
vt 0.475000 0.683333
vt 0.458333 0.700000
vt 0.475000 0.700000
vt 0.458333 0.716666
vt 0.475000 0.716666
vt 0.458333 0.733333
vt 0.475000 0.733333
vt 0.441667 0.750000
vt 0.458333 0.750000
vt 0.475000 0.750000
vt 0.475000 1.000000
vt 0.500000 0.500000
vt 0.500000 0.525000
vt 0.501645 0.525000
vt 0.500000 0.531163
vt 0.500399 0.529669
vt 0.502093 0.523319
vt 0.502244 0.522757
vt 0.501645 0.525000
vt 0.502619 0.521348
vt 0.504468 0.514423
vt 0.504840 0.513027
vt 0.502244 0.522757
vt 0.491702 0.492703
vt 0.490745 0.496289
vt 0.489754 0.500000
vt 0.489328 0.501599
vt 0.488195 0.505845
vt 0.486954 0.510494
vt 0.486025 0.513975
vt 0.489754 0.500000
vt 0.485644 0.515400
vt 0.484580 0.519390
vt 0.483094 0.524956
vt 0.483083 0.525000
vt 0.486025 0.513975
vt 0.482206 0.528286
vt 0.480544 0.534512
vt 0.479832 0.537182
vt 0.477994 0.544068
vt 0.477458 0.546078
vt 0.476924 0.548076
vt 0.483083 0.525000
vt 0.472893 0.563180
vt 0.472709 0.563869
vt 0.470343 0.572736
vt 0.470335 0.572765
vt 0.475000 0.573811
vt 0.475000 0.555286
vt 0.488301 0.575000
vt 0.480299 0.575000
vt 0.483310 0.575675
vt 0.487849 0.576694
vt 0.493143 0.556857
vt 0.475971 0.574029
vt 0.480299 0.575000
vt 0.488301 0.575000
vt 0.489296 0.571274
vt 0.490223 0.567798
vt 0.491516 0.562953
vt 0.492597 0.558902
vt 0.475444 0.553624
vt 0.475084 0.554973
vt 0.475000 0.555286
vt 0.475000 0.573811
vt 0.475971 0.574029
vt 0.493143 0.556857
vt 0.493737 0.554632
vt 0.494971 0.550006
vt 0.494973 0.550000
vt 0.476411 0.550000
vt 0.498178 0.537990
vt 0.499720 0.532214
vt 0.500000 0.531163
vt 0.476924 0.548076
vt 0.476411 0.550000
vt 0.494973 0.550000
vt 0.495958 0.546311
vt 0.497346 0.541110
vt 0.480812 1.000000
vt 0.479319 0.935209
vt 0.481964 0.016667
vt 0.481514 0.010153
vt 0.483115 0.033333
vt 0.482591 0.025743
vt 0.484266 0.050000
vt 0.483667 0.041333
vt 0.475052 0.750000
vt 0.475055 0.749945
vt 0.476203 0.733333
vt 0.476292 0.732041
vt 0.477354 0.716666
vt 0.477529 0.714138
vt 0.478505 0.700000
vt 0.478765 0.696235
vt 0.479656 0.683333
vt 0.480002 0.678331
vt 0.481238 0.660428
vt 0.480808 0.666667
vt 0.481233 0.660510
vt 0.481959 0.650000
vt 0.482475 0.642525
vt 0.483110 0.633333
vt 0.483712 0.624622
vt 0.484948 0.606718
vt 0.484261 0.616666
vt 0.484468 0.613672
vt 0.485412 0.600000
vt 0.489052 0.119282
vt 0.488871 0.116667
vt 0.487975 0.103692
vt 0.486898 0.088102
vt 0.487720 0.100000
vt 0.487502 0.096850
vt 0.486568 0.083333
vt 0.485821 0.072512
vt 0.485417 0.066667
vt 0.484744 0.056923
vt 0.479319 0.935209
vt 0.478329 0.892226
vt 0.476905 0.830441
vt 0.476586 0.816583
vt 0.475052 0.750000
vt 0.480812 0.000000
vt 0.481514 0.010153
vt 0.481032 0.003173
vt 0.482591 0.025743
vt 0.481964 0.016667
vt 0.483115 0.033333
vt 0.483667 0.041333
vt 0.483380 0.037165
vt 0.484266 0.050000
vt 0.484744 0.056923
vt 0.484267 0.050011
vt 0.475055 0.749945
vt 0.476203 0.733333
vt 0.476292 0.732041
vt 0.477313 0.717253
vt 0.477354 0.716666
vt 0.477529 0.714138
vt 0.477998 0.707348
vt 0.478247 0.703743
vt 0.478505 0.700000
vt 0.478765 0.696235
vt 0.479656 0.683333
vt 0.480002 0.678331
vt 0.480808 0.666667
vt 0.481238 0.660428
vt 0.481959 0.650000
vt 0.482475 0.642525
vt 0.482659 0.639855
vt 0.483110 0.633333
vt 0.483712 0.624622
vt 0.484261 0.616667
vt 0.484948 0.606718
vt 0.485412 0.600000
vt 0.489051 0.119282
vt 0.488871 0.116667
vt 0.487975 0.103692
vt 0.487792 0.101053
vt 0.487720 0.100000
vt 0.486568 0.083333
vt 0.486898 0.088102
vt 0.486704 0.085303
vt 0.485821 0.072512
vt 0.485417 0.066667
vt 0.500000 0.425000
vt 0.525000 0.425000
vt 0.500000 0.450000
vt 0.496044 0.425000
vt 0.495385 0.429615
vt 0.495963 0.425565
vt 0.495385 0.429615
vt 0.492471 0.450000
vt 0.493028 0.446101
vt 0.493714 0.441308
vt 0.494496 0.435833
vt 0.495029 0.432105
vt 0.491561 0.456369
vt 0.492398 0.450511
vt 0.492471 0.450000
vt 0.491216 0.458784
vt 0.491083 0.459715
vt 0.491216 0.458784
vt 0.532817 0.415427
vt 0.525000 0.412902
vt 0.515443 0.409814
vt 0.522501 0.412094
vt 0.525000 0.412902
vt 0.515249 0.409751
vt 0.515249 0.409751
vt 0.500000 0.404826
vt 0.510423 0.408193
vt 0.498898 0.405029
vt 0.498975 0.404494
vt 0.500000 0.404826
vt 0.496044 0.425000
vt 0.496344 0.422901
vt 0.497431 0.415297
vt 0.497660 0.413698
vt 0.474132 0.000000
vt 0.474031 0.000969
vt 0.463149 0.927763
vt 0.473148 0.993531
vt 0.474132 1.000000
vt 0.458333 0.896088
vt 0.458520 0.897318
vt 0.463149 0.927763
vt 0.451563 0.851557
vt 0.458333 0.896088
vt 0.441667 0.786466
vt 0.449166 0.835789
vt 0.451563 0.851557
vt 0.441667 0.786466
vt 0.463764 0.100000
vt 0.464392 0.093942
vt 0.463938 0.098315
vt 0.463764 0.100000
vt 0.465492 0.083333
vt 0.464392 0.093942
vt 0.465492 0.083333
vt 0.466320 0.075347
vt 0.465588 0.082407
vt 0.467220 0.066667
vt 0.466320 0.075347
vt 0.468248 0.056753
vt 0.467220 0.066667
vt 0.468948 0.050000
vt 0.468248 0.056753
vt 0.468948 0.050000
vt 0.470176 0.038158
vt 0.469415 0.045492
vt 0.470676 0.033333
vt 0.470282 0.037134
vt 0.470176 0.038158
vt 0.472103 0.019563
vt 0.470676 0.033333
vt 0.472404 0.016667
vt 0.472103 0.019563
vt 0.474031 0.000969
vt 0.472404 0.016667
vt 0.500000 0.500000
vt 0.500000 0.525000
vt 0.496122 0.520481
vt 0.497238 0.525000
vt 0.492833 0.507167
vt 0.497786 0.527215
vt 0.497238 0.525000
vt 0.497241 0.525009
vt 0.500000 0.536180
vt 0.497785 0.527215
vt 0.510412 0.569478
vt 0.510397 0.568046
vt 0.510360 0.564640
vt 0.507690 0.567310
vt 0.508249 0.569574
vt 0.509820 0.569504
vt 0.510306 0.559662
vt 0.510281 0.557358
vt 0.510201 0.550000
vt 0.503414 0.550000
vt 0.505153 0.557040
vt 0.505257 0.557463
vt 0.506083 0.560807
vt 0.507690 0.567310
vt 0.510360 0.564640
vt 0.510092 0.539908
vt 0.502738 0.547262
vt 0.503414 0.550000
vt 0.510201 0.550000
vt 0.510199 0.549846
vt 0.510145 0.544844
vt 0.510093 0.540031
vt 0.509987 0.530215
vt 0.509930 0.525000
vt 0.500000 0.536180
vt 0.502738 0.547262
vt 0.510092 0.539908
vt 0.510009 0.532330
vt 0.509903 0.522520
vt 0.509880 0.520399
vt 0.509874 0.519816
vt 0.509823 0.515177
vt 0.509930 0.525000
vt 0.509659 0.500000
vt 0.509824 0.515177
vt 0.509774 0.510584
vt 0.509738 0.507303
vt 0.509667 0.500768
vt 0.509555 0.490445
vt 0.509659 0.500000
vt 0.509602 0.494789
vt 0.509561 0.490952
vt 0.509467 0.482275
vt 0.509454 0.481137
vt 0.509555 0.490445
vt 0.492596 0.500000
vt 0.492558 0.496550
vt 0.492612 0.501528
vt 0.492646 0.504625
vt 0.492666 0.506490
vt 0.492833 0.507167
vt 0.492596 0.500000
vt 0.500000 0.453488
vt 0.503097 0.450000
vt 0.503090 0.450007
vt 0.503097 0.450000
vt 0.525000 0.425326
vt 0.520186 0.430749
vt 0.518314 0.432858
vt 0.510735 0.441395
vt 0.504605 0.448301
vt 0.500000 0.453488
vt 0.490895 0.463745
vt 0.490432 0.464266
vt 0.525289 0.425000
vt 0.525000 0.425326
vt 0.527576 0.422424
vt 0.525289 0.425000
vt 0.527576 0.422424
vt 0.533571 0.415670
vt 0.532023 0.417415
vt 0.473484 0.600000
vt 0.459323 0.665677
vt 0.459110 0.666667
vt 0.463905 0.644429
vt 0.462703 0.650000
vt 0.466297 0.633333
vt 0.468486 0.623181
vt 0.466578 0.632029
vt 0.469890 0.616667
vt 0.473067 0.601933
vt 0.470076 0.615805
vt 0.473484 0.600000
vt 0.473067 0.601933
vt 0.459110 0.666667
vt 0.458333 0.670268
vt 0.459323 0.665677
vt 0.462703 0.650000
vt 0.461022 0.657799
vt 0.466297 0.633333
vt 0.463905 0.644429
vt 0.469890 0.616667
vt 0.468486 0.623181
vt 0.445580 0.729420
vt 0.444736 0.733333
vt 0.450161 0.708172
vt 0.448329 0.716666
vt 0.451923 0.700000
vt 0.454742 0.686924
vt 0.451968 0.699792
vt 0.458333 0.670268
vt 0.457426 0.674478
vt 0.455516 0.683333
vt 0.444736 0.733333
vt 0.442913 0.741786
vt 0.441667 0.747568
vt 0.445580 0.729420
vt 0.448329 0.716666
vt 0.448273 0.716927
vt 0.451923 0.700000
vt 0.450161 0.708172
vt 0.455516 0.683333
vt 0.454742 0.686925
vt 0.441088 0.758682
vt 0.440943 0.781707
vt 0.441142 0.750000
vt 0.441088 0.758682
vt 0.441667 0.747568
vt 0.441142 0.750000
vt 0.466548 0.125119
vt 0.466548 0.125119
vt 0.464725 0.116667
vt 0.465285 0.119261
vt 0.463592 0.111408
vt 0.464725 0.116667
vt 0.462909 0.108242
vt 0.463592 0.111408
vt 0.500000 0.500000
vt 0.490230 0.509770
vt 0.500000 0.506504
vt 0.500800 0.506236
vt 0.500000 0.506504
vt 0.508613 0.500000
vt 0.511088 0.502797
vt 0.505650 0.496651
vt 0.508613 0.500000
vt 0.504570 0.495430
vt 0.502842 0.493478
vt 0.504570 0.495430
vt 0.500000 0.490265
vt 0.488337 0.493385
vt 0.489343 0.492299
vt 0.490108 0.491476
vt 0.495720 0.485428
vt 0.500000 0.490265
vt 0.482198 0.500000
vt 0.487580 0.510341
vt 0.482844 0.504989
vt 0.480269 0.502079
vt 0.482198 0.500000
vt 0.490230 0.509770
vt 0.487795 0.510584
vt 0.500895 0.499105
vt 0.500000 0.497926
vt 0.501574 0.500000
vt 0.500895 0.499105
vt 0.506563 0.506572
vt 0.501574 0.500000
vt 0.479210 0.129124
vt 0.483470 0.130023
vt 0.489887 0.131376
vt 0.475000 0.128236
vt 0.476620 0.128577
vt 0.479210 0.129124
vt 0.466849 0.126516
vt 0.470559 0.127299
vt 0.475000 0.128236
vt 0.500000 0.487844
vt 0.492549 0.495727
vt 0.509419 0.477878
vt 0.507656 0.479744
vt 0.500580 0.487231
vt 0.500000 0.487844
vt 0.475000 0.594399
vt 0.474677 0.594467
vt 0.482099 0.592901
vt 0.475000 0.594399
vt 0.485959 0.592087
vt 0.482099 0.592901
vt 0.500000 0.497926
vt 0.494543 0.490738
vt 0.492829 0.488479
vn -0.086380 0.747047 0.659135
vn -0.086380 0.747048 0.659135
vn -0.086380 0.747048 0.659135
vn -0.086379 0.747047 0.659135
vn -0.086380 0.747047 0.659135
vn -0.086380 0.747047 0.659136
vn -0.086380 0.747047 0.659135
vn -0.086380 0.747048 0.659135
vn -0.086379 0.747048 0.659134
vn -0.086380 0.747047 0.659135
vn -0.086379 0.747047 0.659135
vn -0.086379 0.747047 0.659135
vn -0.086383 0.747047 0.659135
vn -0.086379 0.747047 0.659135
vn -0.086379 0.747048 0.659135
vn -0.086380 0.747044 0.659139
vn -0.086386 0.747032 0.659151
vn -0.086379 0.747047 0.659136
vn -0.086378 0.747049 0.659133
vn 0.000000 0.000000 -1.000000
vn 0.000000 0.000000 -1.000000
vn 0.000000 0.000000 -1.000000
vn 0.000000 0.000000 -1.000000
vn -0.298478 -0.056464 0.952745
vn -0.269853 -0.051048 0.961547
vn 0.000000 0.000000 1.000000
vn 0.000000 0.000000 1.000000
vn -0.207363 -0.039216 0.977478
vn -0.220377 -0.041689 0.974523
vn -0.126791 -0.023985 0.991639
vn 0.000000 0.000000 1.000000
vn 0.000000 -1.000000 -0.000000
vn 0.000002 -1.000000 0.000002
vn 0.000000 -1.000000 -0.000000
vn 0.000000 -1.000000 0.000000
vn 0.000003 -1.000000 0.000003
vn 0.000000 -1.000000 0.000000
vn -0.407061 -0.077002 0.910149
vn -0.407058 -0.077003 0.910151
vn -0.407059 -0.077003 0.910150
vn -0.407057 -0.077003 0.910151
vn 0.000000 0.000000 -1.000000
vn 0.000000 -1.000000 0.000000
vn 0.000000 -1.000000 -0.000000
vn 0.000000 -1.000000 -0.000000
vn 0.000000 -1.000000 0.000000
vn 0.000000 -1.000000 0.000000
vn 0.000000 0.000000 -1.000000
vn 0.000000 0.000000 -1.000000
vn 0.000000 -1.000000 0.000000
vn 0.000000 0.000000 -1.000000
vn 0.000000 0.000000 -1.000000
vn 0.000000 0.000000 -1.000000
vn 0.000000 0.000000 -1.000000
vn 0.000000 0.000000 -1.000000
vn 0.000000 -1.000000 -0.000000
vn -0.000031 -1.000000 -0.000002
vn -0.000004 -1.000000 0.000003
vn 0.000000 -1.000000 0.000000
vn 0.000000 -1.000000 0.000000
vn 0.940418 -0.118515 -0.318696
vn 0.940418 -0.118505 -0.318700
vn 0.940418 -0.118515 -0.318698
vn 0.940418 -0.118515 -0.318697
vn 0.000000 0.000000 1.000000
vn 0.000000 0.000000 1.000000
vn 0.000000 0.000000 1.000000
vn 0.000000 0.000000 1.000000
vn 0.000000 0.000000 1.000000
vn 0.000000 0.000000 1.000000
vn -0.114418 -0.021645 0.993197
vn -0.220157 -0.041646 0.974575
vn -0.407059 -0.077003 0.910150
vn -0.407059 -0.077003 0.910150
vn -0.407060 -0.077001 0.910150
vn -0.407058 -0.077004 0.910151
vn 0.000000 0.000000 -1.000000
vn 0.000000 0.000000 -1.000000
vn 0.000000 0.000000 -1.000000
vn 0.000000 0.000000 -1.000000
vn -0.407062 -0.077000 0.910149
vn -0.407058 -0.077003 0.910151
vn -0.407057 -0.077003 0.910151
vn -0.407066 -0.077002 0.910147
vn -0.407058 -0.077002 0.910151
vn -0.927161 0.364728 -0.085709
vn -0.927163 0.364723 -0.085708
vn -0.927162 0.364726 -0.085708
vn -0.927164 0.364721 -0.085708
vn -0.927166 0.364716 -0.085712
vn -0.927165 0.364721 -0.085696
vn 0.000000 0.000000 -1.000000
vn 0.000000 0.000000 -1.000000
vn 0.000000 0.000000 -1.000000
vn 0.000000 0.000000 -1.000000
vn 0.000000 0.000000 -1.000000
vn 0.000000 0.000000 -1.000000
vn 0.000000 0.000000 -1.000000
vn 0.000000 0.000000 -1.000000
vn 0.000000 0.000000 -1.000000
vn 0.000000 0.000000 -1.000000
vn 0.940418 -0.118514 -0.318698
vn 0.940417 -0.118514 -0.318700
vn 0.940418 -0.118513 -0.318698
vn 0.940419 -0.118513 -0.318695
vn 0.940381 -0.118845 -0.318686
vn 0.940419 -0.118514 -0.318696
vn 0.000000 -1.000000 -0.000000
vn 0.000000 -1.000000 -0.000000
vn 0.000000 -1.000000 0.000000
vn 0.000000 -1.000000 -0.000000
vn 0.940418 -0.118514 -0.318698
vn 0.940418 -0.118512 -0.318700
vn 0.940418 -0.118513 -0.318698
vn 0.940418 -0.118514 -0.318698
vn 0.940418 -0.118513 -0.318698
vn 0.940417 -0.118511 -0.318701
vn 0.000000 0.000000 1.000000
vn 0.000000 0.000000 1.000000
vn 0.000000 0.000000 1.000000
vn 0.000000 0.000000 1.000000
vn -0.332332 -0.062867 0.941065
vn -0.212773 -0.040251 0.976272
vn -0.212897 -0.040274 0.976244
vn -0.209911 -0.039709 0.976914
vn 0.000000 0.000000 1.000000
vn -0.169499 -0.032063 0.985009
vn -0.407059 -0.077003 0.910150
vn -0.407047 -0.077004 0.910156
vn -0.927161 0.364729 -0.085711
vn -0.927160 0.364731 -0.085711
vn -0.927160 0.364730 -0.085716
vn -0.927160 0.364728 -0.085716
vn -0.927162 0.364725 -0.085716
vn -0.927161 0.364727 -0.085715
vn -0.927163 0.364722 -0.085713
vn 0.000000 0.000000 -1.000000
vn 0.000000 0.000000 -1.000000
vn -0.927161 0.364727 -0.085713
vn -0.927162 0.364723 -0.085715
vn -0.927161 0.364727 -0.085713
vn -0.927162 0.364725 -0.085713
vn -0.927161 0.364727 -0.085714
vn 0.000000 0.000000 -1.000000
vn 0.000000 0.000000 -1.000000
vn 0.000000 0.000000 -1.000000
vn 0.000000 0.000000 1.000000
vn 0.000000 0.000000 1.000000
vn 0.000000 0.000000 1.000000
vn 0.940418 -0.118514 -0.318698
vn 0.940418 -0.118513 -0.318699
vn 0.940418 -0.118514 -0.318698
vn 0.940418 -0.118515 -0.318698
vn 0.940418 -0.118510 -0.318699
vn 0.940418 -0.118514 -0.318697
vn 0.000000 0.000000 1.000000
vn 0.000000 0.000000 1.000000
vn 0.000000 0.000000 1.000000
vn -0.132066 -0.024983 0.990926
vn -0.185879 -0.035163 0.981943
vn -0.139538 -0.026397 0.989865
vn -0.407052 -0.077006 0.910153
vn -0.407083 -0.076989 0.910141
vn -0.407055 -0.077007 0.910152
vn -0.407057 -0.077003 0.910151
vn -0.407053 -0.077009 0.910152
vn -0.927162 0.364725 -0.085710
vn -0.927161 0.364727 -0.085714
vn -0.927161 0.364727 -0.085713
vn 0.000000 0.000000 -1.000000
vn 0.000000 0.000000 -1.000000
vn 0.000000 0.000000 -1.000000
vn -0.927161 0.364727 -0.085713
vn -0.927162 0.364725 -0.085713
vn -0.927161 0.364728 -0.085713
vn 0.000000 0.000000 -1.000000
vn 0.000000 0.000000 -1.000000
vn 0.000000 0.000000 -1.000000
vn 0.000000 0.000000 -1.000000
vn 0.000000 0.000000 -1.000000
vn 0.000000 0.000000 -1.000000
vn 0.000000 0.000000 -1.000000
vn 0.000000 0.000000 -1.000000
vn 0.000000 0.000000 -1.000000
vn 0.940418 -0.118514 -0.318698
vn 0.940418 -0.118513 -0.318698
vn 0.940418 -0.118515 -0.318698
vn 0.940418 -0.118515 -0.318697
vn 0.940418 -0.118514 -0.318698
vn 0.940418 -0.118514 -0.318697
vn 0.940418 -0.118513 -0.318699
vn 0.000000 0.000000 1.000000
vn 0.000000 0.000000 1.000000
vn 0.000000 0.000000 1.000000
vn -0.186108 -0.035206 0.981898
vn -0.161195 -0.030495 0.986451
vn -0.407057 -0.077001 0.910151
vn -0.407058 -0.077004 0.910151
vn -0.927161 0.364728 -0.085712
vn -0.927162 0.364724 -0.085717
vn -0.927161 0.364727 -0.085714
vn -0.927161 0.364726 -0.085716
vn -0.927159 0.364731 -0.085713
vn -0.927160 0.364731 -0.085713
vn 0.000000 0.000000 -1.000000
vn 0.000000 0.000000 -1.000000
vn 0.000000 0.000000 -1.000000
vn 0.000000 0.000000 -1.000000
vn 0.000000 0.000000 -1.000000
vn 0.000000 0.000000 -1.000000
vn 0.000000 0.000000 -1.000000
vn 0.000000 0.000000 -1.000000
vn 0.000000 0.000000 -1.000000
vn 0.940418 -0.118513 -0.318698
vn 0.940417 -0.118511 -0.318701
vn 0.940418 -0.118514 -0.318698
vn 0.940418 -0.118516 -0.318696
vn 0.940418 -0.118513 -0.318698
vn 0.940418 -0.118514 -0.318698
vn 0.940421 -0.118512 -0.318691
vn 0.940417 -0.118514 -0.318700
vn 0.000000 0.000000 1.000000
vn 0.000000 0.000000 1.000000
vn 0.000000 0.000000 1.000000
vn 0.000000 0.000000 1.000000
vn 0.000000 0.000000 1.000000
vn -0.004648 -0.000879 0.999989
vn -0.407056 -0.077003 0.910152
vn -0.927161 0.364727 -0.085714
vn -0.927161 0.364728 -0.085710
vn -0.927161 0.364726 -0.085716
vn -0.927163 0.364724 -0.085709
vn -0.927161 0.364727 -0.085712
vn -0.927161 0.364727 -0.085714
vn -0.927160 0.364729 -0.085713
vn 0.000000 0.000000 -1.000000
vn 0.000000 0.000000 -1.000000
vn 0.000000 0.000000 -1.000000
vn 0.000000 0.000000 -1.000000
vn 0.000000 0.000000 -1.000000
vn 0.000000 0.000000 -1.000000
vn 0.000000 0.000000 -1.000000
vn 0.000000 0.000000 -1.000000
vn 0.940418 -0.118514 -0.318698
vn 0.940418 -0.118514 -0.318698
vn 0.940418 -0.118513 -0.318698
vn 0.940418 -0.118513 -0.318698
vn 0.940418 -0.118514 -0.318698
vn 0.940417 -0.118514 -0.318700
vn 0.940417 -0.118514 -0.318700
vn 0.000000 0.000000 1.000000
vn 0.000000 0.000000 1.000000
vn 0.000000 0.000000 1.000000
vn 0.000000 0.000000 1.000000
vn 0.000000 0.000000 1.000000
vn -0.927159 0.364734 -0.085704
vn -0.927162 0.364723 -0.085717
vn -0.927161 0.364727 -0.085714
vn -0.927160 0.364729 -0.085715
vn -0.927161 0.364727 -0.085713
vn -0.927161 0.364728 -0.085711
vn -0.927162 0.364725 -0.085715
vn 0.000000 0.000000 -1.000000
vn 0.000000 0.000000 -1.000000
vn 0.000000 0.000000 -1.000000
vn 0.000000 0.000000 -1.000000
vn 0.000000 0.000000 -1.000000
vn 0.000000 0.000000 -1.000000
vn 0.000000 0.000000 -1.000000
vn 0.940418 -0.118514 -0.318699
vn 0.940418 -0.118515 -0.318696
vn 0.940418 -0.118513 -0.318697
vn 0.940418 -0.118513 -0.318698
vn 0.940418 -0.118514 -0.318698
vn 0.940417 -0.118516 -0.318701
vn 0.940418 -0.118514 -0.318699
vn 0.940419 -0.118513 -0.318697
vn 0.940418 -0.118513 -0.318698
vn 0.940418 -0.118514 -0.318699
vn 0.940417 -0.118515 -0.318700
vn 0.000000 0.000000 1.000000
vn 0.000000 0.000000 1.000000
vn 0.000000 0.000000 1.000000
vn 0.000000 0.000000 1.000000
vn 0.000000 0.000000 1.000000
vn 0.000000 0.000000 1.000000
vn 0.000000 0.000000 1.000000
vn 0.000000 0.000000 1.000000
vn -0.927161 0.364727 -0.085713
vn -0.927161 0.364727 -0.085712
vn -0.927159 0.364732 -0.085715
vn -0.927162 0.364726 -0.085713
vn -0.927160 0.364729 -0.085713
vn -0.927161 0.364727 -0.085714
vn -0.927162 0.364724 -0.085713
vn -0.927161 0.364728 -0.085713
vn 0.000000 0.000000 -1.000000
vn 0.000000 0.000000 -1.000000
vn 0.000000 0.000000 -1.000000
vn 0.000000 0.000000 -1.000000
vn 0.940418 -0.118514 -0.318699
vn 0.940418 -0.118513 -0.318698
vn 0.940418 -0.118513 -0.318698
vn 0.940418 -0.118514 -0.318697
s 1
g solidShatter1 shard23
usemtl shatterInteriorSG1
f 3247/8144/5713 3248/8142/5714 3249/8143/5715
f 3250/8148/5716 3251/8147/5717 3252/8145/5718
f 3247/8146/5713 3252/8145/5718 3248/8142/5714
f 3251/8147/5717 3248/8142/5714 3252/8145/5718
f 3251/8150/5717 3254/8149/5719 3248/8142/5714
f 3253/8151/5720 3248/8142/5714 3254/8149/5719
f 3255/8154/5721 3248/8142/5714 3256/8152/5722
f 3248/8142/5714 3253/8153/5720 3256/8152/5722
f 3257/8160/5723 3248/8142/5714 3261/8155/5724
f 3248/8142/5714 3255/8159/5721 3261/8155/5724
f 3261/8155/5724 3255/8159/5721 3260/8156/5725
f 3260/8156/5725 3255/8159/5721 3259/8157/5726
f 3255/8159/5721 3258/8158/5727 3259/8157/5726
f 3248/8142/5714 3257/8164/5723 3249/8165/5715
f 3249/8165/5715 3257/8164/5723 3262/8166/5728
f 3262/8166/5728 3257/8164/5723 3265/8161/5729
f 3265/8161/5729 3257/8164/5723 3264/8162/5730
f 3257/8164/5723 3263/8163/5731 3264/8162/5730
s 4
usemtl initialShadingGroup
f 3266/7769/5732 3267/7770/5733 3268/7772/5734
f 3268/7772/5734 3267/7770/5733 3269/7773/5735
s 5
f 3270/8004/5736 3271/8003/5737 3273/7751/5738
f 3273/7751/5738 3271/8003/5737 3272/7750/5739
f 3271/7965/5737 3274/7964/5740 3272/7750/5739
f 3275/8000/5741 3276/7999/5742 3277/7752/5743
f 3277/7752/5743 3276/7999/5742 3273/7751/5738
f 3276/8002/5742 3270/8001/5736 3273/7751/5738
s 7
f 3268/7772/5744 3269/7773/5745 3280/7969/5746
f 3280/7969/5746 3269/7773/5745 3279/7970/5747
f 3278/7971/5748 3279/7970/5747 3269/7773/5745
f 3280/7973/5746 3281/7972/5749 3268/7772/5744
s 5
usemtl shatterInteriorSG1
f 3279/7954/5750 3278/7956/5751 3283/7930/5752
f 3278/7956/5751 3282/7955/5753 3283/7930/5752
s 4
usemtl initialShadingGroup
f 3284/7771/5754 3266/7769/5732 3268/7772/5734
s 7
f 3284/7771/5755 3268/7772/5744 3286/7974/5756
f 3281/7976/5749 3285/7975/5757 3268/7772/5744
f 3285/7975/5757 3286/7974/5756 3268/7772/5744
f 3287/8131/5758 3288/8130/5759 3284/7771/5755
s 4
f 3288/8133/5760 3289/8132/5761 3284/7771/5754
s 7
f 3290/8129/5762 3287/8128/5758 3286/7977/5756
f 3286/7977/5756 3287/8128/5758 3284/7771/5755
s 4
f 3266/7769/5732 3291/7768/5763 3267/7770/5733
f 3292/7854/5764 3293/7853/5765 3267/7770/5733
f 3269/7773/5735 3267/7770/5733 3294/7898/5766
f 3293/7899/5765 3294/7898/5766 3267/7770/5733
f 3294/7852/5766 3295/7851/5767 3269/7773/5735
s 7
f 3272/7774/5768 3274/7968/5769 3269/7773/5745
f 3274/7968/5769 3282/7967/5770 3269/7773/5745
f 3282/7967/5770 3278/7966/5748 3269/7773/5745
f 3296/7844/5771 3297/7843/5772 3272/7774/5768
s 13
usemtl shatterInteriorSG1
f 3297/7816/5773 3296/7815/5774 3299/7813/5775
f 3299/7813/5775 3296/7815/5774 3298/7814/5776
s 5
usemtl initialShadingGroup
f 3273/7751/5738 3272/7750/5739 3300/7888/5777
f 3300/7888/5777 3272/7750/5739 3299/7889/5778
f 3299/7889/5778 3272/7750/5739 3297/7887/5779
f 3300/7846/5777 3301/7845/5780 3273/7751/5738
f 3301/7891/5780 3302/7890/5781 3273/7751/5738
f 3273/7751/5738 3302/7890/5781 3277/7752/5743
f 3302/7848/5781 3303/7847/5782 3277/7752/5743
f 3304/7998/5783 3305/7997/5784 3277/7752/5743
f 3305/7997/5784 3275/7996/5741 3277/7752/5743
usemtl shatterInteriorSG1
f 3274/7958/5740 3271/7957/5737 3282/7959/5753
f 3282/7959/5753 3271/7957/5737 3283/7930/5752
f 3271/7957/5737 3270/7963/5736 3283/7930/5752
f 3270/7963/5736 3276/7962/5742 3283/7930/5752
f 3305/7960/5784 3283/7930/5752 3275/7961/5741
f 3276/7962/5742 3275/7961/5741 3283/7930/5752
f 3306/7931/5785 3285/7952/5786 3283/7930/5752
f 3285/7952/5786 3281/7951/5787 3283/7930/5752
f 3279/7953/5750 3283/7930/5752 3280/7950/5788
f 3283/7930/5752 3281/7951/5787 3280/7950/5788
s 4
usemtl initialShadingGroup
f 3284/7771/5754 3289/8120/5761 3266/7769/5732
f 3289/8120/5761 3307/8119/5789 3266/7769/5732
f 3307/8119/5789 3308/8118/5790 3266/7769/5732
f 3308/8109/5790 3309/8108/5791 3266/7769/5732
f 3266/7769/5732 3309/8108/5791 3310/7767/5792
s 5
usemtl shatterInteriorSG1
f 3311/8082/5793 3312/8081/5794 3306/7931/5785
f 3306/7931/5785 3312/8083/5794 3285/7949/5786
f 3312/8083/5794 3313/8085/5795 3285/7949/5786
f 3290/8084/5796 3286/7948/5797 3313/8085/5795
f 3313/8085/5795 3286/7948/5797 3285/7949/5786
s 16
f 3307/8017/5798 3289/8016/5799 3313/8018/5800
f 3313/8018/5800 3289/8016/5799 3290/8019/5801
f 3290/8019/5801 3289/8016/5799 3287/8020/5802
f 3287/8020/5802 3289/8016/5799 3288/8015/5803
s 4
usemtl initialShadingGroup
f 3315/8122/5804 3310/7767/5792 3314/8123/5805
f 3314/8123/5805 3310/7767/5792 3309/8121/5791
f 3315/8111/5804 3316/8110/5806 3310/7767/5792
f 3310/7767/5792 3316/8110/5806 3317/7765/5807
f 3316/8125/5806 3318/8124/5808 3317/7765/5807
f 3319/7763/5809 3320/7764/5810 3317/7765/5807
f 3310/7767/5792 3291/7768/5763 3266/7769/5732
f 3317/7765/5807 3321/7766/5811 3310/7767/5792
f 3267/7770/5733 3291/7768/5763 3292/7900/5764
f 3322/7902/5812 3323/7901/5813 3291/7768/5763
f 3323/7901/5813 3292/7900/5764 3291/7768/5763
s 13
usemtl shatterInteriorSG1
f 3323/7812/5814 3324/7811/5815 3292/7807/5816
f 3292/7807/5816 3324/7811/5815 3293/7808/5817
f 3295/7810/5818 3294/7809/5819 3324/7811/5815
f 3324/7811/5815 3294/7809/5819 3293/7808/5817
s 7
usemtl initialShadingGroup
f 3269/7773/5745 3295/7886/5820 3272/7774/5768
f 3295/7886/5820 3324/7885/5821 3272/7774/5768
f 3324/7885/5821 3325/7884/5822 3272/7774/5768
f 3325/7884/5822 3298/7883/5823 3272/7774/5768
f 3298/7883/5823 3296/7882/5771 3272/7774/5768
s 13
usemtl shatterInteriorSG1
f 3326/7817/5824 3303/7824/5825 3325/7818/5826
f 3303/7824/5825 3302/7823/5827 3325/7818/5826
f 3302/7823/5827 3301/7822/5828 3325/7818/5826
f 3325/7818/5826 3301/7822/5828 3298/7819/5776
f 3301/7822/5828 3300/7821/5829 3298/7819/5776
f 3300/7821/5829 3299/7820/5775 3298/7819/5776
s 5
usemtl initialShadingGroup
f 3328/7753/5830 3277/7752/5743 3327/7893/5831
f 3327/7893/5831 3277/7752/5743 3326/7894/5832
f 3326/7894/5832 3277/7752/5743 3303/7892/5782
f 3327/7850/5831 3329/7849/5833 3328/7753/5830
f 3277/7752/5743 3328/7753/5830 3304/7994/5783
f 3304/7994/5783 3328/7753/5830 3330/7995/5834
f 3330/7995/5834 3328/7753/5830 3331/7993/5835
usemtl shatterInteriorSG1
f 3305/7933/5784 3304/7935/5783 3283/7930/5752
f 3304/7935/5783 3330/7934/5834 3283/7930/5752
usemtl initialShadingGroup
f 3332/7988/5836 3333/7987/5837 3334/7754/5838
f 3333/7990/5837 3335/7989/5839 3334/7754/5838
f 3334/7754/5838 3335/7989/5839 3328/7753/5830
f 3335/7992/5839 3331/7991/5835 3328/7753/5830
usemtl shatterInteriorSG1
f 3283/7930/5752 3336/7932/5840 3306/7931/5785
f 3337/8080/5841 3311/8079/5793 3306/7931/5785
s 16
f 3313/8028/5800 3312/8027/5842 3307/8029/5798
f 3307/8029/5798 3312/8027/5842 3308/8021/5843
f 3338/8024/5844 3314/8023/5845 3337/8025/5846
f 3314/8023/5845 3309/8022/5847 3337/8025/5846
f 3337/8025/5846 3309/8022/5847 3311/8026/5848
f 3311/8026/5848 3309/8022/5847 3312/8027/5842
f 3312/8027/5842 3309/8022/5847 3308/8021/5843
s 4
usemtl initialShadingGroup
f 3339/8127/5849 3340/8126/5850 3319/7763/5809
s 16
usemtl shatterInteriorSG1
f 3342/8030/5851 3318/8036/5852 3341/8031/5853
f 3318/8036/5852 3316/8035/5854 3341/8031/5853
f 3316/8035/5854 3315/8034/5855 3341/8031/5853
f 3314/8033/5845 3338/8032/5844 3315/8034/5855
f 3315/8034/5855 3338/8032/5844 3341/8031/5853
s 4
usemtl initialShadingGroup
f 3319/7763/5809 3317/7765/5807 3339/8113/5849
f 3318/8112/5808 3342/8114/5856 3317/7765/5807
f 3342/8114/5856 3339/8113/5849 3317/7765/5807
f 3319/7763/5809 3343/7762/5857 3320/7764/5810
f 3317/7765/5807 3320/7764/5810 3321/7766/5811
f 3310/7767/5792 3321/7766/5811 3291/7768/5763
f 3344/7856/5858 3322/7855/5812 3291/7768/5763
s 5
f 3345/7929/5859 3346/7928/5860 3334/7754/5838
f 3334/7754/5838 3346/7928/5860 3347/7755/5861
s 13
usemtl shatterInteriorSG1
f 3349/7833/5862 3329/7832/5863 3348/7834/5864
f 3329/7832/5863 3327/7831/5865 3348/7834/5864
f 3348/7834/5864 3327/7831/5865 3344/7825/5866
f 3327/7831/5865 3326/7830/5824 3344/7825/5866
f 3344/7825/5866 3326/7830/5824 3322/7826/5867
f 3322/7826/5867 3326/7830/5824 3323/7827/5814
f 3324/7828/5815 3323/7827/5814 3325/7829/5826
f 3326/7830/5824 3325/7829/5826 3323/7827/5814
s 5
usemtl initialShadingGroup
f 3334/7754/5838 3328/7753/5830 3350/7896/5868
f 3329/7895/5833 3349/7897/5869 3328/7753/5830
f 3349/7897/5869 3350/7896/5868 3328/7753/5830
f 3350/7881/5868 3345/7880/5859 3334/7754/5838
f 3346/7879/5860 3351/7878/5870 3347/7755/5861
f 3352/7983/5871 3353/7982/5872 3347/7755/5861
f 3353/7984/5872 3354/7986/5873 3347/7755/5861
f 3347/7755/5861 3354/7986/5873 3334/7754/5838
f 3354/7986/5873 3332/7985/5836 3334/7754/5838
usemtl shatterInteriorSG1
f 3283/7930/5752 3330/7936/5834 3336/7932/5840
f 3330/7936/5834 3331/7941/5835 3336/7932/5840
f 3331/7941/5835 3335/7940/5839 3336/7932/5840
f 3335/7940/5839 3333/7939/5837 3336/7932/5840
f 3333/7939/5837 3332/7938/5836 3336/7932/5840
f 3332/7938/5836 3354/7937/5873 3336/7932/5840
f 3306/7931/5785 3336/7932/5840 3337/8071/5841
f 3337/8071/5841 3336/7932/5840 3338/8072/5874
f 3338/8072/5874 3336/7932/5840 3341/8073/5875
f 3341/8073/5875 3336/7932/5840 3356/8074/5876
f 3356/8074/5876 3336/7932/5840 3355/8075/5877
f 3355/8075/5877 3336/7932/5840 3357/8070/5878
s 16
f 3355/8014/5879 3358/8006/5880 3356/8013/5881
s 4
usemtl initialShadingGroup
f 3340/8117/5850 3359/8116/5882 3319/7763/5809
f 3319/7763/5809 3359/8116/5882 3360/8115/5883
f 3361/8099/5884 3343/7762/5857 3360/8100/5883
f 3360/8100/5883 3343/7762/5857 3319/7763/5809
s 16
usemtl shatterInteriorSG1
f 3341/8040/5853 3356/8039/5881 3342/8041/5851
f 3342/8041/5851 3356/8039/5881 3339/8042/5885
f 3356/8039/5881 3358/8006/5880 3339/8042/5885
f 3339/8042/5885 3358/8006/5880 3340/8037/5886
f 3358/8006/5880 3359/8038/5887 3340/8037/5886
s 4
usemtl initialShadingGroup
f 3361/8088/5884 3362/8087/5888 3343/7762/5857
f 3362/8087/5888 3363/7761/5889 3343/7762/5857
f 3364/7910/5890 3365/7909/5891 3343/7762/5857
f 3343/7762/5857 3365/7909/5891 3320/7764/5810
f 3365/7860/5891 3366/7859/5892 3320/7764/5810
f 3366/7908/5892 3367/7907/5893 3320/7764/5810
f 3320/7764/5810 3367/7907/5893 3321/7766/5811
f 3367/7858/5893 3368/7857/5894 3321/7766/5811
f 3291/7768/5763 3321/7766/5811 3344/7903/5858
f 3344/7903/5858 3321/7766/5811 3348/7904/5895
f 3348/7904/5895 3321/7766/5811 3369/7905/5896
f 3368/7906/5894 3369/7905/5896 3321/7766/5811
s 13
usemtl shatterInteriorSG1
f 3370/7776/5897 3371/7837/5898 3369/7838/5899
f 3371/7837/5898 3351/7836/5900 3369/7838/5899
f 3351/7836/5900 3346/7835/5901 3369/7838/5899
f 3346/7835/5901 3345/7842/5902 3369/7838/5899
f 3345/7842/5902 3350/7841/5903 3369/7838/5899
f 3350/7841/5903 3349/7840/5862 3369/7838/5899
f 3349/7840/5862 3348/7839/5864 3369/7838/5899
s 5
usemtl initialShadingGroup
f 3351/7925/5870 3371/7927/5904 3347/7755/5861
f 3371/7927/5904 3372/7926/5905 3347/7755/5861
f 3372/7926/5905 3373/7756/5906 3347/7755/5861
f 3347/7755/5861 3373/7756/5906 3352/7979/5871
f 3374/7981/5907 3375/7980/5908 3373/7756/5906
f 3375/7980/5908 3352/7979/5871 3373/7756/5906
usemtl shatterInteriorSG1
f 3354/7944/5873 3353/7943/5872 3336/7932/5840
f 3375/7945/5908 3336/7932/5840 3352/7942/5871
f 3336/7932/5840 3353/7943/5872 3352/7942/5871
f 3357/8068/5878 3336/7932/5840 3376/8069/5909
f 3376/8069/5909 3336/7932/5840 3377/8067/5910
s 16
f 3376/8011/5911 3358/8006/5880 3357/8012/5912
f 3357/8012/5912 3358/8006/5880 3355/8010/5879
f 3378/8046/5913 3362/8045/5914 3358/8006/5880
f 3362/8045/5914 3361/8044/5915 3358/8006/5880
f 3361/8044/5915 3360/8043/5916 3358/8006/5880
f 3359/8047/5887 3358/8006/5880 3360/8043/5916
s 4
usemtl initialShadingGroup
f 3362/8101/5888 3378/8103/5917 3363/7761/5889
f 3378/8103/5917 3379/8102/5918 3363/7761/5889
f 3380/8105/5919 3381/8104/5920 3382/7760/5921
f 3379/8090/5918 3380/8089/5919 3363/7761/5889
f 3363/7761/5889 3380/8089/5919 3382/7760/5921
f 3383/7865/5922 3384/7864/5923 3363/7761/5889
f 3384/7912/5923 3385/7911/5924 3363/7761/5889
f 3363/7761/5889 3385/7911/5924 3343/7762/5857
f 3385/7861/5924 3386/7863/5925 3343/7762/5857
f 3386/7863/5925 3364/7862/5890 3343/7762/5857
s 13
usemtl shatterInteriorSG1
f 3369/7805/5899 3368/7804/5926 3370/7776/5897
f 3368/7804/5926 3367/7803/5927 3370/7776/5897
f 3367/7803/5927 3366/7802/5928 3370/7776/5897
f 3366/7802/5928 3365/7801/5929 3370/7776/5897
f 3365/7801/5929 3364/7800/5930 3370/7776/5897
f 3386/7806/5931 3370/7776/5897 3364/7800/5930
f 3371/7778/5898 3370/7776/5897 3372/7779/5932
f 3372/7779/5932 3370/7776/5897 3387/7777/5933
s 5
usemtl initialShadingGroup
f 3372/7875/5905 3387/7877/5934 3373/7756/5906
f 3387/7877/5934 3388/7876/5935 3373/7756/5906
f 3389/8139/5936 3390/8138/5937 3391/7757/5938
f 3391/7757/5938 3390/8138/5937 3373/7756/5906
f 3390/8141/5937 3392/8140/5939 3373/7756/5906
f 3392/8140/5939 3374/7978/5907 3373/7756/5906
usemtl shatterInteriorSG1
f 3392/8078/5939 3393/8077/5940 3374/7946/5907
f 3393/8077/5940 3377/8076/5910 3374/7946/5907
f 3336/7932/5840 3375/7947/5908 3377/8076/5910
f 3377/8076/5910 3375/7947/5908 3374/7946/5907
s 16
f 3358/8006/5880 3376/8008/5911 3394/8005/5941
f 3376/8008/5911 3377/8007/5942 3394/8005/5941
f 3393/8009/5943 3394/8005/5941 3377/8007/5942
f 3358/8006/5880 3394/8005/5941 3378/8049/5913
f 3378/8049/5913 3394/8005/5941 3379/8050/5944
f 3379/8050/5944 3394/8005/5941 3380/8051/5945
f 3395/8048/5946 3381/8052/5947 3394/8005/5941
f 3381/8052/5947 3380/8051/5945 3394/8005/5941
s 4
usemtl initialShadingGroup
f 3397/7759/5948 3382/7760/5921 3396/8092/5949
f 3381/8091/5920 3395/8093/5950 3382/7760/5921
f 3395/8093/5950 3396/8092/5949 3382/7760/5921
f 3396/8107/5949 3398/8106/5951 3397/7759/5948
f 3399/7917/5952 3400/7916/5953 3397/7759/5948
f 3397/7759/5948 3400/7916/5953 3382/7760/5921
f 3400/7867/5953 3401/7866/5954 3382/7760/5921
f 3363/7761/5889 3382/7760/5921 3383/7913/5922
f 3383/7913/5922 3382/7760/5921 3402/7914/5955
f 3401/7915/5954 3402/7914/5955 3382/7760/5921
s 13
usemtl shatterInteriorSG1
f 3403/7775/5956 3370/7776/5897 3402/7799/5957
f 3402/7799/5957 3370/7776/5897 3383/7795/5958
f 3383/7795/5958 3370/7776/5897 3384/7796/5959
f 3386/7798/5931 3385/7797/5960 3370/7776/5897
f 3370/7776/5897 3385/7797/5960 3384/7796/5959
f 3404/7781/5961 3388/7780/5962 3370/7776/5897
f 3387/7782/5933 3370/7776/5897 3388/7780/5962
s 5
usemtl initialShadingGroup
f 3388/7924/5935 3404/7923/5963 3373/7756/5906
f 3404/7923/5963 3405/7922/5964 3373/7756/5906
f 3405/7922/5964 3391/7757/5938 3373/7756/5906
f 3405/7874/5964 3406/7873/5965 3391/7757/5938
f 3389/8136/5936 3391/7757/5938 3407/8137/5966
f 3407/8137/5966 3391/7757/5938 3408/8135/5967
s 16
usemtl shatterInteriorSG1
f 3393/8065/5943 3392/8064/5968 3394/8005/5941
f 3392/8064/5968 3390/8063/5969 3394/8005/5941
f 3390/8063/5969 3389/8062/5970 3394/8005/5941
f 3407/8066/5971 3394/8005/5941 3389/8062/5970
f 3409/8053/5972 3398/8056/5973 3394/8005/5941
f 3398/8056/5973 3396/8055/5974 3394/8005/5941
f 3396/8055/5974 3395/8054/5946 3394/8005/5941
s 4
usemtl initialShadingGroup
f 3411/7758/5975 3397/7759/5948 3410/8095/5976
f 3398/8094/5951 3409/8096/5977 3397/7759/5948
f 3409/8096/5977 3410/8095/5976 3397/7759/5948
f 3410/8098/5976 3412/8097/5978 3411/7758/5975
f 3413/7919/5979 3414/7918/5980 3411/7758/5975
f 3411/7758/5975 3414/7918/5980 3397/7759/5948
f 3414/7868/5980 3415/7870/5981 3397/7759/5948
f 3415/7870/5981 3399/7869/5952 3397/7759/5948
s 13
usemtl shatterInteriorSG1
f 3402/7793/5957 3401/7792/5982 3403/7775/5956
f 3401/7792/5982 3400/7791/5983 3403/7775/5956
f 3400/7791/5983 3399/7790/5984 3403/7775/5956
f 3415/7794/5985 3403/7775/5956 3399/7790/5984
f 3261/8168/5986 3260/8167/5987 3403/7775/5956
f 3260/8170/5987 3259/8169/5988 3403/7775/5956
f 3370/7776/5897 3403/7775/5956 3404/7786/5961
f 3404/7786/5961 3403/7775/5956 3405/7783/5989
f 3405/7783/5989 3403/7775/5956 3406/7784/5990
f 3406/7784/5990 3403/7775/5956 3416/7785/5991
f 3403/7775/5956 3259/8172/5988 3416/7785/5991
f 3259/8172/5988 3258/8171/5992 3416/7785/5991
s 5
usemtl initialShadingGroup
f 3258/8175/5993 3255/8174/5994 3416/7872/5995
f 3416/7872/5995 3255/8174/5994 3256/8173/5996
f 3391/7757/5938 3406/7921/5965 3254/8176/5997
f 3254/8176/5997 3406/7921/5965 3253/8177/5998
f 3253/8177/5998 3406/7921/5965 3256/8178/5996
f 3256/8178/5996 3406/7921/5965 3416/7920/5995
f 3254/8181/5997 3251/8180/5999 3391/7757/5938
f 3408/8134/5967 3391/7757/5938 3250/8179/6000
f 3251/8180/5999 3250/8179/6000 3391/7757/5938
s 16
usemtl shatterInteriorSG1
f 3252/8182/6001 3394/8005/5941 3250/8183/6002
f 3250/8183/6002 3394/8005/5941 3408/8061/6003
f 3394/8005/5941 3407/8060/5971 3408/8061/6003
f 3262/8184/6004 3412/8058/6005 3249/8185/6006
f 3394/8005/5941 3252/8187/6001 3409/8059/5972
f 3252/8187/6001 3247/8186/6007 3409/8059/5972
f 3409/8059/5972 3247/8186/6007 3410/8057/6008
f 3249/8185/6006 3412/8058/6005 3247/8186/6007
f 3247/8186/6007 3412/8058/6005 3410/8057/6008
s 4
usemtl initialShadingGroup
f 3265/8188/6009 3411/7758/5975 3262/8189/6010
f 3262/8189/6010 3411/7758/5975 3412/8086/5978
f 3265/8191/6009 3264/8190/6011 3411/7758/5975
f 3263/8192/6012 3413/7871/5979 3264/8193/6011
f 3264/8193/6011 3413/7871/5979 3411/7758/5975
s 13
usemtl shatterInteriorSG1
f 3263/8196/6013 3257/8195/6014 3413/7787/6015
f 3415/7789/5985 3414/7788/6016 3403/7775/5956
f 3403/7775/5956 3414/7788/6016 3261/8194/5986
f 3414/7788/6016 3413/7787/6015 3261/8194/5986
f 3257/8195/6014 3261/8194/5986 3413/7787/6015
g default
v -6.532841 4.197847 0.240983
v -6.675690 4.257113 0.058907
v -6.692604 4.265978 0.292575
v -4.714176 3.421169 -0.500000
v -4.725567 3.427140 -0.342636
v -4.414192 3.294356 -0.443187
v -4.316204 3.252570 -0.474830
v -4.377357 3.278322 -0.500000
v -4.411915 3.292979 -0.500000
v -5.337822 3.685663 -0.500000
v -5.115555 3.593449 -0.216698
v -4.896278 3.498400 -0.500000
v -5.522236 3.763875 -0.500000
v -5.674706 3.828537 -0.500000
v -5.709084 3.846559 -0.025031
v -5.308395 3.675686 -0.154425
v -5.392342 3.708785 -0.500000
v -5.449009 3.732817 -0.500000
v -6.071331 3.996750 -0.500000
v -6.001736 3.967234 -0.500000
v -6.635235 4.235905 -0.500000
v -6.372768 4.124592 -0.500000
v -6.554466 4.201652 -0.500000
v -7.114189 4.439035 -0.500000
v -6.789288 4.301240 -0.500000
v -7.107197 4.436069 -0.500000
v -7.054855 4.420458 0.409555
v -7.353195 4.540398 -0.500000
v -7.353195 4.544364 0.047562
v -7.353195 4.547642 0.500000
v -7.334930 4.539897 0.500000
v -6.897186 4.353221 0.358640
v -6.847912 4.332209 0.342728
v -6.820179 4.320382 0.333772
v -7.353195 0.539682 -0.500000
v -7.353195 0.002319 0.500000
v -7.353195 0.539679 0.500000
v -6.372768 0.539679 0.500000
v -7.353195 1.077047 0.500000
v -6.372768 0.002319 0.500000
v -6.372768 1.077047 0.500000
v -7.353195 1.077047 -0.500000
v -7.353195 0.002319 -0.500000
v -6.372768 0.002319 -0.500000
v -5.392342 0.539679 0.500000
v -7.353195 1.614412 0.500000
v -7.353195 1.614414 -0.500000
v -6.372768 0.539682 -0.500000
v -6.372768 1.077047 -0.500000
v -5.392342 0.002319 0.500000
v -5.392342 0.002319 -0.500000
v -5.392342 1.077047 0.500000
v -6.372768 1.614412 0.500000
v -5.392342 1.614412 0.500000
v -6.372768 2.151779 0.500000
v -6.372768 1.614414 -0.500000
v -5.392342 0.539682 -0.500000
v -4.411915 0.002319 0.500000
v -4.411915 0.539679 0.500000
v -5.392342 2.151779 0.500000
v -6.372768 2.689144 0.500000
v -7.353195 2.151779 0.500000
v -7.353195 2.151779 -0.500000
v -6.372768 2.151779 -0.500000
v -5.392342 1.077047 -0.500000
v -5.392342 1.614414 -0.500000
v -4.411915 0.002319 -0.500000
v -4.411915 0.539682 -0.500000
v -4.411915 1.077047 0.500000
v -3.402767 0.002319 -0.341288
v -3.406977 0.002319 -0.227833
v -3.431492 0.002319 -0.195406
v -3.431492 0.002319 -0.354134
v -3.416967 0.040470 -0.215658
v -3.497156 0.002319 -0.108548
v -4.411915 1.614412 0.500000
v -5.392342 2.689144 0.500000
v -7.353195 2.689144 0.500000
v -5.392342 2.151779 -0.500000
v -4.411915 1.077047 -0.500000
v -3.819099 0.327236 -0.500000
v -3.757633 0.002319 -0.500000
v -3.530909 0.002319 -0.398598
v -3.440392 0.153393 -0.345334
v -3.506403 0.002319 -0.387639
v -3.587570 0.691944 -0.007765
v -3.809872 0.002319 0.305097
v -3.957222 0.002319 0.500000
v -3.963230 0.293758 0.500000
v -3.968304 0.539679 0.500000
v -3.974442 0.837269 0.500000
v -3.537992 0.545290 -0.355828
v -3.598236 0.732670 0.005230
v -4.411915 2.151779 0.500000
v -6.372768 3.226509 0.500000
v -7.353195 3.226509 0.500000
v -7.353195 2.689144 -0.500000
v -6.372768 2.689144 -0.500000
v -5.392342 2.689144 -0.500000
v -4.411915 1.614414 -0.500000
v -4.411915 2.151779 -0.500000
v -4.003307 1.301004 -0.500000
v -3.960941 1.077047 -0.500000
v -3.911201 0.814121 -0.500000
v -3.859287 0.539682 -0.500000
v -3.842751 0.452271 -0.500000
v -3.541588 0.559725 -0.356215
v -3.974972 0.862951 0.500000
v -3.979385 1.077047 0.500000
v -3.985649 1.380779 0.500000
v -3.641827 0.899126 0.058349
v -3.670311 1.007896 0.093058
v -3.657566 1.025427 -0.368685
v -3.990208 1.601757 0.500000
v -3.990467 1.614412 0.500000
v -3.996861 1.924288 0.500000
v -3.997192 1.940340 0.500000
v -4.001553 2.151779 0.500000
v -4.411915 2.689144 0.500000
v -5.392342 3.226509 0.500000
v -7.353195 3.763874 0.500000
v -6.372768 3.763874 0.500000
v -7.353195 3.226509 -0.500000
v -4.411915 2.689144 -0.500000
v -4.095409 1.787888 -0.500000
v -4.062595 1.614414 -0.500000
v -4.003902 1.304157 -0.500000
v -3.827518 1.707838 -0.386959
v -3.684372 1.061594 0.110193
v -3.774311 1.405041 0.219792
v -3.891857 1.966177 -0.393877
v -3.893562 1.860415 0.365106
v -3.923653 1.975325 0.401776
v -4.004261 2.283131 0.500000
v -4.057163 2.494705 0.500000
v -7.353195 4.301239 0.500000
v -7.353195 3.763875 -0.500000
v -6.372768 3.226509 -0.500000
v -5.392342 3.226509 -0.500000
v -4.411915 3.226509 -0.500000
v -4.279617 2.761656 -0.500000
v -4.265900 2.689144 -0.500000
v -4.187515 2.274772 -0.500000
v -4.164249 2.151779 -0.500000
v -4.118881 1.911966 -0.500000
v -3.897984 1.990782 -0.394536
v -3.921658 2.085842 -0.397081
v -4.075272 2.577400 0.430784
v -4.066402 2.531663 0.500000
v -3.936867 2.146914 -0.398717
v -4.322712 2.689144 0.500000
v -4.411915 2.743952 0.500000
v -4.705681 2.924443 0.500000
v -5.197311 3.226509 0.500000
v -5.381672 3.339785 0.500000
v -5.392342 3.346340 0.500000
v -6.071907 3.763874 0.500000
v -6.372768 3.948729 0.500000
v -5.025486 3.323060 0.152756
v -6.703068 4.151670 0.500000
v -6.946503 4.301239 0.500000
v -7.353195 4.301240 -0.500000
v -6.372768 3.763875 -0.500000
v -4.371723 3.248539 -0.500000
v -4.367554 3.226509 -0.500000
v -4.326077 3.007253 -0.500000
v -4.244873 3.193100 -0.447958
v -4.184978 3.143167 -0.425395
v -4.123608 2.826676 0.053552
v -6.839138 4.321272 0.352255
v -6.990688 4.328388 0.500000
vt 0.375000 0.000000
vt 0.391667 0.000000
vt 0.408333 0.000000
vt 0.425000 0.000000
vt 0.375000 0.016667
vt 0.391667 0.016667
vt 0.408333 0.016667
vt 0.425000 0.016667
vt 0.375000 0.033333
vt 0.391667 0.033333
vt 0.408333 0.033333
vt 0.425000 0.033333
vt 0.375000 0.050000
vt 0.391667 0.050000
vt 0.408333 0.050000
vt 0.425000 0.050000
vt 0.375000 0.066667
vt 0.391667 0.066667
vt 0.408333 0.066667
vt 0.425000 0.066667
vt 0.375000 0.083333
vt 0.391667 0.083333
vt 0.408333 0.083333
vt 0.425000 0.083333
vt 0.375000 0.100000
vt 0.391667 0.100000
vt 0.408333 0.100000
vt 0.375000 0.116667
vt 0.391667 0.116667
vt 0.375000 0.133333
vt 0.375000 0.616667
vt 0.375000 0.633333
vt 0.391667 0.633333
vt 0.375000 0.650000
vt 0.391667 0.650000
vt 0.408333 0.650000
vt 0.425000 0.650000
vt 0.375000 0.666667
vt 0.391667 0.666667
vt 0.408333 0.666667
vt 0.425000 0.666667
vt 0.375000 0.683333
vt 0.391667 0.683333
vt 0.408333 0.683333
vt 0.425000 0.683333
vt 0.375000 0.700000
vt 0.391667 0.700000
vt 0.408333 0.700000
vt 0.425000 0.700000
vt 0.375000 0.716666
vt 0.391667 0.716666
vt 0.408333 0.716666
vt 0.425000 0.716666
vt 0.375000 0.733333
vt 0.391667 0.733333
vt 0.408333 0.733333
vt 0.425000 0.733333
vt 0.375000 0.750000
vt 0.391667 0.750000
vt 0.408333 0.750000
vt 0.425000 0.750000
vt 0.375000 1.000000
vt 0.391667 1.000000
vt 0.408333 1.000000
vt 0.425000 1.000000
vt 0.125000 0.000000
vt 0.125000 0.016667
vt 0.125000 0.033333
vt 0.125000 0.050000
vt 0.125000 0.066667
vt 0.125000 0.083333
vt 0.125000 0.100000
vt 0.125000 0.116667
vt 0.125000 0.133333
vt 0.531241 0.468759
vt 0.530651 0.472891
vt 0.530704 0.472514
vt 0.533922 0.450000
vt 0.531241 0.468759
vt 0.531842 0.464553
vt 0.532020 0.463311
vt 0.533034 0.456214
vt 0.533335 0.454107
vt 0.535410 0.439590
vt 0.533922 0.450000
vt 0.534226 0.447875
vt 0.534650 0.444904
vt 0.537495 0.425000
vt 0.535410 0.439590
vt 0.535418 0.439536
vt 0.535966 0.435700
vt 0.536609 0.431197
vt 0.537281 0.426497
vt 0.534145 0.415856
vt 0.537495 0.425000
vt 0.537801 0.422859
vt 0.538596 0.417294
vt 0.534579 0.415996
vt 0.534144 0.415856
vt 0.532817 0.415427
vt 0.425683 0.649317
vt 0.425754 0.650000
vt 0.427249 0.664418
vt 0.426459 0.656800
vt 0.428815 0.679518
vt 0.427482 0.666667
vt 0.429210 0.683333
vt 0.430380 0.694619
vt 0.429981 0.690771
vt 0.430938 0.700000
vt 0.431946 0.709720
vt 0.431936 0.709623
vt 0.433512 0.724821
vt 0.432666 0.716666
vt 0.434394 0.733333
vt 0.435078 0.739922
vt 0.434676 0.736044
vt 0.439977 0.775350
vt 0.436122 0.750000
vt 0.425754 0.650000
vt 0.425683 0.649317
vt 0.427482 0.666667
vt 0.427249 0.664418
vt 0.429210 0.683333
vt 0.428815 0.679518
vt 0.430938 0.700000
vt 0.430380 0.694619
vt 0.432666 0.716666
vt 0.431946 0.709720
vt 0.434394 0.733333
vt 0.433512 0.724821
vt 0.436122 0.750000
vt 0.435078 0.739922
vt 0.439977 0.775350
vt 0.441667 0.786466
vt 0.440393 0.778090
vt 0.441667 0.786466
vt 0.483116 0.496791
vt 0.479996 0.495004
vt 0.475187 0.492250
vt 0.479759 0.494868
vt 0.479996 0.495004
vt 0.475000 0.492143
vt 0.458603 0.465679
vt 0.457704 0.467296
vt 0.453419 0.475000
vt 0.457704 0.467296
vt 0.463720 0.485684
vt 0.464099 0.485901
vt 0.453419 0.475000
vt 0.451400 0.478630
vt 0.455700 0.481092
vt 0.459329 0.483170
vt 0.471739 0.490276
vt 0.475000 0.492143
vt 0.464099 0.485901
vt 0.467258 0.487710
vt 0.441667 0.826148
vt 0.441667 0.826148
vt 0.432730 1.000000
vt 0.435234 0.951274
vt 0.440550 0.847863
vt 0.432056 0.059611
vt 0.431976 0.066667
vt 0.432050 0.060109
vt 0.432627 0.009039
vt 0.432730 0.000000
vt 0.431976 0.066667
vt 0.432246 0.042754
vt 0.432164 0.050000
vt 0.432169 0.049607
vt 0.432541 0.016667
vt 0.432627 0.009039
vt 0.432056 0.059611
vt 0.432164 0.050000
vt 0.432437 0.025896
vt 0.432353 0.033333
vt 0.432428 0.026693
vt 0.432246 0.042754
vt 0.432353 0.033333
vt 0.432437 0.025896
vt 0.432541 0.016667
vt 0.475000 0.476440
vt 0.474047 0.475953
vt 0.464487 0.485513
vt 0.465963 0.487026
vt 0.469917 0.491077
vt 0.473174 0.492847
vt 0.475000 0.476440
vt 0.458637 0.479520
vt 0.464487 0.485513
vt 0.474047 0.475953
vt 0.472563 0.475196
vt 0.472179 0.475000
vt 0.454225 0.475000
vt 0.450000 0.470671
vt 0.450000 0.463680
vt 0.443883 0.460558
vt 0.441525 0.459355
vt 0.440618 0.461059
vt 0.441108 0.461561
vt 0.449477 0.470135
vt 0.452138 0.472862
vt 0.457495 0.467505
vt 0.450225 0.463795
vt 0.450000 0.463680
vt 0.450000 0.470671
vt 0.453535 0.474293
vt 0.454225 0.475000
vt 0.472179 0.475000
vt 0.468146 0.472942
vt 0.457495 0.467505
vt 0.452138 0.472862
vt 0.431031 0.077303
vt 0.431930 0.070741
vt 0.431031 0.077303
vt 0.532308 0.415262
vt 0.532098 0.417902
vt 0.442083 0.818041
vt 0.442155 0.789678
vt 0.532098 0.417902
vt 0.531555 0.424748
vt 0.531535 0.425000
vt 0.531535 0.425000
vt 0.530889 0.433136
vt 0.529943 0.445057
vt 0.529943 0.445057
vt 0.529585 0.449570
vt 0.529551 0.450000
vt 0.529551 0.450000
vt 0.529419 0.451661
vt 0.529334 0.452728
vt 0.470453 0.479547
vt 0.475000 0.485263
vt 0.471068 0.480320
vt 0.470453 0.479547
vt 0.469207 0.477982
vt 0.467302 0.475586
vt 0.466835 0.475000
vt 0.466835 0.475000
vt 0.459376 0.465624
vt 0.459376 0.465624
vt 0.458939 0.465075
vt 0.481530 0.493470
vt 0.480214 0.491817
vt 0.475000 0.485263
vt 0.485054 0.497900
vt 0.481530 0.493470
vt 0.500000 0.500000
vt 0.475000 0.525000
vt 0.502555 0.483305
vt 0.503845 0.482815
vt 0.512432 0.487568
vt 0.475000 0.528600
vt 0.475687 0.528047
vt 0.475000 0.528600
vt 0.479469 0.525000
vt 0.499834 0.508595
vt 0.489276 0.517100
vt 0.484601 0.520866
vt 0.479469 0.525000
vt 0.500000 0.508461
vt 0.502865 0.506153
vt 0.500000 0.508461
vt 0.510503 0.500000
vt 0.520436 0.491999
vt 0.516454 0.495207
vt 0.515068 0.496323
vt 0.510503 0.500000
vt 0.512432 0.487568
vt 0.519195 0.491312
vt 0.408333 0.103717
vt 0.408515 0.103513
vt 0.411649 0.100000
vt 0.396781 0.116667
vt 0.408333 0.103717
vt 0.391667 0.122400
vt 0.396781 0.116667
vt 0.381914 0.133333
vt 0.386052 0.128694
vt 0.391667 0.122400
vt 0.381162 0.134175
vt 0.381914 0.133333
vt 0.528724 0.471276
vt 0.527953 0.470132
vt 0.528724 0.471276
vt 0.475000 0.492500
vt 0.481852 0.488921
vt 0.490551 0.484376
vt 0.473743 0.493157
vt 0.475000 0.492500
vt 0.426516 0.083333
vt 0.430874 0.078449
vt 0.425000 0.085033
vt 0.426516 0.083333
vt 0.411649 0.100000
vt 0.420006 0.090631
vt 0.425000 0.085033
vt 0.525000 0.525000
vt 0.527818 0.522182
vt 0.525000 0.520939
vt 0.486969 0.505164
vt 0.486483 0.504751
vt 0.485900 0.503694
vt 0.487628 0.504457
vt 0.493121 0.506879
vt 0.491223 0.508777
vt 0.493786 0.510954
vt 0.491223 0.508777
vt 0.493121 0.506879
vt 0.500000 0.509913
vt 0.500000 0.516232
vt 0.501565 0.517561
vt 0.500767 0.516884
vt 0.500000 0.516232
vt 0.500000 0.509913
vt 0.503402 0.511413
vt 0.510470 0.514531
vt 0.504741 0.520259
vt 0.502595 0.518436
vt 0.509344 0.524168
vt 0.504741 0.520259
vt 0.510469 0.514530
vt 0.525000 0.520939
vt 0.510323 0.525000
vt 0.517123 0.530775
vt 0.514566 0.528603
vt 0.510323 0.525000
vt 0.518259 0.531741
vt 0.524902 0.537382
vt 0.520427 0.533582
vt 0.518259 0.531741
vt 0.525000 0.537466
vt 0.539148 0.527179
vt 0.539405 0.527397
vt 0.534410 0.533245
vt 0.528364 0.540323
vt 0.525000 0.537466
vt 0.534208 0.525000
vt 0.530069 0.523174
vt 0.530558 0.523390
vt 0.531427 0.523773
vt 0.534208 0.525000
vt 0.527818 0.522182
vt 0.375000 0.140976
vt 0.375311 0.140735
vt 0.261891 0.140874
vt 0.375000 0.140976
vt 0.125000 0.140751
vt 0.261891 0.140874
vt 0.379182 0.612485
vt 0.379063 0.612393
vt 0.375000 0.609249
vt 0.384586 0.616667
vt 0.379182 0.612485
vt 0.384586 0.616667
vt 0.388578 0.619755
vt 0.387205 0.618693
vt 0.391667 0.622145
vt 0.388578 0.619755
vt 0.397974 0.627026
vt 0.396791 0.626110
vt 0.391667 0.622145
vt 0.406125 0.633333
vt 0.403533 0.631328
vt 0.397974 0.627026
vt 0.407370 0.634296
vt 0.406125 0.633333
vt 0.408333 0.635042
vt 0.407370 0.634296
vt 0.416766 0.641567
vt 0.409260 0.635759
vt 0.408333 0.635042
vt 0.425000 0.647938
vt 0.419862 0.643962
vt 0.416766 0.641567
vt 0.425588 0.648393
vt 0.425000 0.647938
vt 0.529643 0.472638
vt 0.530578 0.473401
vt 0.500000 0.485479
vt 0.501018 0.483888
vt 0.490709 0.500000
vt 0.492712 0.496868
vt 0.496765 0.490535
vt 0.500000 0.485479
vt 0.486545 0.506507
vt 0.490709 0.500000
vt 0.475000 0.524550
vt 0.476326 0.522478
vt 0.477986 0.519884
vt 0.474712 0.525000
vt 0.475000 0.524550
vt 0.474200 0.525800
vt 0.474712 0.525000
vt 0.469651 0.532909
vt 0.472562 0.528360
vt 0.474200 0.525800
vn 0.430403 0.888414 0.159606
vn 0.390436 0.920606 -0.006668
vn 0.454512 0.838761 0.299831
vn 0.390434 0.920607 -0.006670
vn 0.459495 0.821120 0.338566
vn 0.390437 0.920606 -0.006659
vn 0.464058 0.799655 0.381055
vn 0.468602 0.767213 0.437945
vn 0.390435 0.920606 -0.006677
vn 0.390438 0.920605 -0.006669
vn 0.450408 0.850507 0.271608
vn 0.390437 0.920606 -0.006667
vn 0.390437 0.920606 -0.006671
vn 0.448457 0.855438 0.259062
vn 0.390440 0.920604 -0.006667
vn 0.390438 0.920605 -0.006668
vn 0.449547 0.852731 0.266003
vn 0.390420 0.920613 -0.006651
vn 0.390437 0.920606 -0.006670
vn 0.390436 0.920606 -0.006670
vn 0.390436 0.920606 -0.006668
vn 0.390435 0.920606 -0.006670
vn 0.390431 0.920608 -0.006670
vn 0.390434 0.920607 -0.006668
vn 0.390446 0.920602 -0.006675
vn 0.390438 0.920605 -0.006673
vn 0.406098 0.912303 0.052797
vn 0.390378 0.920631 -0.006670
vn 0.398076 0.917098 0.021621
vn 0.390435 0.920606 -0.006668
vn 0.390429 0.920609 -0.006670
vn 0.421975 0.898628 0.120023
vn 0.397617 0.917336 0.019899
vn 0.458229 0.826044 0.328142
vn -1.000000 0.000000 0.000000
vn -1.000000 0.000000 0.000000
vn -1.000000 0.000000 0.000000
vn 0.000000 0.000000 1.000000
vn 0.000000 0.000000 1.000000
vn 0.000000 0.000000 1.000000
vn 0.000000 0.000000 1.000000
vn 0.000000 0.000000 1.000000
vn 0.000000 0.000000 1.000000
vn -1.000000 0.000000 0.000000
vn -1.000000 0.000000 0.000000
vn -1.000000 0.000000 0.000000
vn 0.000000 -1.000000 0.000000
vn 0.000000 -1.000000 0.000000
vn 0.000000 -1.000000 0.000000
vn 0.000000 -1.000000 0.000000
vn 0.000000 0.000000 1.000000
vn 0.000000 0.000000 1.000000
vn -1.000000 0.000000 0.000000
vn 0.000000 0.000000 -1.000000
vn 0.000000 0.000000 -1.000000
vn 0.000000 0.000000 -1.000000
vn 0.000000 0.000000 -1.000000
vn 0.000000 0.000000 -1.000000
vn 0.000000 0.000000 -1.000000
vn 0.000000 0.000000 1.000000
vn 0.000000 -1.000000 0.000000
vn 0.000000 0.000000 1.000000
vn 0.000000 0.000000 1.000000
vn 0.000000 0.000000 1.000000
vn 0.000000 0.000000 1.000000
vn -1.000000 0.000000 0.000000
vn 0.000000 0.000000 -1.000000
vn 0.000000 0.000000 -1.000000
vn 0.000000 0.000000 -1.000000
vn 0.000000 -1.000000 0.000000
vn 0.000000 0.000000 -1.000000
vn 0.000000 0.000000 1.000000
vn 0.000000 0.000000 1.000000
vn 0.000000 0.000000 1.000000
vn 0.000000 0.000000 1.000000
vn 0.000000 0.000000 1.000000
vn -1.000000 0.000000 0.000000
vn 0.000000 0.000000 -1.000000
vn 0.000000 0.000000 -1.000000
vn 0.000000 0.000000 -1.000000
vn 0.000000 -1.000000 0.000000
vn 0.000000 0.000000 -1.000000
vn 0.000000 -1.000000 0.000000
vn 0.000000 0.000000 1.000000
vn 0.000000 -1.000000 0.000000
vn 0.000000 -1.000000 0.000000
vn 0.000000 -1.000000 0.000000
vn 0.000000 -1.000000 0.000000
vn 0.797585 0.016447 0.602982
vn 0.797587 0.016448 0.602980
vn 0.797588 0.016442 0.602978
vn 0.797589 0.016448 0.602978
vn 0.000000 0.000000 1.000000
vn 0.000000 0.000000 1.000000
vn 0.000000 0.000000 1.000000
vn -1.000000 0.000000 0.000000
vn 0.000000 0.000000 -1.000000
vn 0.000000 0.000000 -1.000000
vn 0.000000 0.000000 -1.000000
vn 0.000000 0.000000 -1.000000
vn 0.095381 0.018043 -0.995277
vn 0.134524 0.025449 -0.990584
vn 0.000000 -1.000000 0.000000
vn 0.000000 -1.000000 0.000000
vn 0.407056 0.077004 -0.910151
vn 0.407059 0.077002 -0.910150
vn 0.407057 0.076999 -0.910151
vn 0.407035 0.076998 -0.910162
vn 0.797588 0.016451 0.602978
vn 0.797588 0.016449 0.602979
vn 0.000000 -1.000000 0.000000
vn 0.000000 -1.000000 0.000000
vn 0.000000 -1.000000 0.000000
vn 0.000000 -1.000000 0.000000
vn 0.000000 0.000000 1.000000
vn 0.000000 0.000000 1.000000
vn 0.000000 0.000000 1.000000
vn 0.000000 0.000000 1.000000
vn 0.969507 0.242411 0.035960
vn 0.969506 0.242417 0.035955
vn 0.969507 0.242413 0.035957
vn 0.969507 0.242412 0.035960
vn 0.969506 0.242416 0.035970
vn 0.969505 0.242418 0.035971
vn 0.969506 0.242415 0.035970
vn 0.000000 0.000000 1.000000
vn 0.000000 0.000000 1.000000
vn 0.000000 0.000000 1.000000
vn -1.000000 0.000000 0.000000
vn -1.000000 0.000000 0.000000
vn 0.000000 0.000000 -1.000000
vn 0.000000 0.000000 -1.000000
vn 0.000000 0.000000 -1.000000
vn 0.000000 0.000000 -1.000000
vn 0.127059 0.024034 -0.991604
vn 0.170920 0.032333 -0.984754
vn 0.163388 0.030908 -0.986078
vn 0.172306 0.032595 -0.984504
vn 0.215861 0.040835 -0.975570
vn 0.407059 0.077003 -0.910151
vn 0.407060 0.077002 -0.910150
vn 0.407061 0.077005 -0.910149
vn 0.000000 0.000000 1.000000
vn 0.000000 0.000000 1.000000
vn 0.000000 0.000000 1.000000
vn 0.797582 0.016442 0.602986
vn 0.797587 0.016450 0.602980
vn 0.797586 0.016453 0.602981
vn 0.797587 0.016452 0.602980
vn 0.797588 0.016457 0.602979
vn 0.797587 0.016450 0.602980
vn 0.797588 0.016447 0.602979
vn 0.797587 0.016448 0.602980
vn 0.969507 0.242411 0.035959
vn 0.969507 0.242413 0.035961
vn 0.969507 0.242412 0.035963
vn 0.000000 0.000000 1.000000
vn 0.000000 0.000000 1.000000
vn 0.000000 0.000000 1.000000
vn 0.000000 0.000000 1.000000
vn 0.000000 0.000000 1.000000
vn 0.000000 0.000000 1.000000
vn 0.000000 0.000000 1.000000
vn 0.000000 0.000000 1.000000
vn 0.000000 0.000000 1.000000
vn -1.000000 0.000000 0.000000
vn -1.000000 0.000000 0.000000
vn 0.000000 0.000000 -1.000000
vn 0.000000 0.000000 -1.000000
vn 0.114832 0.021722 -0.993147
vn 0.152105 0.028774 -0.987945
vn 0.254206 0.048089 -0.965954
vn 0.407060 0.077004 -0.910150
vn 0.407059 0.077004 -0.910150
vn 0.797587 0.016452 0.602979
vn 0.797588 0.016450 0.602979
vn 0.797587 0.016450 0.602979
vn 0.797588 0.016445 0.602978
vn 0.797588 0.016448 0.602979
vn 0.969507 0.242412 0.035958
vn 0.969506 0.242413 0.035959
vn 0.969506 0.242416 0.035961
vn 0.969508 0.242407 0.035963
vn 0.797586 0.016452 0.602981
vn 0.797601 0.016437 0.602962
vn 0.797587 0.016458 0.602979
vn 0.797576 0.016441 0.602995
vn 0.797576 0.016446 0.602994
vn 0.797573 0.016445 0.602999
vn 0.797573 0.016446 0.602998
vn 0.000000 0.000000 1.000000
vn 0.000000 0.000000 1.000000
vn 0.000000 0.000000 1.000000
vn -1.000000 0.000000 0.000000
vn -1.000000 0.000000 0.000000
vn 0.000000 0.000000 -1.000000
vn 0.000000 0.000000 -1.000000
vn 0.000000 0.000000 -1.000000
vn 0.000000 0.000000 -1.000000
vn 0.284860 0.053887 -0.957053
vn 0.177454 0.033569 -0.983556
vn 0.211375 0.039985 -0.976587
vn 0.200684 0.037964 -0.978920
vn 0.233079 0.044093 -0.971458
vn 0.407063 0.077000 -0.910149
vn 0.407063 0.077004 -0.910149
vn 0.969507 0.242414 0.035957
vn 0.969507 0.242412 0.035960
vn 0.969507 0.242412 0.035958
vn 0.969509 0.242404 0.035958
vn 0.969506 0.242415 0.035958
vn 0.969506 0.242417 0.035960
vn 0.969507 0.242412 0.035960
vn 0.969508 0.242407 0.035964
vn 0.969509 0.242404 0.035964
vn 0.969507 0.242413 0.035960
vn 0.000000 0.000000 1.000000
vn 0.000000 0.000000 1.000000
vn 0.000000 0.000000 1.000000
vn 0.000000 0.000000 1.000000
vn 0.000000 0.000000 1.000000
vn 0.000000 0.000000 1.000000
vn 0.000000 0.000000 1.000000
vn 0.000000 0.000000 1.000000
vn 0.000000 0.000000 1.000000
vn 0.468989 0.763310 0.444305
vn 0.468990 0.763310 0.444304
vn 0.468992 0.763308 0.444306
vn 0.468990 0.763312 0.444301
vn 0.000000 0.000000 1.000000
vn 0.000000 0.000000 1.000000
vn -1.000000 0.000000 0.000000
vn -1.000000 0.000000 0.000000
vn 0.000000 0.000000 -1.000000
vn 0.000000 0.000000 -1.000000
vn 0.203526 0.038510 -0.978312
vn 0.153470 0.029033 -0.987727
vn 0.326926 0.061845 -0.943024
vn 0.407065 0.077003 -0.910147
vn 0.407063 0.077005 -0.910148
vn 0.407058 0.077003 -0.910151
vn 0.407064 0.077002 -0.910148
vn 0.969506 0.242414 0.035958
vn 0.969507 0.242413 0.035959
vn 0.468989 0.763310 0.444304
vn 0.468986 0.763315 0.444300
vn 0.468992 0.763309 0.444303
vn 0.468993 0.763313 0.444295
vn 0.468994 0.763309 0.444302
vn 0.468990 0.763310 0.444305
vn 0.468924 0.763239 0.444496
vn 0.468986 0.763308 0.444312
vn 0.468993 0.763312 0.444298
vn 0.468989 0.763312 0.444302
vn 0.468989 0.763311 0.444302
vn 0.468989 0.763314 0.444298
vn 0.000000 0.000000 1.000000
vn 0.000000 0.000000 1.000000
vn 0.000000 0.000000 1.000000
vn -1.000000 0.000000 0.000000
vn -1.000000 0.000000 0.000000
vn -1.000000 0.000000 0.000000
vn 0.000000 0.000000 -1.000000
vn 0.000000 0.000000 -1.000000
vn 0.000000 0.000000 -1.000000
vn 0.000000 0.000000 -1.000000
vn 0.000000 0.000000 -1.000000
vn 0.000000 0.000000 -1.000000
vn 0.000000 0.000000 -1.000000
vn 0.000000 0.000000 -1.000000
vn 0.000000 0.000000 -1.000000
vn 0.000000 0.000000 -1.000000
vn 0.000000 0.000000 -1.000000
vn 0.000000 0.000000 -1.000000
vn 0.000000 0.000000 -1.000000
vn 0.000000 0.000000 -1.000000
vn 0.000000 0.000000 -1.000000
vn 0.000000 0.000000 -1.000000
vn 0.000000 0.000000 -1.000000
vn 0.000000 0.000000 -1.000000
vn 0.200265 0.037886 -0.979009
vn 0.407061 0.077003 -0.910149
vn 0.468989 0.763310 0.444305
vn 0.468991 0.763308 0.444307
s 1
g solidShatter1 shard24
usemtl shatterInteriorSG1
f 3417/8497/6017 3418/8495/6018 3419/8496/6019
f 3420/8503/6020 3421/8502/6021 3425/8498/6022
f 3421/8502/6021 3422/8501/6023 3425/8498/6022
f 3423/8500/6024 3424/8499/6025 3422/8501/6023
f 3422/8501/6023 3424/8499/6025 3425/8498/6022
f 3426/8508/6026 3427/8507/6027 3428/8504/6028
f 3421/8506/6021 3420/8505/6020 3427/8507/6027
f 3427/8507/6027 3420/8505/6020 3428/8504/6028
f 3430/8515/6029 3431/8514/6030 3429/8516/6031
f 3429/8516/6031 3431/8514/6030 3434/8509/6032
f 3431/8514/6030 3432/8513/6033 3434/8509/6032
f 3432/8513/6033 3427/8512/6027 3434/8509/6032
f 3434/8509/6032 3427/8512/6027 3433/8510/6034
f 3427/8512/6027 3426/8511/6026 3433/8510/6034
f 3430/8518/6029 3436/8517/6035 3431/8519/6030
f 3431/8519/6030 3436/8517/6035 3417/8520/6017
f 3436/8517/6035 3435/8521/6036 3417/8520/6017
f 3435/8521/6036 3418/8495/6018 3417/8520/6017
f 3435/8524/6036 3438/8523/6037 3418/8495/6018
f 3438/8523/6037 3439/8522/6038 3418/8495/6018
f 3437/8525/6039 3418/8495/6018 3439/8522/6038
f 3440/8529/6040 3418/8495/6018 3442/8526/6041
f 3442/8526/6041 3418/8495/6018 3441/8527/6042
f 3418/8495/6018 3437/8528/6039 3441/8527/6042
f 3418/8495/6018 3440/8534/6040 3443/8535/6043
f 3446/8531/6044 3447/8530/6045 3445/8532/6046
f 3447/8530/6045 3443/8535/6043 3445/8532/6046
f 3443/8535/6043 3440/8534/6040 3445/8532/6046
f 3440/8534/6040 3444/8533/6047 3445/8532/6046
f 3443/8539/6043 3448/8538/6048 3418/8495/6018
f 3448/8538/6048 3449/8537/6049 3418/8495/6018
f 3449/8537/6049 3450/8536/6050 3418/8495/6018
f 3419/8540/6019 3418/8495/6018 3450/8536/6050
s 7
usemtl initialShadingGroup
f 3451/8263/6051 3452/8197/6052 3453/8201/6053
s 8
f 3453/8201/6054 3454/8202/6055 3455/8205/6056
f 3452/8197/6057 3456/8198/6058 3453/8201/6054
f 3455/8205/6056 3454/8202/6055 3457/8206/6059
s 7
f 3458/8264/6060 3453/8201/6053 3455/8205/6061
f 3459/8262/6062 3452/8197/6052 3451/8263/6051
f 3451/8263/6051 3453/8201/6053 3458/8264/6060
s 9
f 3459/8254/6063 3460/8255/6064 3452/8258/6065
s 8
f 3453/8201/6054 3456/8198/6058 3454/8202/6055
s 9
f 3452/8258/6065 3460/8255/6064 3456/8259/6066
s 8
f 3454/8202/6055 3461/8203/6067 3457/8206/6059
f 3455/8205/6056 3457/8206/6059 3462/8209/6068
s 7
f 3458/8264/6060 3455/8205/6061 3463/8265/6069
s 10
f 3451/8250/6070 3464/8251/6071 3459/8254/6072
f 3458/8246/6073 3465/8247/6074 3451/8250/6070
f 3459/8254/6072 3464/8251/6071 3460/8255/6075
s 8
f 3456/8198/6058 3466/8199/6076 3454/8202/6055
s 9
f 3460/8255/6064 3467/8256/6077 3456/8259/6066
s 8
f 3457/8206/6059 3468/8207/6078 3469/8210/6079
f 3454/8202/6055 3466/8199/6076 3461/8203/6067
f 3457/8206/6059 3461/8203/6067 3468/8207/6078
f 3469/8210/6079 3470/8211/6080 3471/8214/6081
f 3462/8209/6068 3457/8206/6059 3469/8210/6079
s 7
f 3463/8265/6069 3455/8205/6061 3462/8209/6082
s 10
f 3463/8242/6083 3472/8243/6084 3458/8246/6073
f 3451/8250/6070 3465/8247/6074 3464/8251/6071
f 3458/8246/6073 3472/8243/6084 3465/8247/6074
f 3464/8251/6071 3473/8252/6085 3460/8255/6075
s 9
f 3456/8259/6066 3467/8256/6077 3466/8260/6086
s 10
f 3460/8255/6075 3473/8252/6085 3467/8256/6087
s 8
f 3469/8210/6079 3468/8207/6078 3470/8211/6080
f 3466/8199/6076 3474/8200/6088 3461/8203/6067
f 3461/8203/6067 3475/8204/6089 3468/8207/6078
f 3471/8214/6081 3470/8211/6080 3476/8215/6090
f 3471/8214/6081 3476/8215/6090 3477/8218/6091
f 3478/8213/6092 3469/8210/6079 3471/8214/6081
f 3462/8209/6068 3469/8210/6079 3478/8213/6092
s 7
f 3463/8265/6069 3462/8209/6082 3479/8266/6093
s 10
f 3463/8242/6083 3480/8239/6094 3472/8243/6084
f 3465/8247/6074 3481/8248/6095 3464/8251/6071
f 3472/8243/6084 3482/8244/6096 3465/8247/6074
f 3464/8251/6071 3481/8248/6095 3473/8252/6085
s 9
f 3467/8256/6077 3483/8257/6097 3466/8260/6086
s 10
f 3473/8252/6085 3484/8253/6098 3467/8256/6087
s 9
f 3466/8260/6086 3483/8257/6097 3474/8261/6099
s 8
f 3468/8207/6078 3485/8208/6100 3470/8211/6080
f 3461/8203/6067 3474/8200/6088 3475/8204/6089
f 3468/8207/6078 3475/8204/6089 3485/8208/6100
s 9
f 3486/8416/6101 3487/8415/6102 3489/8333/6103
f 3489/8333/6103 3487/8415/6102 3488/8354/6104
s 14
usemtl shatterInteriorSG1
f 3487/8439/6105 3490/8438/6106 3488/8340/6107
f 3488/8340/6107 3490/8438/6106 3491/8341/6108
s 8
usemtl initialShadingGroup
f 3470/8211/6080 3492/8212/6109 3476/8215/6090
f 3477/8218/6091 3476/8215/6090 3493/8219/6110
f 3494/8217/6111 3471/8214/6081 3477/8218/6091
f 3478/8213/6092 3471/8214/6081 3494/8217/6111
s 7
f 3479/8266/6093 3462/8209/6082 3478/8213/6112
s 10
f 3479/8238/6113 3480/8239/6094 3463/8242/6083
f 3480/8239/6094 3495/8240/6114 3472/8243/6084
f 3465/8247/6074 3482/8244/6096 3481/8248/6095
f 3472/8243/6084 3495/8240/6114 3482/8244/6096
f 3481/8248/6095 3496/8249/6115 3473/8252/6085
f 3473/8252/6085 3496/8249/6115 3484/8253/6098
f 3467/8256/6087 3484/8253/6098 3483/8257/6116
f 3497/8329/6117 3498/8328/6118 3483/8257/6116
s 9
f 3499/8314/6119 3474/8261/6099 3498/8315/6120
f 3498/8315/6120 3474/8261/6099 3483/8257/6097
s 10
usemtl shatterInteriorSG1
f 3501/8295/6121 3500/8414/6122 3489/8296/6123
f 3500/8414/6122 3486/8413/6124 3489/8296/6123
s 8
usemtl initialShadingGroup
f 3470/8211/6080 3485/8208/6100 3492/8212/6109
s 14
usemtl shatterInteriorSG1
f 3490/8437/6106 3502/8436/6125 3491/8343/6108
f 3502/8436/6125 3503/8342/6126 3491/8343/6108
s 9
usemtl initialShadingGroup
f 3474/8261/6099 3499/8330/6119 3504/8356/6127
f 3504/8356/6127 3499/8330/6119 3503/8357/6128
f 3503/8357/6128 3499/8330/6119 3491/8358/6129
f 3491/8358/6129 3499/8330/6119 3488/8355/6104
f 3499/8330/6119 3501/8332/6130 3488/8355/6104
f 3501/8332/6130 3489/8331/6103 3488/8355/6104
s 8
f 3504/8363/6131 3505/8362/6132 3474/8200/6088
f 3474/8200/6088 3505/8362/6132 3475/8204/6089
f 3505/8369/6132 3506/8368/6133 3475/8204/6089
f 3506/8378/6133 3507/8377/6134 3475/8204/6089
f 3475/8204/6089 3507/8377/6134 3485/8208/6100
s 18
usemtl shatterInteriorSG1
f 3509/8392/6135 3502/8398/6136 3508/8393/6137
f 3502/8398/6136 3490/8397/6138 3508/8393/6137
f 3508/8393/6137 3490/8397/6138 3500/8394/6139
f 3486/8395/6140 3500/8394/6139 3487/8396/6141
f 3490/8397/6138 3487/8396/6141 3500/8394/6139
s 8
usemtl initialShadingGroup
f 3476/8215/6090 3492/8212/6109 3510/8216/6142
f 3476/8215/6090 3510/8216/6142 3493/8219/6110
f 3477/8218/6091 3493/8219/6110 3511/8222/6143
f 3512/8221/6144 3477/8218/6091 3511/8222/6143
f 3494/8217/6111 3477/8218/6091 3512/8221/6144
s 7
f 3513/8267/6145 3478/8213/6112 3494/8217/6146
f 3479/8266/6093 3478/8213/6112 3513/8267/6145
s 10
f 3479/8238/6113 3514/8235/6147 3480/8239/6094
f 3480/8239/6094 3515/8236/6148 3495/8240/6114
f 3482/8244/6096 3516/8245/6149 3481/8248/6095
f 3495/8240/6114 3517/8241/6150 3482/8244/6096
f 3481/8248/6095 3516/8245/6149 3496/8249/6115
f 3518/8325/6151 3519/8324/6152 3496/8249/6115
f 3519/8310/6152 3520/8309/6153 3496/8249/6115
f 3496/8249/6115 3520/8309/6153 3484/8253/6098
f 3520/8327/6153 3521/8326/6154 3484/8253/6098
f 3483/8257/6116 3484/8253/6098 3497/8312/6117
f 3497/8312/6117 3484/8253/6098 3522/8313/6155
f 3522/8313/6155 3484/8253/6098 3521/8311/6154
usemtl shatterInteriorSG1
f 3501/8290/6121 3499/8294/6156 3500/8417/6122
f 3523/8419/6157 3508/8418/6158 3522/8291/6155
f 3508/8418/6158 3500/8417/6122 3522/8291/6155
f 3522/8291/6155 3500/8417/6122 3497/8292/6117
f 3500/8417/6122 3499/8294/6156 3497/8292/6117
f 3499/8294/6156 3498/8293/6118 3497/8292/6117
s 8
usemtl initialShadingGroup
f 3507/8372/6134 3524/8374/6159 3485/8208/6100
f 3524/8374/6159 3525/8373/6160 3485/8208/6100
f 3525/8376/6160 3526/8375/6161 3485/8208/6100
f 3485/8208/6100 3526/8375/6161 3492/8212/6109
s 14
usemtl shatterInteriorSG1
f 3504/8347/6162 3503/8346/6126 3505/8348/6163
f 3503/8346/6126 3502/8435/6125 3505/8348/6163
f 3505/8348/6163 3502/8435/6125 3506/8349/6164
f 3506/8349/6164 3502/8435/6125 3507/8344/6165
f 3502/8435/6125 3509/8434/6166 3507/8344/6165
f 3509/8434/6166 3527/8433/6167 3507/8344/6165
f 3507/8344/6165 3527/8433/6167 3524/8345/6168
f 3527/8433/6167 3528/8432/6169 3524/8345/6168
s 18
f 3508/8402/6137 3523/8401/6170 3509/8403/6135
f 3523/8401/6170 3529/8400/6171 3509/8403/6135
f 3509/8403/6135 3529/8400/6171 3527/8399/6172
s 8
usemtl initialShadingGroup
f 3531/8366/6173 3492/8212/6109 3530/8367/6174
f 3530/8367/6174 3492/8212/6109 3526/8365/6161
f 3531/8371/6173 3532/8370/6175 3492/8212/6109
f 3492/8212/6109 3532/8370/6175 3510/8216/6142
f 3532/8359/6175 3533/8361/6176 3510/8216/6142
f 3533/8361/6176 3534/8360/6177 3510/8216/6142
f 3493/8219/6110 3510/8216/6142 3535/8220/6178
f 3511/8222/6143 3493/8219/6110 3536/8223/6179
f 3537/8224/6180 3511/8222/6143 3538/8225/6181
f 3512/8221/6144 3511/8222/6143 3537/8224/6180
s 7
f 3539/8268/6182 3494/8217/6146 3512/8221/6183
f 3513/8267/6145 3494/8217/6146 3539/8268/6182
s 10
f 3513/8234/6184 3514/8235/6147 3479/8238/6113
f 3514/8235/6147 3515/8236/6148 3480/8239/6094
f 3515/8236/6148 3540/8237/6185 3495/8240/6114
f 3495/8240/6114 3540/8237/6185 3517/8241/6150
f 3482/8244/6096 3517/8241/6150 3516/8245/6149
f 3541/8323/6186 3542/8322/6187 3516/8245/6149
f 3516/8245/6149 3542/8306/6187 3496/8249/6115
f 3518/8307/6151 3496/8249/6115 3543/8308/6188
f 3543/8308/6188 3496/8249/6115 3542/8306/6187
usemtl shatterInteriorSG1
f 3544/8422/6189 3529/8421/6190 3543/8285/6188
f 3543/8285/6188 3529/8421/6190 3518/8286/6151
f 3518/8286/6151 3529/8421/6190 3519/8287/6152
f 3519/8287/6152 3529/8421/6190 3520/8288/6153
f 3529/8421/6190 3523/8420/6157 3520/8288/6153
f 3522/8284/6155 3521/8289/6154 3523/8420/6157
f 3523/8420/6157 3521/8289/6154 3520/8288/6153
s 14
f 3530/8351/6191 3526/8350/6192 3546/8430/6193
f 3524/8352/6168 3528/8429/6169 3525/8353/6194
f 3528/8429/6169 3545/8431/6195 3525/8353/6194
f 3545/8431/6195 3546/8430/6193 3525/8353/6194
f 3546/8430/6193 3526/8350/6192 3525/8353/6194
s 18
f 3547/8406/6196 3545/8405/6197 3544/8407/6198
f 3527/8409/6172 3529/8408/6171 3528/8404/6199
f 3528/8404/6199 3529/8408/6171 3545/8405/6197
f 3529/8408/6171 3544/8407/6198 3545/8405/6197
s 14
f 3546/8442/6193 3548/8441/6200 3530/8339/6191
f 3530/8339/6191 3548/8441/6200 3531/8336/6201
f 3531/8336/6201 3548/8441/6200 3532/8337/6202
f 3549/8440/6203 3533/8338/6204 3548/8441/6200
f 3548/8441/6200 3533/8338/6204 3532/8337/6202
f 3550/8443/6205 3534/8334/6206 3549/8444/6203
f 3549/8444/6203 3534/8334/6206 3533/8335/6204
s 8
usemtl initialShadingGroup
f 3535/8220/6178 3510/8216/6142 3551/8410/6207
f 3551/8410/6207 3510/8216/6142 3550/8411/6208
f 3550/8411/6208 3510/8216/6142 3534/8364/6177
f 3493/8219/6110 3535/8220/6178 3536/8223/6179
f 3511/8222/6143 3536/8223/6179 3538/8225/6181
f 3537/8224/6180 3538/8225/6181 3552/8226/6209
s 7
f 3553/8269/6210 3512/8221/6183 3537/8224/6211
f 3539/8268/6182 3512/8221/6183 3553/8269/6210
s 10
f 3539/8230/6212 3554/8231/6213 3513/8234/6184
f 3513/8234/6184 3554/8231/6213 3514/8235/6147
f 3514/8235/6147 3555/8232/6214 3515/8236/6148
f 3515/8236/6148 3556/8233/6215 3540/8237/6185
f 3557/8319/6216 3558/8318/6217 3540/8237/6185
f 3558/8302/6217 3559/8301/6218 3540/8237/6185
f 3540/8237/6185 3559/8301/6218 3517/8241/6150
f 3559/8321/6218 3560/8320/6219 3517/8241/6150
f 3516/8245/6149 3517/8241/6150 3541/8304/6186
f 3541/8304/6186 3517/8241/6150 3561/8305/6220
f 3561/8305/6220 3517/8241/6150 3560/8303/6219
usemtl shatterInteriorSG1
f 3562/8425/6221 3547/8424/6222 3561/8281/6220
f 3547/8424/6222 3544/8423/6189 3561/8281/6220
f 3543/8280/6188 3542/8283/6187 3544/8423/6189
f 3561/8281/6220 3544/8423/6189 3541/8282/6186
f 3544/8423/6189 3542/8283/6187 3541/8282/6186
s 18
f 3545/8391/6197 3547/8390/6196 3546/8386/6223
f 3563/8388/6224 3548/8387/6225 3562/8389/6226
f 3562/8389/6226 3548/8387/6225 3547/8390/6196
f 3547/8390/6196 3548/8387/6225 3546/8386/6223
f 3548/8381/6225 3563/8380/6224 3549/8382/6227
f 3549/8382/6227 3563/8380/6224 3550/8383/6228
f 3563/8380/6224 3566/8385/6229 3550/8383/6228
f 3550/8383/6228 3566/8385/6229 3551/8384/6230
f 3551/8384/6230 3566/8385/6229 3565/8486/6231
f 3564/8487/6232 3565/8486/6231 3566/8385/6229
s 8
usemtl initialShadingGroup
f 3565/8489/6233 3567/8488/6234 3551/8412/6207
f 3551/8412/6207 3567/8488/6234 3535/8220/6178
f 3567/8491/6234 3568/8490/6235 3535/8220/6178
f 3536/8223/6179 3535/8220/6178 3570/8492/6236
f 3570/8492/6236 3535/8220/6178 3569/8493/6237
f 3568/8494/6235 3569/8493/6237 3535/8220/6178
f 3572/8468/6238 3536/8223/6179 3571/8469/6239
f 3570/8470/6236 3571/8469/6239 3536/8223/6179
f 3572/8472/6238 3573/8471/6240 3536/8223/6179
f 3536/8223/6179 3573/8471/6240 3538/8225/6181
f 3573/8474/6240 3574/8473/6241 3538/8225/6181
s 1
usemtl shatterInteriorSG1
f 3569/8461/6242 3575/8445/6243 3570/8459/6244
f 3570/8459/6244 3575/8445/6243 3571/8460/6245
s 8
usemtl initialShadingGroup
f 3552/8226/6209 3538/8225/6181 3577/8475/6246
f 3577/8475/6246 3538/8225/6181 3576/8476/6247
f 3574/8477/6241 3576/8476/6247 3538/8225/6181
s 7
f 3578/8270/6248 3537/8224/6211 3552/8226/6249
f 3553/8269/6210 3537/8224/6211 3578/8270/6248
s 10
f 3553/8228/6250 3579/8229/6251 3539/8230/6212
f 3539/8230/6212 3579/8229/6251 3554/8231/6213
f 3554/8231/6213 3555/8232/6214 3514/8235/6147
f 3555/8232/6214 3556/8233/6215 3515/8236/6148
f 3580/8317/6252 3581/8316/6253 3556/8233/6215
f 3556/8233/6215 3581/8298/6253 3540/8237/6185
f 3581/8298/6253 3582/8300/6254 3540/8237/6185
f 3582/8300/6254 3557/8299/6216 3540/8237/6185
usemtl shatterInteriorSG1
f 3583/8482/6255 3584/8481/6256 3582/8275/6254
f 3584/8481/6256 3566/8428/6257 3582/8275/6254
f 3582/8275/6254 3566/8428/6257 3557/8276/6216
f 3557/8276/6216 3566/8428/6257 3558/8277/6217
f 3558/8277/6217 3566/8428/6257 3559/8278/6218
f 3559/8278/6218 3566/8428/6257 3560/8279/6219
f 3560/8279/6219 3566/8428/6257 3561/8274/6220
f 3566/8428/6257 3563/8427/6258 3561/8274/6220
f 3563/8427/6258 3562/8426/6221 3561/8274/6220
s 18
f 3584/8485/6259 3585/8484/6260 3566/8379/6229
f 3566/8379/6229 3585/8484/6260 3564/8483/6232
s 1
f 3575/8445/6243 3569/8465/6242 3585/8466/6261
f 3569/8465/6242 3568/8464/6262 3585/8466/6261
f 3568/8464/6262 3567/8463/6263 3585/8466/6261
f 3565/8462/6264 3564/8467/6265 3567/8463/6263
f 3564/8467/6265 3585/8466/6261 3567/8463/6263
f 3575/8445/6243 3586/8446/6266 3571/8458/6245
f 3571/8458/6245 3586/8446/6266 3572/8454/6267
f 3572/8454/6267 3586/8446/6266 3573/8455/6268
f 3573/8455/6268 3586/8446/6266 3574/8456/6269
f 3586/8446/6266 3576/8457/6270 3574/8456/6269
f 3576/8453/6270 3586/8446/6266 3577/8451/6271
f 3577/8451/6271 3586/8446/6266 3587/8452/6272
s 8
usemtl initialShadingGroup
f 3577/8479/6246 3587/8478/6273 3552/8226/6209
f 3446/8541/6274 3552/8226/6209 3447/8542/6275
f 3447/8542/6275 3552/8226/6209 3587/8478/6273
s 7
f 3446/8544/6276 3445/8543/6277 3552/8226/6249
f 3444/8545/6278 3578/8270/6248 3445/8546/6277
f 3445/8546/6277 3578/8270/6248 3552/8226/6249
s 10
f 3442/8547/6279 3578/8227/6280 3440/8548/6281
f 3444/8549/6282 3440/8548/6281 3578/8227/6280
f 3442/8551/6279 3441/8550/6283 3578/8227/6280
f 3439/8553/6284 3553/8228/6250 3437/8554/6285
f 3437/8554/6285 3553/8228/6250 3441/8552/6283
f 3553/8228/6250 3578/8227/6280 3441/8552/6283
f 3438/8555/6286 3579/8229/6251 3439/8556/6284
f 3439/8556/6284 3579/8229/6251 3553/8228/6250
f 3438/8559/6286 3435/8558/6287 3579/8229/6251
f 3579/8229/6251 3435/8558/6287 3436/8557/6288
f 3429/8560/6289 3579/8229/6251 3430/8561/6290
f 3436/8562/6288 3430/8561/6290 3579/8229/6251
f 3434/8563/6291 3554/8231/6213 3429/8564/6289
f 3429/8564/6289 3554/8231/6213 3579/8229/6251
f 3433/8565/6292 3555/8232/6214 3434/8566/6291
f 3434/8566/6291 3555/8232/6214 3554/8231/6213
f 3433/8569/6292 3426/8568/6293 3555/8232/6214
f 3426/8568/6293 3428/8567/6294 3555/8232/6214
f 3556/8233/6215 3555/8232/6214 3425/8570/6295
f 3425/8570/6295 3555/8232/6214 3420/8571/6296
f 3428/8572/6294 3420/8571/6296 3555/8232/6214
f 3424/8573/6297 3580/8297/6252 3425/8574/6295
f 3425/8574/6295 3580/8297/6252 3556/8233/6215
usemtl shatterInteriorSG1
f 3424/8576/6297 3423/8575/6298 3580/8272/6252
f 3583/8480/6255 3582/8271/6254 3423/8575/6298
f 3580/8272/6252 3423/8575/6298 3581/8273/6253
f 3423/8575/6298 3582/8271/6254 3581/8273/6253
s 1
f 3585/8449/6261 3584/8448/6299 3575/8445/6243
f 3584/8448/6299 3583/8447/6300 3575/8445/6243
f 3583/8447/6300 3423/8578/6024 3575/8445/6243
f 3423/8578/6024 3422/8577/6023 3575/8445/6243
f 3422/8582/6023 3421/8581/6021 3575/8445/6243
f 3421/8581/6021 3427/8580/6027 3575/8445/6243
f 3427/8580/6027 3432/8579/6033 3575/8445/6243
f 3586/8446/6266 3575/8445/6243 3450/8585/6050
f 3450/8585/6050 3575/8445/6243 3419/8586/6019
f 3419/8586/6019 3575/8445/6243 3417/8587/6017
f 3417/8587/6017 3575/8445/6243 3431/8583/6030
f 3575/8445/6243 3432/8584/6033 3431/8583/6030
f 3450/8589/6050 3449/8588/6049 3586/8446/6266
f 3449/8591/6049 3448/8590/6048 3586/8446/6266
f 3586/8446/6266 3448/8594/6048 3587/8450/6272
f 3447/8592/6045 3587/8450/6272 3443/8593/6043
f 3448/8594/6048 3443/8593/6043 3587/8450/6272
g default
v 4.109665 2.689144 -0.500000
v 4.153313 2.731645 -0.500000
v 4.335724 2.873744 -0.413507
v 4.045006 2.626184 -0.500000
v 4.293934 2.868565 -0.500000
v 4.340656 2.877945 -0.412039
v 4.349094 2.922278 -0.500000
v 4.341358 2.878544 -0.411830
v 4.661545 3.226509 -0.500000
v 4.983017 3.539528 -0.500000
v 5.106861 3.660116 -0.500000
v 5.306171 3.700131 -0.124782
v 5.213867 3.621530 -0.152244
v 4.702271 3.185880 -0.304452
v 4.418571 2.944296 -0.388857
v 4.411915 2.983447 -0.500000
v 5.480934 4.024350 -0.500000
v 5.444393 3.817835 -0.083658
v 5.213421 3.763875 -0.500000
v 5.392334 3.938082 -0.500000
v 5.919792 4.451669 -0.500000
v 5.954979 4.458733 -0.433755
v 5.909760 4.217614 0.046279
v 5.908978 4.213452 0.054563
v 5.765301 4.301240 -0.500000
v 5.957561 4.472505 -0.461173
v 5.961220 4.492008 -0.500000
v 4.585014 4.144938 -0.500000
v 4.624016 4.112476 -0.478433
v 4.614315 4.227341 -0.500000
v 4.695942 4.456914 -0.500000
v 4.831657 4.838605 -0.500000
v 5.392334 4.838605 -0.500000
v 4.952442 5.178299 -0.500000
v 5.022724 5.375971 -0.500000
v 5.392334 5.375971 -0.500000
v 4.933258 5.124352 -0.500000
v 5.237808 5.980881 -0.500000
v 5.213791 5.913336 -0.500000
v 5.170574 5.791789 -0.500000
v 5.120827 5.651870 -0.500000
v 5.348888 5.688365 -0.408217
v 5.270626 5.913336 -0.500000
v 5.296223 5.860657 -0.500000
v 5.392334 5.662847 -0.500000
v 4.640591 4.301240 -0.500000
v 5.392334 4.301240 -0.500000
v 4.221313 3.122041 -0.500000
v 4.258457 3.226509 -0.500000
v 4.411915 3.226509 -0.500000
v 4.411915 3.658103 -0.500000
v 4.458630 3.789477 -0.500000
v 4.570427 4.103901 -0.500000
v 5.815311 4.460114 -0.022831
v 5.871517 4.312098 0.023611
v 5.608994 5.003422 -0.193304
v 5.404675 5.541462 -0.362124
v 5.466625 5.509949 -0.500000
v 5.502411 5.436301 -0.500000
v 5.531723 5.375971 -0.500000
v 5.708595 5.011944 -0.500000
v 5.792816 4.838605 -0.500000
v 5.914780 4.587587 -0.500000
v 4.449524 3.763875 -0.500000
v 4.067390 2.689144 -0.500000
v 4.217594 3.111576 -0.500000
v 5.906834 4.219102 0.052791
vt 0.591667 0.583333
vt 0.591667 0.600000
vt 0.591667 0.616667
vt 0.575000 0.650000
vt 0.512099 0.500000
vt 0.509363 0.507116
vt 0.509720 0.506187
vt 0.511062 0.502697
vt 0.512099 0.500000
vt 0.512599 0.498701
vt 0.513008 0.497637
vt 0.515477 0.491215
vt 0.516653 0.488157
vt 0.518356 0.483729
vt 0.589598 0.566667
vt 0.590033 0.568300
vt 0.589598 0.566667
vt 0.591667 0.574436
vt 0.590033 0.568300
vt 0.591667 0.574436
vt 0.593538 0.581462
vt 0.592930 0.579178
vt 0.594036 0.583333
vt 0.593538 0.581462
vt 0.597043 0.594624
vt 0.594036 0.583333
vt 0.598475 0.600000
vt 0.597043 0.594624
vt 0.600548 0.607785
vt 0.598475 0.600000
vt 0.600548 0.607785
vt 0.500000 0.475000
vt 0.525000 0.490682
vt 0.525000 0.486457
vt 0.527260 0.487582
vt 0.529223 0.488560
vt 0.530314 0.489103
vt 0.501994 0.475000
vt 0.500663 0.474337
vt 0.500663 0.474337
vt 0.500000 0.474007
vt 0.500000 0.474007
vt 0.483974 0.466026
vt 0.484143 0.466110
vt 0.485830 0.466951
vt 0.492800 0.470422
vt 0.494509 0.471273
vt 0.494922 0.471478
vt 0.483974 0.466026
vt 0.477151 0.462629
vt 0.498311 0.498612
vt 0.500000 0.498110
vt 0.500000 0.498110
vt 0.501994 0.475000
vt 0.503187 0.475594
vt 0.505701 0.476846
vt 0.511866 0.479916
vt 0.516480 0.482214
vt 0.517352 0.482648
vt 0.502689 0.497311
vt 0.502689 0.497311
vt 0.517352 0.482648
vt 0.520544 0.484238
vt 0.525000 0.486457
vt 0.525000 0.490682
vt 0.522332 0.491475
vt 0.512558 0.494379
vt 0.511189 0.475000
vt 0.569143 0.666667
vt 0.569143 0.666667
vt 0.571760 0.653240
vt 0.571697 0.653565
vt 0.572391 0.650000
vt 0.571760 0.653240
vt 0.575000 0.636614
vt 0.572391 0.650000
vt 0.575639 0.633333
vt 0.575000 0.636614
vt 0.575794 0.632539
vt 0.575639 0.633333
vt 0.577943 0.621514
vt 0.577695 0.622787
vt 0.575794 0.632539
vt 0.578887 0.616667
vt 0.578441 0.618959
vt 0.579828 0.611838
vt 0.578887 0.616667
vt 0.582135 0.600000
vt 0.579828 0.611838
vt 0.583863 0.591137
vt 0.582135 0.600000
vt 0.583863 0.591137
vt 0.585384 0.583333
vt 0.584189 0.589464
vt 0.585384 0.583333
vt 0.587897 0.570436
vt 0.587051 0.574776
vt 0.588632 0.566667
vt 0.587897 0.570436
vt 0.589040 0.564572
vt 0.588632 0.566667
vt 0.508905 0.508307
vt 0.509474 0.500000
vt 0.509284 0.502777
vt 0.510172 0.489828
vt 0.509474 0.500000
vt 0.510172 0.489828
vt 0.511189 0.475000
vt 0.511068 0.476758
vt 0.510876 0.479556
vt 0.468283 0.499061
vt 0.474872 0.500000
vt 0.470676 0.500000
vt 0.469711 0.499622
vt 0.474984 0.500016
vt 0.473782 0.501218
vt 0.470676 0.500000
vt 0.474872 0.500000
vt 0.475000 0.500018
vt 0.475000 0.501696
vt 0.473782 0.501218
vt 0.474984 0.500016
vt 0.476388 0.502241
vt 0.475000 0.501696
vt 0.475000 0.500018
vt 0.476750 0.500267
vt 0.483180 0.501183
vt 0.494775 0.502835
vt 0.496867 0.503133
vt 0.491738 0.508263
vt 0.489002 0.507189
vt 0.481901 0.504404
vt 0.498043 0.510736
vt 0.494091 0.509186
vt 0.491738 0.508262
vt 0.496867 0.503133
vt 0.500000 0.503579
vt 0.500000 0.511504
vt 0.506281 0.513968
vt 0.500000 0.511504
vt 0.500000 0.503579
vt 0.510530 0.505079
vt 0.510531 0.505237
vt 0.510599 0.514401
vt 0.509694 0.515306
vt 0.510609 0.515666
vt 0.509694 0.515307
vt 0.510599 0.514401
vt 0.510603 0.514924
vt 0.588625 0.633333
vt 0.591667 0.627930
vt 0.584709 0.640291
vt 0.586814 0.636551
vt 0.588625 0.633333
vt 0.579244 0.650000
vt 0.584708 0.640291
vt 0.575000 0.657539
vt 0.579244 0.650000
vt 0.575000 0.657539
vt 0.569862 0.666667
vt 0.570604 0.665348
vt 0.572994 0.661102
vt 0.573932 0.659436
vt 0.568763 0.668619
vt 0.569862 0.666667
vt 0.479577 0.467818
vt 0.476135 0.462122
vt 0.480558 0.469442
vt 0.479644 0.467929
vt 0.479636 0.467915
vt 0.483918 0.475000
vt 0.480558 0.469441
vt 0.489976 0.485024
vt 0.483918 0.475000
vt 0.489976 0.485024
vt 0.498208 0.498643
vt 0.492706 0.489540
vt 0.491069 0.486832
vt 0.511313 0.475000
vt 0.511196 0.474893
vt 0.511313 0.475000
vt 0.518458 0.481542
vt 0.518072 0.481189
vt 0.519004 0.482043
vt 0.518458 0.481542
vt 0.598007 0.616667
vt 0.600633 0.612001
vt 0.601337 0.610750
vt 0.591667 0.627930
vt 0.593173 0.625254
vt 0.598007 0.616667
vn 0.669264 -0.687319 -0.282273
vn 0.669264 -0.687320 -0.282271
vn 0.669265 -0.687344 -0.282211
vn 0.669264 -0.687338 -0.282226
vn 0.669301 -0.687310 -0.282209
vn 0.669266 -0.687344 -0.282206
vn 0.669282 -0.687329 -0.282206
vn 0.669275 -0.687335 -0.282208
vn 0.669270 -0.687342 -0.282203
vn 0.669266 -0.687346 -0.282203
vn 0.669268 -0.687344 -0.282202
vn 0.669269 -0.687345 -0.282199
vn 0.669274 -0.687343 -0.282192
vn 0.669269 -0.687346 -0.282198
vn 0.669267 -0.687346 -0.282202
vn 0.669265 -0.687346 -0.282206
vn 0.669269 -0.687342 -0.282205
vn 0.669268 -0.687345 -0.282201
vn 0.669269 -0.687345 -0.282199
vn 0.669264 -0.687347 -0.282204
vn 0.669269 -0.687345 -0.282200
vn 0.669270 -0.687342 -0.282202
vn 0.669257 -0.687354 -0.282206
vn 0.669272 -0.687344 -0.282195
vn 0.669270 -0.687343 -0.282202
vn 0.669283 -0.687336 -0.282188
vn 0.669277 -0.687341 -0.282189
vn -0.388707 0.138206 0.910937
vn -0.388713 0.138212 0.910933
vn -0.388712 0.138212 0.910934
vn 0.000000 0.000000 -1.000000
vn 0.000000 0.000000 -1.000000
vn 0.000000 0.000000 -1.000000
vn 0.000000 0.000000 -1.000000
vn 0.000000 0.000000 -1.000000
vn 0.000000 0.000000 -1.000000
vn 0.000000 0.000000 -1.000000
vn -0.388706 0.138214 0.910936
vn -0.388710 0.138212 0.910935
vn -0.388717 0.138207 0.910932
vn -0.388717 0.138208 0.910932
vn -0.388714 0.138214 0.910932
vn 0.000000 0.000000 -1.000000
vn 0.000000 0.000000 -1.000000
vn 0.000000 0.000000 -1.000000
vn 0.000000 0.000000 -1.000000
vn 0.000000 0.000000 -1.000000
vn 0.000000 0.000000 -1.000000
vn 0.000000 0.000000 -1.000000
vn 0.000000 0.000000 -1.000000
vn 0.000000 0.000000 -1.000000
vn 0.000000 0.000000 -1.000000
vn 0.000000 0.000000 -1.000000
vn 0.000000 0.000000 -1.000000
vn 0.000000 0.000000 -1.000000
vn 0.000000 0.000000 -1.000000
vn 0.000000 0.000000 -1.000000
vn 0.000000 0.000000 -1.000000
vn 0.000000 0.000000 -1.000000
vn -0.388721 0.138211 0.910930
vn -0.388711 0.138213 0.910934
vn -0.388710 0.138215 0.910934
vn -0.388711 0.138212 0.910934
vn -0.388712 0.138212 0.910934
vn -0.388711 0.138211 0.910934
vn -0.388711 0.138208 0.910935
vn -0.388711 0.138211 0.910935
vn -0.388712 0.138211 0.910934
vn -0.388713 0.138211 0.910934
vn -0.388711 0.138209 0.910935
vn 0.860515 0.418098 0.291047
vn 0.860503 0.418102 0.291075
vn 0.860512 0.418099 0.291053
vn 0.860496 0.418105 0.291093
vn 0.860502 0.418103 0.291077
vn 0.860499 0.418105 0.291082
vn 0.860501 0.418104 0.291080
vn 0.000000 0.000000 -1.000000
vn 0.000000 0.000000 -1.000000
vn 0.000000 0.000000 -1.000000
vn 0.000000 0.000000 -1.000000
vn 0.000000 0.000000 -1.000000
vn 0.000000 0.000000 -1.000000
vn 0.000000 0.000000 -1.000000
vn 0.000000 0.000000 -1.000000
vn 0.000000 0.000000 -1.000000
vn 0.000000 0.000000 -1.000000
vn 0.000000 0.000000 -1.000000
vn 0.000000 0.000000 -1.000000
vn 0.000000 0.000000 -1.000000
vn 0.000000 0.000000 -1.000000
vn 0.000000 0.000000 -1.000000
vn 0.000000 0.000000 -1.000000
vn 0.000000 0.000000 -1.000000
vn 0.000000 0.000000 -1.000000
vn 0.000000 0.000000 -1.000000
vn 0.000000 0.000000 -1.000000
vn -0.388699 0.138197 0.910942
vn -0.388710 0.138212 0.910934
vn -0.388706 0.138207 0.910937
vn -0.388715 0.138214 0.910932
vn -0.388713 0.138212 0.910934
vn -0.388720 0.138210 0.910931
vn -0.388760 0.138168 0.910920
vn -0.388712 0.138212 0.910934
vn -0.388713 0.138213 0.910933
vn -0.388692 0.138218 0.910941
vn -0.388711 0.138212 0.910934
vn -0.388713 0.138210 0.910934
vn -0.388713 0.138199 0.910936
vn -0.388711 0.138212 0.910934
vn -0.388713 0.138210 0.910934
vn -0.388747 0.138260 0.910912
vn -0.388709 0.138210 0.910935
vn -0.388713 0.138211 0.910934
vn 0.860591 0.417841 0.291192
vn 0.860496 0.418117 0.291077
vn 0.860503 0.418100 0.291078
vn 0.860505 0.418100 0.291072
vn 0.860507 0.418099 0.291070
vn 0.860506 0.418099 0.291074
vn 0.860502 0.418104 0.291075
vn 0.860502 0.418105 0.291074
vn 0.860491 0.418111 0.291098
vn 0.860509 0.418095 0.291068
vn 0.860506 0.418099 0.291073
vn 0.860504 0.418091 0.291090
vn 0.860505 0.418104 0.291068
vn 0.860506 0.418098 0.291073
vn 0.000000 0.000000 -1.000000
vn 0.000000 0.000000 -1.000000
vn 0.000000 0.000000 -1.000000
vn 0.000000 0.000000 -1.000000
s 1
g solidShatter1 shard25
usemtl shatterInteriorSG1
f 3591/8705/6301 3588/8708/6302 3590/8706/6303
f 3588/8708/6302 3589/8707/6304 3590/8706/6303
f 3593/8709/6305 3590/8712/6303 3592/8710/6306
f 3590/8712/6303 3589/8711/6304 3592/8710/6306
f 3595/8713/6307 3593/8716/6305 3594/8714/6308
f 3593/8716/6305 3592/8715/6306 3594/8714/6308
f 3599/8723/6309 3600/8722/6310 3598/8724/6311
f 3600/8722/6310 3601/8721/6312 3598/8724/6311
f 3598/8724/6311 3601/8721/6312 3597/8725/6313
f 3597/8725/6313 3601/8721/6312 3596/8726/6314
f 3601/8721/6312 3602/8720/6315 3596/8726/6314
f 3596/8726/6314 3602/8720/6315 3603/8717/6316
f 3603/8717/6316 3602/8720/6315 3594/8718/6308
f 3602/8720/6315 3595/8719/6307 3594/8718/6308
f 3598/8729/6311 3606/8728/6317 3599/8730/6309
f 3604/8732/6318 3605/8731/6319 3607/8727/6320
f 3605/8731/6319 3599/8730/6309 3607/8727/6320
f 3599/8730/6309 3606/8728/6317 3607/8727/6320
f 3605/8735/6319 3604/8734/6318 3611/8736/6321
f 3604/8734/6318 3612/8733/6322 3611/8736/6321
f 3611/8736/6321 3612/8733/6322 3610/8737/6323
f 3608/8739/6324 3609/8738/6325 3612/8733/6322
f 3609/8738/6325 3610/8737/6323 3612/8733/6322
f 3609/8742/6325 3608/8741/6324 3613/8743/6326
f 3613/8743/6326 3608/8741/6324 3614/8740/6327
s 5
f 3615/8633/6328 3616/8626/6329 3617/8632/6330
s 6
usemtl initialShadingGroup
f 3618/8683/6331 3619/8682/6332 3620/8596/6333
f 3624/8686/6334 3621/8688/6335 3623/8595/6336
f 3621/8688/6335 3622/8687/6337 3623/8595/6336
s 5
usemtl shatterInteriorSG1
f 3625/8631/6338 3626/8630/6339 3629/8627/6340
f 3626/8630/6339 3627/8629/6341 3629/8627/6340
f 3627/8629/6341 3628/8628/6342 3629/8627/6340
s 6
usemtl initialShadingGroup
f 3626/8695/6343 3625/8694/6344 3630/8609/6345
f 3627/8693/6346 3626/8692/6343 3631/8610/6347
f 3631/8610/6347 3626/8692/6343 3630/8611/6345
f 3622/8689/6337 3628/8691/6348 3623/8595/6336
f 3623/8595/6336 3628/8691/6348 3632/8612/6349
f 3628/8691/6348 3627/8690/6346 3632/8612/6349
f 3627/8690/6346 3631/8613/6347 3632/8612/6349
f 3619/8685/6332 3624/8684/6334 3620/8596/6333
f 3620/8596/6333 3624/8684/6334 3623/8595/6336
f 3633/8681/6350 3618/8680/6331 3634/8597/6351
f 3634/8597/6351 3618/8680/6331 3620/8596/6333
f 3635/8668/6352 3636/8667/6353 3637/8598/6354
f 3636/8670/6353 3638/8669/6355 3637/8598/6354
f 3639/8677/6356 3640/8676/6357 3634/8597/6351
f 3640/8676/6357 3615/8675/6358 3634/8597/6351
f 3615/8675/6358 3617/8679/6359 3634/8597/6351
f 3617/8679/6359 3633/8678/6350 3634/8597/6351
s 5
usemtl shatterInteriorSG1
f 3640/8635/6360 3616/8626/6329 3615/8634/6328
f 3621/8653/6361 3624/8652/6362 3641/8654/6363
f 3642/8647/6364 3641/8654/6363 3616/8626/6329
f 3624/8652/6362 3619/8651/6365 3641/8654/6363
f 3616/8626/6329 3641/8654/6363 3617/8648/6330
f 3617/8648/6330 3641/8654/6363 3633/8649/6366
f 3633/8649/6366 3641/8654/6363 3618/8650/6367
f 3641/8654/6363 3619/8651/6365 3618/8650/6367
f 3641/8655/6363 3643/8661/6368 3621/8656/6361
f 3643/8661/6368 3644/8660/6369 3621/8656/6361
f 3621/8656/6361 3644/8660/6369 3622/8657/6370
f 3622/8657/6370 3644/8660/6369 3628/8658/6342
f 3644/8660/6369 3629/8659/6340 3628/8658/6342
s 13
f 3625/8696/6371 3629/8698/6372 3630/8600/6373
f 3630/8600/6373 3629/8698/6372 3631/8601/6374
f 3631/8601/6374 3629/8698/6372 3632/8602/6375
f 3645/8599/6376 3632/8602/6375 3644/8697/6377
f 3629/8698/6372 3644/8697/6377 3632/8602/6375
s 6
usemtl initialShadingGroup
f 3646/8615/6378 3623/8595/6336 3645/8616/6379
f 3645/8616/6379 3623/8595/6336 3632/8614/6349
f 3646/8618/6378 3647/8617/6380 3623/8595/6336
f 3647/8620/6380 3648/8619/6381 3623/8595/6336
f 3623/8595/6336 3648/8619/6381 3620/8596/6333
f 3648/8622/6381 3649/8621/6382 3620/8596/6333
f 3649/8624/6382 3650/8623/6383 3620/8596/6333
f 3620/8596/6333 3650/8623/6383 3634/8597/6351
f 3634/8597/6351 3607/8745/6384 3639/8673/6356
f 3651/8674/6385 3639/8673/6356 3606/8744/6386
f 3607/8745/6384 3606/8744/6386 3639/8673/6356
f 3606/8748/6386 3598/8747/6387 3651/8671/6385
f 3598/8747/6387 3597/8746/6388 3651/8671/6385
f 3637/8598/6354 3638/8672/6355 3597/8746/6388
f 3597/8746/6388 3638/8672/6355 3651/8671/6385
f 3597/8750/6388 3596/8749/6389 3637/8598/6354
f 3596/8752/6389 3603/8751/6390 3637/8598/6354
f 3637/8598/6354 3603/8753/6390 3635/8665/6352
f 3652/8664/6391 3653/8666/6392 3588/8754/6393
f 3588/8754/6393 3653/8666/6392 3589/8755/6394
f 3589/8755/6394 3653/8666/6392 3592/8756/6395
f 3592/8756/6395 3653/8666/6392 3594/8757/6396
f 3635/8665/6352 3603/8753/6390 3653/8666/6392
f 3594/8757/6396 3653/8666/6392 3603/8753/6390
f 3588/8759/6393 3591/8758/6397 3652/8663/6391
s 5
usemtl shatterInteriorSG1
f 3591/8761/6398 3590/8760/6399 3652/8644/6400
f 3602/8762/6401 3653/8643/6402 3595/8763/6403
f 3595/8763/6403 3653/8643/6402 3593/8764/6404
f 3593/8764/6404 3653/8643/6402 3590/8760/6399
f 3653/8643/6402 3652/8644/6400 3590/8760/6399
f 3616/8626/6329 3640/8636/6360 3601/8765/6405
f 3640/8636/6360 3639/8642/6406 3601/8765/6405
f 3639/8642/6406 3651/8641/6407 3601/8765/6405
f 3651/8641/6407 3638/8640/6408 3601/8765/6405
f 3638/8640/6408 3636/8639/6409 3601/8765/6405
f 3602/8766/6401 3601/8765/6405 3653/8637/6402
f 3653/8637/6402 3601/8765/6405 3635/8638/6410
f 3601/8765/6405 3636/8639/6409 3635/8638/6410
f 3601/8768/6405 3600/8767/6411 3616/8626/6329
f 3600/8769/6411 3599/8772/6412 3616/8626/6329
f 3611/8770/6413 3654/8645/6414 3605/8771/6415
f 3654/8645/6414 3642/8646/6364 3605/8771/6415
f 3599/8772/6412 3605/8771/6415 3616/8626/6329
f 3605/8771/6415 3642/8646/6364 3616/8626/6329
s 13
f 3611/8774/6416 3610/8773/6417 3654/8662/6418
f 3643/8701/6419 3641/8704/6420 3613/8776/6421
f 3613/8776/6421 3641/8704/6420 3609/8777/6422
f 3654/8702/6418 3610/8775/6417 3642/8703/6423
f 3610/8775/6417 3609/8777/6422 3642/8703/6423
f 3609/8777/6422 3641/8704/6420 3642/8703/6423
f 3644/8700/6377 3643/8699/6419 3645/8603/6376
f 3645/8603/6376 3643/8699/6419 3646/8604/6424
f 3646/8604/6424 3643/8699/6419 3647/8605/6425
f 3647/8605/6425 3643/8699/6419 3648/8606/6426
f 3613/8779/6421 3614/8778/6427 3643/8699/6419
f 3614/8778/6427 3650/8608/6428 3643/8699/6419
f 3650/8608/6428 3649/8607/6429 3643/8699/6419
f 3649/8607/6429 3648/8606/6426 3643/8699/6419
s 6
usemtl initialShadingGroup
f 3650/8625/6383 3614/8782/6430 3634/8597/6351
f 3614/8782/6430 3608/8781/6431 3634/8597/6351
f 3608/8781/6431 3612/8780/6432 3634/8597/6351
f 3612/8785/6432 3604/8784/6433 3634/8597/6351
f 3634/8597/6351 3604/8784/6433 3607/8783/6384
